revision,configuration,rules_version,ai_version,mission_config_version,mission,difficulty,seed,seed_set,step,controller,seat_assignment,resignation_policy,duration_cap,result,terminal_reason,elapsed,units_sent,captures,units_lost
working-tree-v11,before,10,1,1,Home Guard,Easy,0,0-19,0.05,passive,player=0;native_rivals,guarded_player90,47.00,win,6,45.050,0,0,0
working-tree-v11,before,10,1,1,Home Guard,Easy,1,0-19,0.05,passive,player=0;native_rivals,guarded_player90,47.00,win,6,45.050,0,0,0
working-tree-v11,before,10,1,1,Home Guard,Easy,2,0-19,0.05,passive,player=0;native_rivals,guarded_player90,47.00,win,6,45.050,0,0,0
working-tree-v11,before,10,1,1,Home Guard,Easy,3,0-19,0.05,passive,player=0;native_rivals,guarded_player90,47.00,win,6,45.050,0,0,0
working-tree-v11,before,10,1,1,Home Guard,Easy,4,0-19,0.05,passive,player=0;native_rivals,guarded_player90,47.00,win,6,45.050,0,0,0
working-tree-v11,before,10,1,1,Home Guard,Easy,5,0-19,0.05,passive,player=0;native_rivals,guarded_player90,47.00,win,6,45.050,0,0,0
working-tree-v11,before,10,1,1,Home Guard,Easy,6,0-19,0.05,passive,player=0;native_rivals,guarded_player90,47.00,win,6,45.050,0,0,0
working-tree-v11,before,10,1,1,Home Guard,Easy,7,0-19,0.05,passive,player=0;native_rivals,guarded_player90,47.00,win,6,45.050,0,0,0
working-tree-v11,before,10,1,1,Home Guard,Easy,8,0-19,0.05,passive,player=0;native_rivals,guarded_player90,47.00,win,6,45.050,0,0,0
working-tree-v11,before,10,1,1,Home Guard,Easy,9,0-19,0.05,passive,player=0;native_rivals,guarded_player90,47.00,win,6,45.050,0,0,0
working-tree-v11,before,10,1,1,Home Guard,Easy,10,0-19,0.05,passive,player=0;native_rivals,guarded_player90,47.00,win,6,45.050,0,0,0
working-tree-v11,before,10,1,1,Home Guard,Easy,11,0-19,0.05,passive,player=0;native_rivals,guarded_player90,47.00,win,6,45.050,0,0,0
working-tree-v11,before,10,1,1,Home Guard,Easy,12,0-19,0.05,passive,player=0;native_rivals,guarded_player90,47.00,win,6,45.050,0,0,0
working-tree-v11,before,10,1,1,Home Guard,Easy,13,0-19,0.05,passive,player=0;native_rivals,guarded_player90,47.00,win,6,45.050,0,0,0
working-tree-v11,before,10,1,1,Home Guard,Easy,14,0-19,0.05,passive,player=0;native_rivals,guarded_player90,47.00,win,6,45.050,0,0,0
working-tree-v11,before,10,1,1,Home Guard,Easy,15,0-19,0.05,passive,player=0;native_rivals,guarded_player90,47.00,win,6,45.050,0,0,0
working-tree-v11,before,10,1,1,Home Guard,Easy,16,0-19,0.05,passive,player=0;native_rivals,guarded_player90,47.00,win,6,45.050,0,0,0
working-tree-v11,before,10,1,1,Home Guard,Easy,17,0-19,0.05,passive,player=0;native_rivals,guarded_player90,47.00,win,6,45.050,0,0,0
working-tree-v11,before,10,1,1,Home Guard,Easy,18,0-19,0.05,passive,player=0;native_rivals,guarded_player90,47.00,win,6,45.050,0,0,0
working-tree-v11,before,10,1,1,Home Guard,Easy,19,0-19,0.05,passive,player=0;native_rivals,guarded_player90,47.00,win,6,45.050,0,0,0
working-tree-v11,after,11,1,2,Home Guard,Easy,0,0-19,0.05,passive,player=0;native_rivals,guarded_player90,47.00,win,6,45.050,0,0,0
working-tree-v11,after,11,1,2,Home Guard,Easy,1,0-19,0.05,passive,player=0;native_rivals,guarded_player90,47.00,win,6,45.050,0,0,0
working-tree-v11,after,11,1,2,Home Guard,Easy,2,0-19,0.05,passive,player=0;native_rivals,guarded_player90,47.00,win,6,45.050,0,0,0
working-tree-v11,after,11,1,2,Home Guard,Easy,3,0-19,0.05,passive,player=0;native_rivals,guarded_player90,47.00,win,6,45.050,0,0,0
working-tree-v11,after,11,1,2,Home Guard,Easy,4,0-19,0.05,passive,player=0;native_rivals,guarded_player90,47.00,win,6,45.050,0,0,0
working-tree-v11,after,11,1,2,Home Guard,Easy,5,0-19,0.05,passive,player=0;native_rivals,guarded_player90,47.00,win,6,45.050,0,0,0
working-tree-v11,after,11,1,2,Home Guard,Easy,6,0-19,0.05,passive,player=0;native_rivals,guarded_player90,47.00,win,6,45.050,0,0,0
working-tree-v11,after,11,1,2,Home Guard,Easy,7,0-19,0.05,passive,player=0;native_rivals,guarded_player90,47.00,win,6,45.050,0,0,0
working-tree-v11,after,11,1,2,Home Guard,Easy,8,0-19,0.05,passive,player=0;native_rivals,guarded_player90,47.00,win,6,45.050,0,0,0
working-tree-v11,after,11,1,2,Home Guard,Easy,9,0-19,0.05,passive,player=0;native_rivals,guarded_player90,47.00,win,6,45.050,0,0,0
working-tree-v11,after,11,1,2,Home Guard,Easy,10,0-19,0.05,passive,player=0;native_rivals,guarded_player90,47.00,win,6,45.050,0,0,0
working-tree-v11,after,11,1,2,Home Guard,Easy,11,0-19,0.05,passive,player=0;native_rivals,guarded_player90,47.00,win,6,45.050,0,0,0
working-tree-v11,after,11,1,2,Home Guard,Easy,12,0-19,0.05,passive,player=0;native_rivals,guarded_player90,47.00,win,6,45.050,0,0,0
working-tree-v11,after,11,1,2,Home Guard,Easy,13,0-19,0.05,passive,player=0;native_rivals,guarded_player90,47.00,win,6,45.050,0,0,0
working-tree-v11,after,11,1,2,Home Guard,Easy,14,0-19,0.05,passive,player=0;native_rivals,guarded_player90,47.00,win,6,45.050,0,0,0
working-tree-v11,after,11,1,2,Home Guard,Easy,15,0-19,0.05,passive,player=0;native_rivals,guarded_player90,47.00,win,6,45.050,0,0,0
working-tree-v11,after,11,1,2,Home Guard,Easy,16,0-19,0.05,passive,player=0;native_rivals,guarded_player90,47.00,win,6,45.050,0,0,0
working-tree-v11,after,11,1,2,Home Guard,Easy,17,0-19,0.05,passive,player=0;native_rivals,guarded_player90,47.00,win,6,45.050,0,0,0
working-tree-v11,after,11,1,2,Home Guard,Easy,18,0-19,0.05,passive,player=0;native_rivals,guarded_player90,47.00,win,6,45.050,0,0,0
working-tree-v11,after,11,1,2,Home Guard,Easy,19,0-19,0.05,passive,player=0;native_rivals,guarded_player90,47.00,win,6,45.050,0,0,0
working-tree-v11,before,10,1,1,Home Guard,Easy,1000,1000-1019,0.05,passive,player=0;native_rivals,guarded_player90,47.00,win,6,45.050,0,0,0
working-tree-v11,before,10,1,1,Home Guard,Easy,1001,1000-1019,0.05,passive,player=0;native_rivals,guarded_player90,47.00,win,6,45.050,0,0,0
working-tree-v11,before,10,1,1,Home Guard,Easy,1002,1000-1019,0.05,passive,player=0;native_rivals,guarded_player90,47.00,win,6,45.050,0,0,0
working-tree-v11,before,10,1,1,Home Guard,Easy,1003,1000-1019,0.05,passive,player=0;native_rivals,guarded_player90,47.00,win,6,45.050,0,0,0
working-tree-v11,before,10,1,1,Home Guard,Easy,1004,1000-1019,0.05,passive,player=0;native_rivals,guarded_player90,47.00,win,6,45.050,0,0,0
working-tree-v11,before,10,1,1,Home Guard,Easy,1005,1000-1019,0.05,passive,player=0;native_rivals,guarded_player90,47.00,win,6,45.050,0,0,0
working-tree-v11,before,10,1,1,Home Guard,Easy,1006,1000-1019,0.05,passive,player=0;native_rivals,guarded_player90,47.00,win,6,45.050,0,0,0
working-tree-v11,before,10,1,1,Home Guard,Easy,1007,1000-1019,0.05,passive,player=0;native_rivals,guarded_player90,47.00,win,6,45.050,0,0,0
working-tree-v11,before,10,1,1,Home Guard,Easy,1008,1000-1019,0.05,passive,player=0;native_rivals,guarded_player90,47.00,win,6,45.050,0,0,0
working-tree-v11,before,10,1,1,Home Guard,Easy,1009,1000-1019,0.05,passive,player=0;native_rivals,guarded_player90,47.00,win,6,45.050,0,0,0
working-tree-v11,before,10,1,1,Home Guard,Easy,1010,1000-1019,0.05,passive,player=0;native_rivals,guarded_player90,47.00,win,6,45.050,0,0,0
working-tree-v11,before,10,1,1,Home Guard,Easy,1011,1000-1019,0.05,passive,player=0;native_rivals,guarded_player90,47.00,win,6,45.050,0,0,0
working-tree-v11,before,10,1,1,Home Guard,Easy,1012,1000-1019,0.05,passive,player=0;native_rivals,guarded_player90,47.00,win,6,45.050,0,0,0
working-tree-v11,before,10,1,1,Home Guard,Easy,1013,1000-1019,0.05,passive,player=0;native_rivals,guarded_player90,47.00,win,6,45.050,0,0,0
working-tree-v11,before,10,1,1,Home Guard,Easy,1014,1000-1019,0.05,passive,player=0;native_rivals,guarded_player90,47.00,win,6,45.050,0,0,0
working-tree-v11,before,10,1,1,Home Guard,Easy,1015,1000-1019,0.05,passive,player=0;native_rivals,guarded_player90,47.00,win,6,45.050,0,0,0
working-tree-v11,before,10,1,1,Home Guard,Easy,1016,1000-1019,0.05,passive,player=0;native_rivals,guarded_player90,47.00,win,6,45.050,0,0,0
working-tree-v11,before,10,1,1,Home Guard,Easy,1017,1000-1019,0.05,passive,player=0;native_rivals,guarded_player90,47.00,win,6,45.050,0,0,0
working-tree-v11,before,10,1,1,Home Guard,Easy,1018,1000-1019,0.05,passive,player=0;native_rivals,guarded_player90,47.00,win,6,45.050,0,0,0
working-tree-v11,before,10,1,1,Home Guard,Easy,1019,1000-1019,0.05,passive,player=0;native_rivals,guarded_player90,47.00,win,6,45.050,0,0,0
working-tree-v11,after,11,1,2,Home Guard,Easy,1000,1000-1019,0.05,passive,player=0;native_rivals,guarded_player90,47.00,win,6,45.050,0,0,0
working-tree-v11,after,11,1,2,Home Guard,Easy,1001,1000-1019,0.05,passive,player=0;native_rivals,guarded_player90,47.00,win,6,45.050,0,0,0
working-tree-v11,after,11,1,2,Home Guard,Easy,1002,1000-1019,0.05,passive,player=0;native_rivals,guarded_player90,47.00,win,6,45.050,0,0,0
working-tree-v11,after,11,1,2,Home Guard,Easy,1003,1000-1019,0.05,passive,player=0;native_rivals,guarded_player90,47.00,win,6,45.050,0,0,0
working-tree-v11,after,11,1,2,Home Guard,Easy,1004,1000-1019,0.05,passive,player=0;native_rivals,guarded_player90,47.00,win,6,45.050,0,0,0
working-tree-v11,after,11,1,2,Home Guard,Easy,1005,1000-1019,0.05,passive,player=0;native_rivals,guarded_player90,47.00,win,6,45.050,0,0,0
working-tree-v11,after,11,1,2,Home Guard,Easy,1006,1000-1019,0.05,passive,player=0;native_rivals,guarded_player90,47.00,win,6,45.050,0,0,0
working-tree-v11,after,11,1,2,Home Guard,Easy,1007,1000-1019,0.05,passive,player=0;native_rivals,guarded_player90,47.00,win,6,45.050,0,0,0
working-tree-v11,after,11,1,2,Home Guard,Easy,1008,1000-1019,0.05,passive,player=0;native_rivals,guarded_player90,47.00,win,6,45.050,0,0,0
working-tree-v11,after,11,1,2,Home Guard,Easy,1009,1000-1019,0.05,passive,player=0;native_rivals,guarded_player90,47.00,win,6,45.050,0,0,0
working-tree-v11,after,11,1,2,Home Guard,Easy,1010,1000-1019,0.05,passive,player=0;native_rivals,guarded_player90,47.00,win,6,45.050,0,0,0
working-tree-v11,after,11,1,2,Home Guard,Easy,1011,1000-1019,0.05,passive,player=0;native_rivals,guarded_player90,47.00,win,6,45.050,0,0,0
working-tree-v11,after,11,1,2,Home Guard,Easy,1012,1000-1019,0.05,passive,player=0;native_rivals,guarded_player90,47.00,win,6,45.050,0,0,0
working-tree-v11,after,11,1,2,Home Guard,Easy,1013,1000-1019,0.05,passive,player=0;native_rivals,guarded_player90,47.00,win,6,45.050,0,0,0
working-tree-v11,after,11,1,2,Home Guard,Easy,1014,1000-1019,0.05,passive,player=0;native_rivals,guarded_player90,47.00,win,6,45.050,0,0,0
working-tree-v11,after,11,1,2,Home Guard,Easy,1015,1000-1019,0.05,passive,player=0;native_rivals,guarded_player90,47.00,win,6,45.050,0,0,0
working-tree-v11,after,11,1,2,Home Guard,Easy,1016,1000-1019,0.05,passive,player=0;native_rivals,guarded_player90,47.00,win,6,45.050,0,0,0
working-tree-v11,after,11,1,2,Home Guard,Easy,1017,1000-1019,0.05,passive,player=0;native_rivals,guarded_player90,47.00,win,6,45.050,0,0,0
working-tree-v11,after,11,1,2,Home Guard,Easy,1018,1000-1019,0.05,passive,player=0;native_rivals,guarded_player90,47.00,win,6,45.050,0,0,0
working-tree-v11,after,11,1,2,Home Guard,Easy,1019,1000-1019,0.05,passive,player=0;native_rivals,guarded_player90,47.00,win,6,45.050,0,0,0
working-tree-v11,before,10,1,1,Home Guard,Normal,0,0-19,0.05,passive,player=0;native_rivals,guarded_player90,47.00,win,6,45.050,0,0,0
working-tree-v11,before,10,1,1,Home Guard,Normal,1,0-19,0.05,passive,player=0;native_rivals,guarded_player90,47.00,win,6,45.050,0,0,59
working-tree-v11,before,10,1,1,Home Guard,Normal,2,0-19,0.05,passive,player=0;native_rivals,guarded_player90,47.00,win,6,45.050,0,0,112
working-tree-v11,before,10,1,1,Home Guard,Normal,3,0-19,0.05,passive,player=0;native_rivals,guarded_player90,47.00,win,6,45.050,0,0,0
working-tree-v11,before,10,1,1,Home Guard,Normal,4,0-19,0.05,passive,player=0;native_rivals,guarded_player90,47.00,win,6,45.050,0,0,70
working-tree-v11,before,10,1,1,Home Guard,Normal,5,0-19,0.05,passive,player=0;native_rivals,guarded_player90,47.00,win,6,45.050,0,0,79
working-tree-v11,before,10,1,1,Home Guard,Normal,6,0-19,0.05,passive,player=0;native_rivals,guarded_player90,47.00,win,6,45.050,0,0,69
working-tree-v11,before,10,1,1,Home Guard,Normal,7,0-19,0.05,passive,player=0;native_rivals,guarded_player90,47.00,win,6,45.050,0,0,128
working-tree-v11,before,10,1,1,Home Guard,Normal,8,0-19,0.05,passive,player=0;native_rivals,guarded_player90,47.00,win,6,45.050,0,0,0
working-tree-v11,before,10,1,1,Home Guard,Normal,9,0-19,0.05,passive,player=0;native_rivals,guarded_player90,47.00,win,6,45.050,0,0,0
working-tree-v11,before,10,1,1,Home Guard,Normal,10,0-19,0.05,passive,player=0;native_rivals,guarded_player90,47.00,win,6,45.050,0,0,42
working-tree-v11,before,10,1,1,Home Guard,Normal,11,0-19,0.05,passive,player=0;native_rivals,guarded_player90,47.00,win,6,45.050,0,0,80
working-tree-v11,before,10,1,1,Home Guard,Normal,12,0-19,0.05,passive,player=0;native_rivals,guarded_player90,47.00,win,6,45.050,0,0,0
working-tree-v11,before,10,1,1,Home Guard,Normal,13,0-19,0.05,passive,player=0;native_rivals,guarded_player90,47.00,loss,2,43.250,0,0,127
working-tree-v11,before,10,1,1,Home Guard,Normal,14,0-19,0.05,passive,player=0;native_rivals,guarded_player90,47.00,win,6,45.050,0,0,0
working-tree-v11,before,10,1,1,Home Guard,Normal,15,0-19,0.05,passive,player=0;native_rivals,guarded_player90,47.00,loss,2,42.050,0,0,124
working-tree-v11,before,10,1,1,Home Guard,Normal,16,0-19,0.05,passive,player=0;native_rivals,guarded_player90,47.00,win,6,45.050,0,0,0
working-tree-v11,before,10,1,1,Home Guard,Normal,17,0-19,0.05,passive,player=0;native_rivals,guarded_player90,47.00,loss,2,42.900,0,0,126
working-tree-v11,before,10,1,1,Home Guard,Normal,18,0-19,0.05,passive,player=0;native_rivals,guarded_player90,47.00,win,6,45.050,0,0,0
working-tree-v11,before,10,1,1,Home Guard,Normal,19,0-19,0.05,passive,player=0;native_rivals,guarded_player90,47.00,loss,2,44.250,0,0,129
working-tree-v11,after,11,1,2,Home Guard,Normal,0,0-19,0.05,passive,player=0;native_rivals,guarded_player90,47.00,loss,2,29.750,0,0,97
working-tree-v11,after,11,1,2,Home Guard,Normal,1,0-19,0.05,passive,player=0;native_rivals,guarded_player90,47.00,loss,2,29.750,0,0,97
working-tree-v11,after,11,1,2,Home Guard,Normal,2,0-19,0.05,passive,player=0;native_rivals,guarded_player90,47.00,loss,2,29.500,0,0,96
working-tree-v11,after,11,1,2,Home Guard,Normal,3,0-19,0.05,passive,player=0;native_rivals,guarded_player90,47.00,loss,2,30.900,0,0,99
working-tree-v11,after,11,1,2,Home Guard,Normal,4,0-19,0.05,passive,player=0;native_rivals,guarded_player90,47.00,loss,2,29.800,0,0,97
working-tree-v11,after,11,1,2,Home Guard,Normal,5,0-19,0.05,passive,player=0;native_rivals,guarded_player90,47.00,loss,2,30.100,0,0,98
working-tree-v11,after,11,1,2,Home Guard,Normal,6,0-19,0.05,passive,player=0;native_rivals,guarded_player90,47.00,loss,2,30.200,0,0,98
working-tree-v11,after,11,1,2,Home Guard,Normal,7,0-19,0.05,passive,player=0;native_rivals,guarded_player90,47.00,loss,2,28.850,0,0,95
working-tree-v11,after,11,1,2,Home Guard,Normal,8,0-19,0.05,passive,player=0;native_rivals,guarded_player90,47.00,loss,2,30.200,0,0,98
working-tree-v11,after,11,1,2,Home Guard,Normal,9,0-19,0.05,passive,player=0;native_rivals,guarded_player90,47.00,loss,2,32.000,0,0,102
working-tree-v11,after,11,1,2,Home Guard,Normal,10,0-19,0.05,passive,player=0;native_rivals,guarded_player90,47.00,loss,2,30.200,0,0,98
working-tree-v11,after,11,1,2,Home Guard,Normal,11,0-19,0.05,passive,player=0;native_rivals,guarded_player90,47.00,loss,2,30.050,0,0,98
working-tree-v11,after,11,1,2,Home Guard,Normal,12,0-19,0.05,passive,player=0;native_rivals,guarded_player90,47.00,loss,2,29.900,0,0,97
working-tree-v11,after,11,1,2,Home Guard,Normal,13,0-19,0.05,passive,player=0;native_rivals,guarded_player90,47.00,loss,2,28.800,0,0,95
working-tree-v11,after,11,1,2,Home Guard,Normal,14,0-19,0.05,passive,player=0;native_rivals,guarded_player90,47.00,loss,2,31.800,0,0,101
working-tree-v11,after,11,1,2,Home Guard,Normal,15,0-19,0.05,passive,player=0;native_rivals,guarded_player90,47.00,loss,2,29.400,0,0,96
working-tree-v11,after,11,1,2,Home Guard,Normal,16,0-19,0.05,passive,player=0;native_rivals,guarded_player90,47.00,loss,2,29.600,0,0,97
working-tree-v11,after,11,1,2,Home Guard,Normal,17,0-19,0.05,passive,player=0;native_rivals,guarded_player90,47.00,loss,2,28.600,0,0,94
working-tree-v11,after,11,1,2,Home Guard,Normal,18,0-19,0.05,passive,player=0;native_rivals,guarded_player90,47.00,loss,2,33.050,0,0,104
working-tree-v11,after,11,1,2,Home Guard,Normal,19,0-19,0.05,passive,player=0;native_rivals,guarded_player90,47.00,loss,2,29.700,0,0,97
working-tree-v11,before,10,1,1,Home Guard,Normal,1000,1000-1019,0.05,passive,player=0;native_rivals,guarded_player90,47.00,win,6,45.050,0,0,111
working-tree-v11,before,10,1,1,Home Guard,Normal,1001,1000-1019,0.05,passive,player=0;native_rivals,guarded_player90,47.00,loss,2,43.900,0,0,128
working-tree-v11,before,10,1,1,Home Guard,Normal,1002,1000-1019,0.05,passive,player=0;native_rivals,guarded_player90,47.00,win,6,45.050,0,0,110
working-tree-v11,before,10,1,1,Home Guard,Normal,1003,1000-1019,0.05,passive,player=0;native_rivals,guarded_player90,47.00,win,6,45.050,0,0,38
working-tree-v11,before,10,1,1,Home Guard,Normal,1004,1000-1019,0.05,passive,player=0;native_rivals,guarded_player90,47.00,loss,2,44.300,0,0,129
working-tree-v11,before,10,1,1,Home Guard,Normal,1005,1000-1019,0.05,passive,player=0;native_rivals,guarded_player90,47.00,win,6,45.050,0,0,0
working-tree-v11,before,10,1,1,Home Guard,Normal,1006,1000-1019,0.05,passive,player=0;native_rivals,guarded_player90,47.00,win,6,45.050,0,0,97
working-tree-v11,before,10,1,1,Home Guard,Normal,1007,1000-1019,0.05,passive,player=0;native_rivals,guarded_player90,47.00,win,6,45.050,0,0,98
working-tree-v11,before,10,1,1,Home Guard,Normal,1008,1000-1019,0.05,passive,player=0;native_rivals,guarded_player90,47.00,win,6,45.050,0,0,0
working-tree-v11,before,10,1,1,Home Guard,Normal,1009,1000-1019,0.05,passive,player=0;native_rivals,guarded_player90,47.00,win,6,45.050,0,0,0
working-tree-v11,before,10,1,1,Home Guard,Normal,1010,1000-1019,0.05,passive,player=0;native_rivals,guarded_player90,47.00,win,6,45.050,0,0,95
working-tree-v11,before,10,1,1,Home Guard,Normal,1011,1000-1019,0.05,passive,player=0;native_rivals,guarded_player90,47.00,win,6,45.050,0,0,14
working-tree-v11,before,10,1,1,Home Guard,Normal,1012,1000-1019,0.05,passive,player=0;native_rivals,guarded_player90,47.00,loss,2,44.050,0,0,128
working-tree-v11,before,10,1,1,Home Guard,Normal,1013,1000-1019,0.05,passive,player=0;native_rivals,guarded_player90,47.00,win,6,45.050,0,0,65
working-tree-v11,before,10,1,1,Home Guard,Normal,1014,1000-1019,0.05,passive,player=0;native_rivals,guarded_player90,47.00,win,6,45.050,0,0,90
working-tree-v11,before,10,1,1,Home Guard,Normal,1015,1000-1019,0.05,passive,player=0;native_rivals,guarded_player90,47.00,loss,2,44.550,0,0,129
working-tree-v11,before,10,1,1,Home Guard,Normal,1016,1000-1019,0.05,passive,player=0;native_rivals,guarded_player90,47.00,loss,2,44.600,0,0,129
working-tree-v11,before,10,1,1,Home Guard,Normal,1017,1000-1019,0.05,passive,player=0;native_rivals,guarded_player90,47.00,win,6,45.050,0,0,0
working-tree-v11,before,10,1,1,Home Guard,Normal,1018,1000-1019,0.05,passive,player=0;native_rivals,guarded_player90,47.00,win,6,45.050,0,0,95
working-tree-v11,before,10,1,1,Home Guard,Normal,1019,1000-1019,0.05,passive,player=0;native_rivals,guarded_player90,47.00,win,6,45.050,0,0,0
working-tree-v11,after,11,1,2,Home Guard,Normal,1000,1000-1019,0.05,passive,player=0;native_rivals,guarded_player90,47.00,loss,2,30.250,0,0,98
working-tree-v11,after,11,1,2,Home Guard,Normal,1001,1000-1019,0.05,passive,player=0;native_rivals,guarded_player90,47.00,loss,2,28.950,0,0,95
working-tree-v11,after,11,1,2,Home Guard,Normal,1002,1000-1019,0.05,passive,player=0;native_rivals,guarded_player90,47.00,loss,2,29.500,0,0,96
working-tree-v11,after,11,1,2,Home Guard,Normal,1003,1000-1019,0.05,passive,player=0;native_rivals,guarded_player90,47.00,loss,2,29.800,0,0,97
working-tree-v11,after,11,1,2,Home Guard,Normal,1004,1000-1019,0.05,passive,player=0;native_rivals,guarded_player90,47.00,loss,2,28.400,0,0,94
working-tree-v11,after,11,1,2,Home Guard,Normal,1005,1000-1019,0.05,passive,player=0;native_rivals,guarded_player90,47.00,loss,2,30.050,0,0,98
working-tree-v11,after,11,1,2,Home Guard,Normal,1006,1000-1019,0.05,passive,player=0;native_rivals,guarded_player90,47.00,loss,2,29.900,0,0,97
working-tree-v11,after,11,1,2,Home Guard,Normal,1007,1000-1019,0.05,passive,player=0;native_rivals,guarded_player90,47.00,loss,2,28.650,0,0,95
working-tree-v11,after,11,1,2,Home Guard,Normal,1008,1000-1019,0.05,passive,player=0;native_rivals,guarded_player90,47.00,loss,2,29.350,0,0,96
working-tree-v11,after,11,1,2,Home Guard,Normal,1009,1000-1019,0.05,passive,player=0;native_rivals,guarded_player90,47.00,loss,2,32.600,0,0,103
working-tree-v11,after,11,1,2,Home Guard,Normal,1010,1000-1019,0.05,passive,player=0;native_rivals,guarded_player90,47.00,loss,2,30.150,0,0,98
working-tree-v11,after,11,1,2,Home Guard,Normal,1011,1000-1019,0.05,passive,player=0;native_rivals,guarded_player90,47.00,loss,2,30.600,0,0,99
working-tree-v11,after,11,1,2,Home Guard,Normal,1012,1000-1019,0.05,passive,player=0;native_rivals,guarded_player90,47.00,loss,2,28.700,0,0,95
working-tree-v11,after,11,1,2,Home Guard,Normal,1013,1000-1019,0.05,passive,player=0;native_rivals,guarded_player90,47.00,loss,2,28.900,0,0,95
working-tree-v11,after,11,1,2,Home Guard,Normal,1014,1000-1019,0.05,passive,player=0;native_rivals,guarded_player90,47.00,loss,2,30.650,0,0,99
working-tree-v11,after,11,1,2,Home Guard,Normal,1015,1000-1019,0.05,passive,player=0;native_rivals,guarded_player90,47.00,loss,2,29.050,0,0,95
working-tree-v11,after,11,1,2,Home Guard,Normal,1016,1000-1019,0.05,passive,player=0;native_rivals,guarded_player90,47.00,loss,2,29.250,0,0,96
working-tree-v11,after,11,1,2,Home Guard,Normal,1017,1000-1019,0.05,passive,player=0;native_rivals,guarded_player90,47.00,loss,2,30.550,0,0,99
working-tree-v11,after,11,1,2,Home Guard,Normal,1018,1000-1019,0.05,passive,player=0;native_rivals,guarded_player90,47.00,loss,2,29.300,0,0,96
working-tree-v11,after,11,1,2,Home Guard,Normal,1019,1000-1019,0.05,passive,player=0;native_rivals,guarded_player90,47.00,loss,2,30.600,0,0,99
working-tree-v11,before,10,1,1,Home Guard,Hard,0,0-19,0.05,passive,player=0;native_rivals,guarded_player90,47.00,win,6,45.050,0,0,0
working-tree-v11,before,10,1,1,Home Guard,Hard,1,0-19,0.05,passive,player=0;native_rivals,guarded_player90,47.00,win,6,45.050,0,0,0
working-tree-v11,before,10,1,1,Home Guard,Hard,2,0-19,0.05,passive,player=0;native_rivals,guarded_player90,47.00,win,6,45.050,0,0,0
working-tree-v11,before,10,1,1,Home Guard,Hard,3,0-19,0.05,passive,player=0;native_rivals,guarded_player90,47.00,win,6,45.050,0,0,0
working-tree-v11,before,10,1,1,Home Guard,Hard,4,0-19,0.05,passive,player=0;native_rivals,guarded_player90,47.00,win,6,45.050,0,0,0
working-tree-v11,before,10,1,1,Home Guard,Hard,5,0-19,0.05,passive,player=0;native_rivals,guarded_player90,47.00,win,6,45.050,0,0,0
working-tree-v11,before,10,1,1,Home Guard,Hard,6,0-19,0.05,passive,player=0;native_rivals,guarded_player90,47.00,win,6,45.050,0,0,0
working-tree-v11,before,10,1,1,Home Guard,Hard,7,0-19,0.05,passive,player=0;native_rivals,guarded_player90,47.00,win,6,45.050,0,0,0
working-tree-v11,before,10,1,1,Home Guard,Hard,8,0-19,0.05,passive,player=0;native_rivals,guarded_player90,47.00,win,6,45.050,0,0,0
working-tree-v11,before,10,1,1,Home Guard,Hard,9,0-19,0.05,passive,player=0;native_rivals,guarded_player90,47.00,win,6,45.050,0,0,0
working-tree-v11,before,10,1,1,Home Guard,Hard,10,0-19,0.05,passive,player=0;native_rivals,guarded_player90,47.00,win,6,45.050,0,0,0
working-tree-v11,before,10,1,1,Home Guard,Hard,11,0-19,0.05,passive,player=0;native_rivals,guarded_player90,47.00,win,6,45.050,0,0,0
working-tree-v11,before,10,1,1,Home Guard,Hard,12,0-19,0.05,passive,player=0;native_rivals,guarded_player90,47.00,win,6,45.050,0,0,0
working-tree-v11,before,10,1,1,Home Guard,Hard,13,0-19,0.05,passive,player=0;native_rivals,guarded_player90,47.00,win,6,45.050,0,0,0
working-tree-v11,before,10,1,1,Home Guard,Hard,14,0-19,0.05,passive,player=0;native_rivals,guarded_player90,47.00,win,6,45.050,0,0,0
working-tree-v11,before,10,1,1,Home Guard,Hard,15,0-19,0.05,passive,player=0;native_rivals,guarded_player90,47.00,win,6,45.050,0,0,0
working-tree-v11,before,10,1,1,Home Guard,Hard,16,0-19,0.05,passive,player=0;native_rivals,guarded_player90,47.00,win,6,45.050,0,0,0
working-tree-v11,before,10,1,1,Home Guard,Hard,17,0-19,0.05,passive,player=0;native_rivals,guarded_player90,47.00,win,6,45.050,0,0,0
working-tree-v11,before,10,1,1,Home Guard,Hard,18,0-19,0.05,passive,player=0;native_rivals,guarded_player90,47.00,win,6,45.050,0,0,0
working-tree-v11,before,10,1,1,Home Guard,Hard,19,0-19,0.05,passive,player=0;native_rivals,guarded_player90,47.00,win,6,45.050,0,0,0
working-tree-v11,after,11,1,2,Home Guard,Hard,0,0-19,0.05,passive,player=0;native_rivals,guarded_player90,47.00,loss,2,37.250,0,0,113
working-tree-v11,after,11,1,2,Home Guard,Hard,1,0-19,0.05,passive,player=0;native_rivals,guarded_player90,47.00,loss,2,36.300,0,0,111
working-tree-v11,after,11,1,2,Home Guard,Hard,2,0-19,0.05,passive,player=0;native_rivals,guarded_player90,47.00,loss,2,34.950,0,0,108
working-tree-v11,after,11,1,2,Home Guard,Hard,3,0-19,0.05,passive,player=0;native_rivals,guarded_player90,47.00,loss,2,35.850,0,0,110
working-tree-v11,after,11,1,2,Home Guard,Hard,4,0-19,0.05,passive,player=0;native_rivals,guarded_player90,47.00,loss,2,35.650,0,0,110
working-tree-v11,after,11,1,2,Home Guard,Hard,5,0-19,0.05,passive,player=0;native_rivals,guarded_player90,47.00,loss,2,36.300,0,0,111
working-tree-v11,after,11,1,2,Home Guard,Hard,6,0-19,0.05,passive,player=0;native_rivals,guarded_player90,47.00,loss,2,36.100,0,0,111
working-tree-v11,after,11,1,2,Home Guard,Hard,7,0-19,0.05,passive,player=0;native_rivals,guarded_player90,47.00,loss,2,35.200,0,0,109
working-tree-v11,after,11,1,2,Home Guard,Hard,8,0-19,0.05,passive,player=0;native_rivals,guarded_player90,47.00,loss,2,37.050,0,0,113
working-tree-v11,after,11,1,2,Home Guard,Hard,9,0-19,0.05,passive,player=0;native_rivals,guarded_player90,47.00,loss,2,36.150,0,0,111
working-tree-v11,after,11,1,2,Home Guard,Hard,10,0-19,0.05,passive,player=0;native_rivals,guarded_player90,47.00,loss,2,35.950,0,0,111
working-tree-v11,after,11,1,2,Home Guard,Hard,11,0-19,0.05,passive,player=0;native_rivals,guarded_player90,47.00,loss,2,36.000,0,0,111
working-tree-v11,after,11,1,2,Home Guard,Hard,12,0-19,0.05,passive,player=0;native_rivals,guarded_player90,47.00,loss,2,35.950,0,0,111
working-tree-v11,after,11,1,2,Home Guard,Hard,13,0-19,0.05,passive,player=0;native_rivals,guarded_player90,47.00,loss,2,34.100,0,0,107
working-tree-v11,after,11,1,2,Home Guard,Hard,14,0-19,0.05,passive,player=0;native_rivals,guarded_player90,47.00,loss,2,38.000,0,0,115
working-tree-v11,after,11,1,2,Home Guard,Hard,15,0-19,0.05,passive,player=0;native_rivals,guarded_player90,47.00,loss,2,34.400,0,0,107
working-tree-v11,after,11,1,2,Home Guard,Hard,16,0-19,0.05,passive,player=0;native_rivals,guarded_player90,47.00,loss,2,35.850,0,0,110
working-tree-v11,after,11,1,2,Home Guard,Hard,17,0-19,0.05,passive,player=0;native_rivals,guarded_player90,47.00,loss,2,34.300,0,0,107
working-tree-v11,after,11,1,2,Home Guard,Hard,18,0-19,0.05,passive,player=0;native_rivals,guarded_player90,47.00,loss,2,39.200,0,0,118
working-tree-v11,after,11,1,2,Home Guard,Hard,19,0-19,0.05,passive,player=0;native_rivals,guarded_player90,47.00,loss,2,34.400,0,0,107
working-tree-v11,before,10,1,1,Home Guard,Hard,1000,1000-1019,0.05,passive,player=0;native_rivals,guarded_player90,47.00,win,6,45.050,0,0,0
working-tree-v11,before,10,1,1,Home Guard,Hard,1001,1000-1019,0.05,passive,player=0;native_rivals,guarded_player90,47.00,win,6,45.050,0,0,0
working-tree-v11,before,10,1,1,Home Guard,Hard,1002,1000-1019,0.05,passive,player=0;native_rivals,guarded_player90,47.00,win,6,45.050,0,0,0
working-tree-v11,before,10,1,1,Home Guard,Hard,1003,1000-1019,0.05,passive,player=0;native_rivals,guarded_player90,47.00,win,6,45.050,0,0,0
working-tree-v11,before,10,1,1,Home Guard,Hard,1004,1000-1019,0.05,passive,player=0;native_rivals,guarded_player90,47.00,win,6,45.050,0,0,0
working-tree-v11,before,10,1,1,Home Guard,Hard,1005,1000-1019,0.05,passive,player=0;native_rivals,guarded_player90,47.00,win,6,45.050,0,0,0
working-tree-v11,before,10,1,1,Home Guard,Hard,1006,1000-1019,0.05,passive,player=0;native_rivals,guarded_player90,47.00,win,6,45.050,0,0,0
working-tree-v11,before,10,1,1,Home Guard,Hard,1007,1000-1019,0.05,passive,player=0;native_rivals,guarded_player90,47.00,win,6,45.050,0,0,0
working-tree-v11,before,10,1,1,Home Guard,Hard,1008,1000-1019,0.05,passive,player=0;native_rivals,guarded_player90,47.00,win,6,45.050,0,0,0
working-tree-v11,before,10,1,1,Home Guard,Hard,1009,1000-1019,0.05,passive,player=0;native_rivals,guarded_player90,47.00,win,6,45.050,0,0,0
working-tree-v11,before,10,1,1,Home Guard,Hard,1010,1000-1019,0.05,passive,player=0;native_rivals,guarded_player90,47.00,win,6,45.050,0,0,0
working-tree-v11,before,10,1,1,Home Guard,Hard,1011,1000-1019,0.05,passive,player=0;native_rivals,guarded_player90,47.00,win,6,45.050,0,0,0
working-tree-v11,before,10,1,1,Home Guard,Hard,1012,1000-1019,0.05,passive,player=0;native_rivals,guarded_player90,47.00,win,6,45.050,0,0,0
working-tree-v11,before,10,1,1,Home Guard,Hard,1013,1000-1019,0.05,passive,player=0;native_rivals,guarded_player90,47.00,win,6,45.050,0,0,0
working-tree-v11,before,10,1,1,Home Guard,Hard,1014,1000-1019,0.05,passive,player=0;native_rivals,guarded_player90,47.00,win,6,45.050,0,0,0
working-tree-v11,before,10,1,1,Home Guard,Hard,1015,1000-1019,0.05,passive,player=0;native_rivals,guarded_player90,47.00,win,6,45.050,0,0,0
working-tree-v11,before,10,1,1,Home Guard,Hard,1016,1000-1019,0.05,passive,player=0;native_rivals,guarded_player90,47.00,win,6,45.050,0,0,0
working-tree-v11,before,10,1,1,Home Guard,Hard,1017,1000-1019,0.05,passive,player=0;native_rivals,guarded_player90,47.00,win,6,45.050,0,0,0
working-tree-v11,before,10,1,1,Home Guard,Hard,1018,1000-1019,0.05,passive,player=0;native_rivals,guarded_player90,47.00,win,6,45.050,0,0,0
working-tree-v11,before,10,1,1,Home Guard,Hard,1019,1000-1019,0.05,passive,player=0;native_rivals,guarded_player90,47.00,win,6,45.050,0,0,0
working-tree-v11,after,11,1,2,Home Guard,Hard,1000,1000-1019,0.05,passive,player=0;native_rivals,guarded_player90,47.00,loss,2,35.900,0,0,110
working-tree-v11,after,11,1,2,Home Guard,Hard,1001,1000-1019,0.05,passive,player=0;native_rivals,guarded_player90,47.00,loss,2,34.300,0,0,107
working-tree-v11,after,11,1,2,Home Guard,Hard,1002,1000-1019,0.05,passive,player=0;native_rivals,guarded_player90,47.00,loss,2,35.600,0,0,110
working-tree-v11,after,11,1,2,Home Guard,Hard,1003,1000-1019,0.05,passive,player=0;native_rivals,guarded_player90,47.00,loss,2,35.000,0,0,109
working-tree-v11,after,11,1,2,Home Guard,Hard,1004,1000-1019,0.05,passive,player=0;native_rivals,guarded_player90,47.00,loss,2,34.350,0,0,107
working-tree-v11,after,11,1,2,Home Guard,Hard,1005,1000-1019,0.05,passive,player=0;native_rivals,guarded_player90,47.00,loss,2,35.850,0,0,110
working-tree-v11,after,11,1,2,Home Guard,Hard,1006,1000-1019,0.05,passive,player=0;native_rivals,guarded_player90,47.00,loss,2,35.450,0,0,109
working-tree-v11,after,11,1,2,Home Guard,Hard,1007,1000-1019,0.05,passive,player=0;native_rivals,guarded_player90,47.00,loss,2,35.050,0,0,109
working-tree-v11,after,11,1,2,Home Guard,Hard,1008,1000-1019,0.05,passive,player=0;native_rivals,guarded_player90,47.00,loss,2,35.700,0,0,110
working-tree-v11,after,11,1,2,Home Guard,Hard,1009,1000-1019,0.05,passive,player=0;native_rivals,guarded_player90,47.00,loss,2,37.550,0,0,114
working-tree-v11,after,11,1,2,Home Guard,Hard,1010,1000-1019,0.05,passive,player=0;native_rivals,guarded_player90,47.00,loss,2,35.150,0,0,109
working-tree-v11,after,11,1,2,Home Guard,Hard,1011,1000-1019,0.05,passive,player=0;native_rivals,guarded_player90,47.00,loss,2,36.050,0,0,111
working-tree-v11,after,11,1,2,Home Guard,Hard,1012,1000-1019,0.05,passive,player=0;native_rivals,guarded_player90,47.00,loss,2,34.200,0,0,107
working-tree-v11,after,11,1,2,Home Guard,Hard,1013,1000-1019,0.05,passive,player=0;native_rivals,guarded_player90,47.00,loss,2,35.500,0,0,110
working-tree-v11,after,11,1,2,Home Guard,Hard,1014,1000-1019,0.05,passive,player=0;native_rivals,guarded_player90,47.00,loss,2,35.400,0,0,109
working-tree-v11,after,11,1,2,Home Guard,Hard,1015,1000-1019,0.05,passive,player=0;native_rivals,guarded_player90,47.00,loss,2,34.850,0,0,108
working-tree-v11,after,11,1,2,Home Guard,Hard,1016,1000-1019,0.05,passive,player=0;native_rivals,guarded_player90,47.00,loss,2,35.050,0,0,109
working-tree-v11,after,11,1,2,Home Guard,Hard,1017,1000-1019,0.05,passive,player=0;native_rivals,guarded_player90,47.00,loss,2,35.900,0,0,110
working-tree-v11,after,11,1,2,Home Guard,Hard,1018,1000-1019,0.05,passive,player=0;native_rivals,guarded_player90,47.00,loss,2,35.650,0,0,110
working-tree-v11,after,11,1,2,Home Guard,Hard,1019,1000-1019,0.05,passive,player=0;native_rivals,guarded_player90,47.00,loss,2,37.200,0,0,113
working-tree-v11,before,10,1,1,Province Guard,Easy,0,0-19,0.05,passive,player=0;native_rivals,guarded_player90,62.00,win,6,60.049,0,0,0
working-tree-v11,before,10,1,1,Province Guard,Easy,1,0-19,0.05,passive,player=0;native_rivals,guarded_player90,62.00,win,6,60.049,0,0,0
working-tree-v11,before,10,1,1,Province Guard,Easy,2,0-19,0.05,passive,player=0;native_rivals,guarded_player90,62.00,win,6,60.049,0,0,0
working-tree-v11,before,10,1,1,Province Guard,Easy,3,0-19,0.05,passive,player=0;native_rivals,guarded_player90,62.00,win,6,60.049,0,0,0
working-tree-v11,before,10,1,1,Province Guard,Easy,4,0-19,0.05,passive,player=0;native_rivals,guarded_player90,62.00,win,6,60.049,0,0,0
working-tree-v11,before,10,1,1,Province Guard,Easy,5,0-19,0.05,passive,player=0;native_rivals,guarded_player90,62.00,win,6,60.049,0,0,0
working-tree-v11,before,10,1,1,Province Guard,Easy,6,0-19,0.05,passive,player=0;native_rivals,guarded_player90,62.00,win,6,60.049,0,0,0
working-tree-v11,before,10,1,1,Province Guard,Easy,7,0-19,0.05,passive,player=0;native_rivals,guarded_player90,62.00,win,6,60.049,0,0,0
working-tree-v11,before,10,1,1,Province Guard,Easy,8,0-19,0.05,passive,player=0;native_rivals,guarded_player90,62.00,win,6,60.049,0,0,0
working-tree-v11,before,10,1,1,Province Guard,Easy,9,0-19,0.05,passive,player=0;native_rivals,guarded_player90,62.00,win,6,60.049,0,0,0
working-tree-v11,before,10,1,1,Province Guard,Easy,10,0-19,0.05,passive,player=0;native_rivals,guarded_player90,62.00,win,6,60.049,0,0,0
working-tree-v11,before,10,1,1,Province Guard,Easy,11,0-19,0.05,passive,player=0;native_rivals,guarded_player90,62.00,win,6,60.049,0,0,0
working-tree-v11,before,10,1,1,Province Guard,Easy,12,0-19,0.05,passive,player=0;native_rivals,guarded_player90,62.00,win,6,60.049,0,0,0
working-tree-v11,before,10,1,1,Province Guard,Easy,13,0-19,0.05,passive,player=0;native_rivals,guarded_player90,62.00,win,6,60.049,0,0,0
working-tree-v11,before,10,1,1,Province Guard,Easy,14,0-19,0.05,passive,player=0;native_rivals,guarded_player90,62.00,win,6,60.049,0,0,0
working-tree-v11,before,10,1,1,Province Guard,Easy,15,0-19,0.05,passive,player=0;native_rivals,guarded_player90,62.00,win,6,60.049,0,0,0
working-tree-v11,before,10,1,1,Province Guard,Easy,16,0-19,0.05,passive,player=0;native_rivals,guarded_player90,62.00,win,6,60.049,0,0,0
working-tree-v11,before,10,1,1,Province Guard,Easy,17,0-19,0.05,passive,player=0;native_rivals,guarded_player90,62.00,win,6,60.049,0,0,0
working-tree-v11,before,10,1,1,Province Guard,Easy,18,0-19,0.05,passive,player=0;native_rivals,guarded_player90,62.00,win,6,60.049,0,0,0
working-tree-v11,before,10,1,1,Province Guard,Easy,19,0-19,0.05,passive,player=0;native_rivals,guarded_player90,62.00,win,6,60.049,0,0,0
working-tree-v11,after,11,1,2,Province Guard,Easy,0,0-19,0.05,passive,player=0;native_rivals,guarded_player90,62.00,win,6,60.049,0,0,0
working-tree-v11,after,11,1,2,Province Guard,Easy,1,0-19,0.05,passive,player=0;native_rivals,guarded_player90,62.00,win,6,60.049,0,0,0
working-tree-v11,after,11,1,2,Province Guard,Easy,2,0-19,0.05,passive,player=0;native_rivals,guarded_player90,62.00,win,6,60.049,0,0,0
working-tree-v11,after,11,1,2,Province Guard,Easy,3,0-19,0.05,passive,player=0;native_rivals,guarded_player90,62.00,win,6,60.049,0,0,0
working-tree-v11,after,11,1,2,Province Guard,Easy,4,0-19,0.05,passive,player=0;native_rivals,guarded_player90,62.00,win,6,60.049,0,0,0
working-tree-v11,after,11,1,2,Province Guard,Easy,5,0-19,0.05,passive,player=0;native_rivals,guarded_player90,62.00,win,6,60.049,0,0,0
working-tree-v11,after,11,1,2,Province Guard,Easy,6,0-19,0.05,passive,player=0;native_rivals,guarded_player90,62.00,win,6,60.049,0,0,0
working-tree-v11,after,11,1,2,Province Guard,Easy,7,0-19,0.05,passive,player=0;native_rivals,guarded_player90,62.00,win,6,60.049,0,0,0
working-tree-v11,after,11,1,2,Province Guard,Easy,8,0-19,0.05,passive,player=0;native_rivals,guarded_player90,62.00,win,6,60.049,0,0,0
working-tree-v11,after,11,1,2,Province Guard,Easy,9,0-19,0.05,passive,player=0;native_rivals,guarded_player90,62.00,win,6,60.049,0,0,0
working-tree-v11,after,11,1,2,Province Guard,Easy,10,0-19,0.05,passive,player=0;native_rivals,guarded_player90,62.00,win,6,60.049,0,0,0
working-tree-v11,after,11,1,2,Province Guard,Easy,11,0-19,0.05,passive,player=0;native_rivals,guarded_player90,62.00,win,6,60.049,0,0,0
working-tree-v11,after,11,1,2,Province Guard,Easy,12,0-19,0.05,passive,player=0;native_rivals,guarded_player90,62.00,win,6,60.049,0,0,0
working-tree-v11,after,11,1,2,Province Guard,Easy,13,0-19,0.05,passive,player=0;native_rivals,guarded_player90,62.00,win,6,60.049,0,0,0
working-tree-v11,after,11,1,2,Province Guard,Easy,14,0-19,0.05,passive,player=0;native_rivals,guarded_player90,62.00,win,6,60.049,0,0,0
working-tree-v11,after,11,1,2,Province Guard,Easy,15,0-19,0.05,passive,player=0;native_rivals,guarded_player90,62.00,win,6,60.049,0,0,0
working-tree-v11,after,11,1,2,Province Guard,Easy,16,0-19,0.05,passive,player=0;native_rivals,guarded_player90,62.00,win,6,60.049,0,0,0
working-tree-v11,after,11,1,2,Province Guard,Easy,17,0-19,0.05,passive,player=0;native_rivals,guarded_player90,62.00,win,6,60.049,0,0,0
working-tree-v11,after,11,1,2,Province Guard,Easy,18,0-19,0.05,passive,player=0;native_rivals,guarded_player90,62.00,win,6,60.049,0,0,0
working-tree-v11,after,11,1,2,Province Guard,Easy,19,0-19,0.05,passive,player=0;native_rivals,guarded_player90,62.00,win,6,60.049,0,0,0
working-tree-v11,before,10,1,1,Province Guard,Easy,1000,1000-1019,0.05,passive,player=0;native_rivals,guarded_player90,62.00,win,6,60.049,0,0,0
working-tree-v11,before,10,1,1,Province Guard,Easy,1001,1000-1019,0.05,passive,player=0;native_rivals,guarded_player90,62.00,win,6,60.049,0,0,0
working-tree-v11,before,10,1,1,Province Guard,Easy,1002,1000-1019,0.05,passive,player=0;native_rivals,guarded_player90,62.00,win,6,60.049,0,0,0
working-tree-v11,before,10,1,1,Province Guard,Easy,1003,1000-1019,0.05,passive,player=0;native_rivals,guarded_player90,62.00,win,6,60.049,0,0,0
working-tree-v11,before,10,1,1,Province Guard,Easy,1004,1000-1019,0.05,passive,player=0;native_rivals,guarded_player90,62.00,win,6,60.049,0,0,0
working-tree-v11,before,10,1,1,Province Guard,Easy,1005,1000-1019,0.05,passive,player=0;native_rivals,guarded_player90,62.00,win,6,60.049,0,0,0
working-tree-v11,before,10,1,1,Province Guard,Easy,1006,1000-1019,0.05,passive,player=0;native_rivals,guarded_player90,62.00,win,6,60.049,0,0,0
working-tree-v11,before,10,1,1,Province Guard,Easy,1007,1000-1019,0.05,passive,player=0;native_rivals,guarded_player90,62.00,win,6,60.049,0,0,0
working-tree-v11,before,10,1,1,Province Guard,Easy,1008,1000-1019,0.05,passive,player=0;native_rivals,guarded_player90,62.00,win,6,60.049,0,0,0
working-tree-v11,before,10,1,1,Province Guard,Easy,1009,1000-1019,0.05,passive,player=0;native_rivals,guarded_player90,62.00,win,6,60.049,0,0,0
working-tree-v11,before,10,1,1,Province Guard,Easy,1010,1000-1019,0.05,passive,player=0;native_rivals,guarded_player90,62.00,win,6,60.049,0,0,0
working-tree-v11,before,10,1,1,Province Guard,Easy,1011,1000-1019,0.05,passive,player=0;native_rivals,guarded_player90,62.00,win,6,60.049,0,0,0
working-tree-v11,before,10,1,1,Province Guard,Easy,1012,1000-1019,0.05,passive,player=0;native_rivals,guarded_player90,62.00,win,6,60.049,0,0,0
working-tree-v11,before,10,1,1,Province Guard,Easy,1013,1000-1019,0.05,passive,player=0;native_rivals,guarded_player90,62.00,win,6,60.049,0,0,0
working-tree-v11,before,10,1,1,Province Guard,Easy,1014,1000-1019,0.05,passive,player=0;native_rivals,guarded_player90,62.00,win,6,60.049,0,0,0
working-tree-v11,before,10,1,1,Province Guard,Easy,1015,1000-1019,0.05,passive,player=0;native_rivals,guarded_player90,62.00,win,6,60.049,0,0,0
working-tree-v11,before,10,1,1,Province Guard,Easy,1016,1000-1019,0.05,passive,player=0;native_rivals,guarded_player90,62.00,win,6,60.049,0,0,0
working-tree-v11,before,10,1,1,Province Guard,Easy,1017,1000-1019,0.05,passive,player=0;native_rivals,guarded_player90,62.00,win,6,60.049,0,0,0
working-tree-v11,before,10,1,1,Province Guard,Easy,1018,1000-1019,0.05,passive,player=0;native_rivals,guarded_player90,62.00,win,6,60.049,0,0,0
working-tree-v11,before,10,1,1,Province Guard,Easy,1019,1000-1019,0.05,passive,player=0;native_rivals,guarded_player90,62.00,win,6,60.049,0,0,0
working-tree-v11,after,11,1,2,Province Guard,Easy,1000,1000-1019,0.05,passive,player=0;native_rivals,guarded_player90,62.00,win,6,60.049,0,0,0
working-tree-v11,after,11,1,2,Province Guard,Easy,1001,1000-1019,0.05,passive,player=0;native_rivals,guarded_player90,62.00,win,6,60.049,0,0,0
working-tree-v11,after,11,1,2,Province Guard,Easy,1002,1000-1019,0.05,passive,player=0;native_rivals,guarded_player90,62.00,win,6,60.049,0,0,0
working-tree-v11,after,11,1,2,Province Guard,Easy,1003,1000-1019,0.05,passive,player=0;native_rivals,guarded_player90,62.00,win,6,60.049,0,0,0
working-tree-v11,after,11,1,2,Province Guard,Easy,1004,1000-1019,0.05,passive,player=0;native_rivals,guarded_player90,62.00,win,6,60.049,0,0,0
working-tree-v11,after,11,1,2,Province Guard,Easy,1005,1000-1019,0.05,passive,player=0;native_rivals,guarded_player90,62.00,win,6,60.049,0,0,0
working-tree-v11,after,11,1,2,Province Guard,Easy,1006,1000-1019,0.05,passive,player=0;native_rivals,guarded_player90,62.00,win,6,60.049,0,0,0
working-tree-v11,after,11,1,2,Province Guard,Easy,1007,1000-1019,0.05,passive,player=0;native_rivals,guarded_player90,62.00,win,6,60.049,0,0,0
working-tree-v11,after,11,1,2,Province Guard,Easy,1008,1000-1019,0.05,passive,player=0;native_rivals,guarded_player90,62.00,win,6,60.049,0,0,0
working-tree-v11,after,11,1,2,Province Guard,Easy,1009,1000-1019,0.05,passive,player=0;native_rivals,guarded_player90,62.00,win,6,60.049,0,0,0
working-tree-v11,after,11,1,2,Province Guard,Easy,1010,1000-1019,0.05,passive,player=0;native_rivals,guarded_player90,62.00,win,6,60.049,0,0,0
working-tree-v11,after,11,1,2,Province Guard,Easy,1011,1000-1019,0.05,passive,player=0;native_rivals,guarded_player90,62.00,win,6,60.049,0,0,0
working-tree-v11,after,11,1,2,Province Guard,Easy,1012,1000-1019,0.05,passive,player=0;native_rivals,guarded_player90,62.00,win,6,60.049,0,0,0
working-tree-v11,after,11,1,2,Province Guard,Easy,1013,1000-1019,0.05,passive,player=0;native_rivals,guarded_player90,62.00,win,6,60.049,0,0,0
working-tree-v11,after,11,1,2,Province Guard,Easy,1014,1000-1019,0.05,passive,player=0;native_rivals,guarded_player90,62.00,win,6,60.049,0,0,0
working-tree-v11,after,11,1,2,Province Guard,Easy,1015,1000-1019,0.05,passive,player=0;native_rivals,guarded_player90,62.00,win,6,60.049,0,0,0
working-tree-v11,after,11,1,2,Province Guard,Easy,1016,1000-1019,0.05,passive,player=0;native_rivals,guarded_player90,62.00,win,6,60.049,0,0,0
working-tree-v11,after,11,1,2,Province Guard,Easy,1017,1000-1019,0.05,passive,player=0;native_rivals,guarded_player90,62.00,win,6,60.049,0,0,0
working-tree-v11,after,11,1,2,Province Guard,Easy,1018,1000-1019,0.05,passive,player=0;native_rivals,guarded_player90,62.00,win,6,60.049,0,0,0
working-tree-v11,after,11,1,2,Province Guard,Easy,1019,1000-1019,0.05,passive,player=0;native_rivals,guarded_player90,62.00,win,6,60.049,0,0,0
working-tree-v11,before,10,1,1,Province Guard,Normal,0,0-19,0.05,passive,player=0;native_rivals,guarded_player90,62.00,win,6,60.049,0,0,0
working-tree-v11,before,10,1,1,Province Guard,Normal,1,0-19,0.05,passive,player=0;native_rivals,guarded_player90,62.00,loss,2,58.199,0,0,131
working-tree-v11,before,10,1,1,Province Guard,Normal,2,0-19,0.05,passive,player=0;native_rivals,guarded_player90,62.00,loss,2,55.649,0,0,130
working-tree-v11,before,10,1,1,Province Guard,Normal,3,0-19,0.05,passive,player=0;native_rivals,guarded_player90,62.00,win,6,60.049,0,0,11
working-tree-v11,before,10,1,1,Province Guard,Normal,4,0-19,0.05,passive,player=0;native_rivals,guarded_player90,62.00,win,6,60.049,0,0,0
working-tree-v11,before,10,1,1,Province Guard,Normal,5,0-19,0.05,passive,player=0;native_rivals,guarded_player90,62.00,win,6,60.049,0,0,0
working-tree-v11,before,10,1,1,Province Guard,Normal,6,0-19,0.05,passive,player=0;native_rivals,guarded_player90,62.00,win,6,60.049,0,0,0
working-tree-v11,before,10,1,1,Province Guard,Normal,7,0-19,0.05,passive,player=0;native_rivals,guarded_player90,62.00,win,6,60.049,0,0,0
working-tree-v11,before,10,1,1,Province Guard,Normal,8,0-19,0.05,passive,player=0;native_rivals,guarded_player90,62.00,win,6,60.049,0,0,0
working-tree-v11,before,10,1,1,Province Guard,Normal,9,0-19,0.05,passive,player=0;native_rivals,guarded_player90,62.00,win,6,60.049,0,0,0
working-tree-v11,before,10,1,1,Province Guard,Normal,10,0-19,0.05,passive,player=0;native_rivals,guarded_player90,62.00,win,6,60.049,0,0,0
working-tree-v11,before,10,1,1,Province Guard,Normal,11,0-19,0.05,passive,player=0;native_rivals,guarded_player90,62.00,win,6,60.049,0,0,0
working-tree-v11,before,10,1,1,Province Guard,Normal,12,0-19,0.05,passive,player=0;native_rivals,guarded_player90,62.00,win,6,60.049,0,0,0
working-tree-v11,before,10,1,1,Province Guard,Normal,13,0-19,0.05,passive,player=0;native_rivals,guarded_player90,62.00,win,6,60.049,0,0,0
working-tree-v11,before,10,1,1,Province Guard,Normal,14,0-19,0.05,passive,player=0;native_rivals,guarded_player90,62.00,win,6,60.049,0,0,0
working-tree-v11,before,10,1,1,Province Guard,Normal,15,0-19,0.05,passive,player=0;native_rivals,guarded_player90,62.00,win,6,60.049,0,0,0
working-tree-v11,before,10,1,1,Province Guard,Normal,16,0-19,0.05,passive,player=0;native_rivals,guarded_player90,62.00,win,6,60.049,0,0,0
working-tree-v11,before,10,1,1,Province Guard,Normal,17,0-19,0.05,passive,player=0;native_rivals,guarded_player90,62.00,win,6,60.049,0,0,0
working-tree-v11,before,10,1,1,Province Guard,Normal,18,0-19,0.05,passive,player=0;native_rivals,guarded_player90,62.00,win,6,60.049,0,0,0
working-tree-v11,before,10,1,1,Province Guard,Normal,19,0-19,0.05,passive,player=0;native_rivals,guarded_player90,62.00,loss,2,57.099,0,0,128
working-tree-v11,after,11,1,2,Province Guard,Normal,0,0-19,0.05,passive,player=0;native_rivals,guarded_player90,62.00,loss,2,36.300,0,0,113
working-tree-v11,after,11,1,2,Province Guard,Normal,1,0-19,0.05,passive,player=0;native_rivals,guarded_player90,62.00,loss,2,32.350,0,0,105
working-tree-v11,after,11,1,2,Province Guard,Normal,2,0-19,0.05,passive,player=0;native_rivals,guarded_player90,62.00,loss,2,33.000,0,0,106
working-tree-v11,after,11,1,2,Province Guard,Normal,3,0-19,0.05,passive,player=0;native_rivals,guarded_player90,62.00,loss,2,29.550,0,0,99
working-tree-v11,after,11,1,2,Province Guard,Normal,4,0-19,0.05,passive,player=0;native_rivals,guarded_player90,62.00,loss,2,30.400,0,0,100
working-tree-v11,after,11,1,2,Province Guard,Normal,5,0-19,0.05,passive,player=0;native_rivals,guarded_player90,62.00,loss,2,33.650,0,0,108
working-tree-v11,after,11,1,2,Province Guard,Normal,6,0-19,0.05,passive,player=0;native_rivals,guarded_player90,62.00,loss,2,31.550,0,0,103
working-tree-v11,after,11,1,2,Province Guard,Normal,7,0-19,0.05,passive,player=0;native_rivals,guarded_player90,62.00,loss,2,29.850,0,0,99
working-tree-v11,after,11,1,2,Province Guard,Normal,8,0-19,0.05,passive,player=0;native_rivals,guarded_player90,62.00,loss,2,30.300,0,0,100
working-tree-v11,after,11,1,2,Province Guard,Normal,9,0-19,0.05,passive,player=0;native_rivals,guarded_player90,62.00,loss,2,33.250,0,0,107
working-tree-v11,after,11,1,2,Province Guard,Normal,10,0-19,0.05,passive,player=0;native_rivals,guarded_player90,62.00,loss,2,34.150,0,0,109
working-tree-v11,after,11,1,2,Province Guard,Normal,11,0-19,0.05,passive,player=0;native_rivals,guarded_player90,62.00,loss,2,35.250,0,0,111
working-tree-v11,after,11,1,2,Province Guard,Normal,12,0-19,0.05,passive,player=0;native_rivals,guarded_player90,62.00,loss,2,30.050,0,0,100
working-tree-v11,after,11,1,2,Province Guard,Normal,13,0-19,0.05,passive,player=0;native_rivals,guarded_player90,62.00,loss,2,33.250,0,0,107
working-tree-v11,after,11,1,2,Province Guard,Normal,14,0-19,0.05,passive,player=0;native_rivals,guarded_player90,62.00,loss,2,31.550,0,0,103
working-tree-v11,after,11,1,2,Province Guard,Normal,15,0-19,0.05,passive,player=0;native_rivals,guarded_player90,62.00,loss,2,31.150,0,0,102
working-tree-v11,after,11,1,2,Province Guard,Normal,16,0-19,0.05,passive,player=0;native_rivals,guarded_player90,62.00,loss,2,30.300,0,0,100
working-tree-v11,after,11,1,2,Province Guard,Normal,17,0-19,0.05,passive,player=0;native_rivals,guarded_player90,62.00,loss,2,30.500,0,0,101
working-tree-v11,after,11,1,2,Province Guard,Normal,18,0-19,0.05,passive,player=0;native_rivals,guarded_player90,62.00,loss,2,37.350,0,0,116
working-tree-v11,after,11,1,2,Province Guard,Normal,19,0-19,0.05,passive,player=0;native_rivals,guarded_player90,62.00,loss,2,29.900,0,0,99
working-tree-v11,before,10,1,1,Province Guard,Normal,1000,1000-1019,0.05,passive,player=0;native_rivals,guarded_player90,62.00,win,6,60.049,0,0,0
working-tree-v11,before,10,1,1,Province Guard,Normal,1001,1000-1019,0.05,passive,player=0;native_rivals,guarded_player90,62.00,win,6,60.049,0,0,0
working-tree-v11,before,10,1,1,Province Guard,Normal,1002,1000-1019,0.05,passive,player=0;native_rivals,guarded_player90,62.00,win,6,60.049,0,0,0
working-tree-v11,before,10,1,1,Province Guard,Normal,1003,1000-1019,0.05,passive,player=0;native_rivals,guarded_player90,62.00,win,6,60.049,0,0,0
working-tree-v11,before,10,1,1,Province Guard,Normal,1004,1000-1019,0.05,passive,player=0;native_rivals,guarded_player90,62.00,loss,2,58.699,0,0,131
working-tree-v11,before,10,1,1,Province Guard,Normal,1005,1000-1019,0.05,passive,player=0;native_rivals,guarded_player90,62.00,loss,2,57.249,0,0,130
working-tree-v11,before,10,1,1,Province Guard,Normal,1006,1000-1019,0.05,passive,player=0;native_rivals,guarded_player90,62.00,win,6,60.049,0,0,0
working-tree-v11,before,10,1,1,Province Guard,Normal,1007,1000-1019,0.05,passive,player=0;native_rivals,guarded_player90,62.00,win,6,60.049,0,0,0
working-tree-v11,before,10,1,1,Province Guard,Normal,1008,1000-1019,0.05,passive,player=0;native_rivals,guarded_player90,62.00,win,6,60.049,0,0,6
working-tree-v11,before,10,1,1,Province Guard,Normal,1009,1000-1019,0.05,passive,player=0;native_rivals,guarded_player90,62.00,win,6,60.049,0,0,0
working-tree-v11,before,10,1,1,Province Guard,Normal,1010,1000-1019,0.05,passive,player=0;native_rivals,guarded_player90,62.00,loss,2,58.349,0,0,130
working-tree-v11,before,10,1,1,Province Guard,Normal,1011,1000-1019,0.05,passive,player=0;native_rivals,guarded_player90,62.00,win,6,60.049,0,0,0
working-tree-v11,before,10,1,1,Province Guard,Normal,1012,1000-1019,0.05,passive,player=0;native_rivals,guarded_player90,62.00,win,6,60.049,0,0,0
working-tree-v11,before,10,1,1,Province Guard,Normal,1013,1000-1019,0.05,passive,player=0;native_rivals,guarded_player90,62.00,win,6,60.049,0,0,0
working-tree-v11,before,10,1,1,Province Guard,Normal,1014,1000-1019,0.05,passive,player=0;native_rivals,guarded_player90,62.00,win,6,60.049,0,0,0
working-tree-v11,before,10,1,1,Province Guard,Normal,1015,1000-1019,0.05,passive,player=0;native_rivals,guarded_player90,62.00,win,6,60.049,0,0,0
working-tree-v11,before,10,1,1,Province Guard,Normal,1016,1000-1019,0.05,passive,player=0;native_rivals,guarded_player90,62.00,loss,2,56.849,0,0,130
working-tree-v11,before,10,1,1,Province Guard,Normal,1017,1000-1019,0.05,passive,player=0;native_rivals,guarded_player90,62.00,win,6,60.049,0,0,0
working-tree-v11,before,10,1,1,Province Guard,Normal,1018,1000-1019,0.05,passive,player=0;native_rivals,guarded_player90,62.00,win,6,60.049,0,0,0
working-tree-v11,before,10,1,1,Province Guard,Normal,1019,1000-1019,0.05,passive,player=0;native_rivals,guarded_player90,62.00,win,6,60.049,0,0,0
working-tree-v11,after,11,1,2,Province Guard,Normal,1000,1000-1019,0.05,passive,player=0;native_rivals,guarded_player90,62.00,loss,2,27.850,0,0,95
working-tree-v11,after,11,1,2,Province Guard,Normal,1001,1000-1019,0.05,passive,player=0;native_rivals,guarded_player90,62.00,loss,2,30.700,0,0,101
working-tree-v11,after,11,1,2,Province Guard,Normal,1002,1000-1019,0.05,passive,player=0;native_rivals,guarded_player90,62.00,loss,2,30.800,0,0,101
working-tree-v11,after,11,1,2,Province Guard,Normal,1003,1000-1019,0.05,passive,player=0;native_rivals,guarded_player90,62.00,loss,2,31.550,0,0,103
working-tree-v11,after,11,1,2,Province Guard,Normal,1004,1000-1019,0.05,passive,player=0;native_rivals,guarded_player90,62.00,loss,2,29.300,0,0,98
working-tree-v11,after,11,1,2,Province Guard,Normal,1005,1000-1019,0.05,passive,player=0;native_rivals,guarded_player90,62.00,loss,2,29.250,0,0,98
working-tree-v11,after,11,1,2,Province Guard,Normal,1006,1000-1019,0.05,passive,player=0;native_rivals,guarded_player90,62.00,loss,2,32.550,0,0,105
working-tree-v11,after,11,1,2,Province Guard,Normal,1007,1000-1019,0.05,passive,player=0;native_rivals,guarded_player90,62.00,loss,2,30.800,0,0,101
working-tree-v11,after,11,1,2,Province Guard,Normal,1008,1000-1019,0.05,passive,player=0;native_rivals,guarded_player90,62.00,loss,2,33.700,0,0,108
working-tree-v11,after,11,1,2,Province Guard,Normal,1009,1000-1019,0.05,passive,player=0;native_rivals,guarded_player90,62.00,loss,2,32.900,0,0,106
working-tree-v11,after,11,1,2,Province Guard,Normal,1010,1000-1019,0.05,passive,player=0;native_rivals,guarded_player90,62.00,loss,2,30.100,0,0,100
working-tree-v11,after,11,1,2,Province Guard,Normal,1011,1000-1019,0.05,passive,player=0;native_rivals,guarded_player90,62.00,loss,2,31.750,0,0,103
working-tree-v11,after,11,1,2,Province Guard,Normal,1012,1000-1019,0.05,passive,player=0;native_rivals,guarded_player90,62.00,loss,2,29.600,0,0,99
working-tree-v11,after,11,1,2,Province Guard,Normal,1013,1000-1019,0.05,passive,player=0;native_rivals,guarded_player90,62.00,loss,2,29.850,0,0,99
working-tree-v11,after,11,1,2,Province Guard,Normal,1014,1000-1019,0.05,passive,player=0;native_rivals,guarded_player90,62.00,loss,2,32.100,0,0,104
working-tree-v11,after,11,1,2,Province Guard,Normal,1015,1000-1019,0.05,passive,player=0;native_rivals,guarded_player90,62.00,loss,2,30.450,0,0,100
working-tree-v11,after,11,1,2,Province Guard,Normal,1016,1000-1019,0.05,passive,player=0;native_rivals,guarded_player90,62.00,loss,2,33.200,0,0,107
working-tree-v11,after,11,1,2,Province Guard,Normal,1017,1000-1019,0.05,passive,player=0;native_rivals,guarded_player90,62.00,loss,2,28.750,0,0,97
working-tree-v11,after,11,1,2,Province Guard,Normal,1018,1000-1019,0.05,passive,player=0;native_rivals,guarded_player90,62.00,loss,2,32.300,0,0,105
working-tree-v11,after,11,1,2,Province Guard,Normal,1019,1000-1019,0.05,passive,player=0;native_rivals,guarded_player90,62.00,loss,2,29.900,0,0,99
working-tree-v11,before,10,1,1,Province Guard,Hard,0,0-19,0.05,passive,player=0;native_rivals,guarded_player90,62.00,win,6,60.049,0,0,0
working-tree-v11,before,10,1,1,Province Guard,Hard,1,0-19,0.05,passive,player=0;native_rivals,guarded_player90,62.00,win,6,60.049,0,0,0
working-tree-v11,before,10,1,1,Province Guard,Hard,2,0-19,0.05,passive,player=0;native_rivals,guarded_player90,62.00,win,6,60.049,0,0,0
working-tree-v11,before,10,1,1,Province Guard,Hard,3,0-19,0.05,passive,player=0;native_rivals,guarded_player90,62.00,win,6,60.049,0,0,0
working-tree-v11,before,10,1,1,Province Guard,Hard,4,0-19,0.05,passive,player=0;native_rivals,guarded_player90,62.00,win,6,60.049,0,0,0
working-tree-v11,before,10,1,1,Province Guard,Hard,5,0-19,0.05,passive,player=0;native_rivals,guarded_player90,62.00,win,6,60.049,0,0,0
working-tree-v11,before,10,1,1,Province Guard,Hard,6,0-19,0.05,passive,player=0;native_rivals,guarded_player90,62.00,win,6,60.049,0,0,0
working-tree-v11,before,10,1,1,Province Guard,Hard,7,0-19,0.05,passive,player=0;native_rivals,guarded_player90,62.00,win,6,60.049,0,0,0
working-tree-v11,before,10,1,1,Province Guard,Hard,8,0-19,0.05,passive,player=0;native_rivals,guarded_player90,62.00,win,6,60.049,0,0,0
working-tree-v11,before,10,1,1,Province Guard,Hard,9,0-19,0.05,passive,player=0;native_rivals,guarded_player90,62.00,win,6,60.049,0,0,0
working-tree-v11,before,10,1,1,Province Guard,Hard,10,0-19,0.05,passive,player=0;native_rivals,guarded_player90,62.00,win,6,60.049,0,0,0
working-tree-v11,before,10,1,1,Province Guard,Hard,11,0-19,0.05,passive,player=0;native_rivals,guarded_player90,62.00,win,6,60.049,0,0,0
working-tree-v11,before,10,1,1,Province Guard,Hard,12,0-19,0.05,passive,player=0;native_rivals,guarded_player90,62.00,win,6,60.049,0,0,0
working-tree-v11,before,10,1,1,Province Guard,Hard,13,0-19,0.05,passive,player=0;native_rivals,guarded_player90,62.00,win,6,60.049,0,0,0
working-tree-v11,before,10,1,1,Province Guard,Hard,14,0-19,0.05,passive,player=0;native_rivals,guarded_player90,62.00,win,6,60.049,0,0,0
working-tree-v11,before,10,1,1,Province Guard,Hard,15,0-19,0.05,passive,player=0;native_rivals,guarded_player90,62.00,win,6,60.049,0,0,0
working-tree-v11,before,10,1,1,Province Guard,Hard,16,0-19,0.05,passive,player=0;native_rivals,guarded_player90,62.00,win,6,60.049,0,0,0
working-tree-v11,before,10,1,1,Province Guard,Hard,17,0-19,0.05,passive,player=0;native_rivals,guarded_player90,62.00,win,6,60.049,0,0,0
working-tree-v11,before,10,1,1,Province Guard,Hard,18,0-19,0.05,passive,player=0;native_rivals,guarded_player90,62.00,win,6,60.049,0,0,0
working-tree-v11,before,10,1,1,Province Guard,Hard,19,0-19,0.05,passive,player=0;native_rivals,guarded_player90,62.00,win,6,60.049,0,0,0
working-tree-v11,after,11,1,2,Province Guard,Hard,0,0-19,0.05,passive,player=0;native_rivals,guarded_player90,62.00,loss,2,33.550,0,0,107
working-tree-v11,after,11,1,2,Province Guard,Hard,1,0-19,0.05,passive,player=0;native_rivals,guarded_player90,62.00,loss,2,32.400,0,0,105
working-tree-v11,after,11,1,2,Province Guard,Hard,2,0-19,0.05,passive,player=0;native_rivals,guarded_player90,62.00,loss,2,34.050,0,0,108
working-tree-v11,after,11,1,2,Province Guard,Hard,3,0-19,0.05,passive,player=0;native_rivals,guarded_player90,62.00,loss,2,29.500,0,0,98
working-tree-v11,after,11,1,2,Province Guard,Hard,4,0-19,0.05,passive,player=0;native_rivals,guarded_player90,62.00,loss,2,34.350,0,0,109
working-tree-v11,after,11,1,2,Province Guard,Hard,5,0-19,0.05,passive,player=0;native_rivals,guarded_player90,62.00,loss,2,31.900,0,0,104
working-tree-v11,after,11,1,2,Province Guard,Hard,6,0-19,0.05,passive,player=0;native_rivals,guarded_player90,62.00,loss,2,31.700,0,0,103
working-tree-v11,after,11,1,2,Province Guard,Hard,7,0-19,0.05,passive,player=0;native_rivals,guarded_player90,62.00,loss,2,30.600,0,0,101
working-tree-v11,after,11,1,2,Province Guard,Hard,8,0-19,0.05,passive,player=0;native_rivals,guarded_player90,62.00,loss,2,31.950,0,0,104
working-tree-v11,after,11,1,2,Province Guard,Hard,9,0-19,0.05,passive,player=0;native_rivals,guarded_player90,62.00,loss,2,30.400,0,0,100
working-tree-v11,after,11,1,2,Province Guard,Hard,10,0-19,0.05,passive,player=0;native_rivals,guarded_player90,62.00,loss,2,30.550,0,0,101
working-tree-v11,after,11,1,2,Province Guard,Hard,11,0-19,0.05,passive,player=0;native_rivals,guarded_player90,62.00,loss,2,36.300,0,0,113
working-tree-v11,after,11,1,2,Province Guard,Hard,12,0-19,0.05,passive,player=0;native_rivals,guarded_player90,62.00,loss,2,36.950,0,0,115
working-tree-v11,after,11,1,2,Province Guard,Hard,13,0-19,0.05,passive,player=0;native_rivals,guarded_player90,62.00,loss,2,36.500,0,0,114
working-tree-v11,after,11,1,2,Province Guard,Hard,14,0-19,0.05,passive,player=0;native_rivals,guarded_player90,62.00,loss,2,34.150,0,0,109
working-tree-v11,after,11,1,2,Province Guard,Hard,15,0-19,0.05,passive,player=0;native_rivals,guarded_player90,62.00,loss,2,30.400,0,0,100
working-tree-v11,after,11,1,2,Province Guard,Hard,16,0-19,0.05,passive,player=0;native_rivals,guarded_player90,62.00,loss,2,34.300,0,0,109
working-tree-v11,after,11,1,2,Province Guard,Hard,17,0-19,0.05,passive,player=0;native_rivals,guarded_player90,62.00,loss,2,33.350,0,0,107
working-tree-v11,after,11,1,2,Province Guard,Hard,18,0-19,0.05,passive,player=0;native_rivals,guarded_player90,62.00,loss,2,33.750,0,0,108
working-tree-v11,after,11,1,2,Province Guard,Hard,19,0-19,0.05,passive,player=0;native_rivals,guarded_player90,62.00,loss,2,29.950,0,0,99
working-tree-v11,before,10,1,1,Province Guard,Hard,1000,1000-1019,0.05,passive,player=0;native_rivals,guarded_player90,62.00,win,6,60.049,0,0,0
working-tree-v11,before,10,1,1,Province Guard,Hard,1001,1000-1019,0.05,passive,player=0;native_rivals,guarded_player90,62.00,win,6,60.049,0,0,0
working-tree-v11,before,10,1,1,Province Guard,Hard,1002,1000-1019,0.05,passive,player=0;native_rivals,guarded_player90,62.00,win,6,60.049,0,0,0
working-tree-v11,before,10,1,1,Province Guard,Hard,1003,1000-1019,0.05,passive,player=0;native_rivals,guarded_player90,62.00,win,6,60.049,0,0,0
working-tree-v11,before,10,1,1,Province Guard,Hard,1004,1000-1019,0.05,passive,player=0;native_rivals,guarded_player90,62.00,win,6,60.049,0,0,0
working-tree-v11,before,10,1,1,Province Guard,Hard,1005,1000-1019,0.05,passive,player=0;native_rivals,guarded_player90,62.00,win,6,60.049,0,0,0
working-tree-v11,before,10,1,1,Province Guard,Hard,1006,1000-1019,0.05,passive,player=0;native_rivals,guarded_player90,62.00,win,6,60.049,0,0,0
working-tree-v11,before,10,1,1,Province Guard,Hard,1007,1000-1019,0.05,passive,player=0;native_rivals,guarded_player90,62.00,win,6,60.049,0,0,0
working-tree-v11,before,10,1,1,Province Guard,Hard,1008,1000-1019,0.05,passive,player=0;native_rivals,guarded_player90,62.00,win,6,60.049,0,0,0
working-tree-v11,before,10,1,1,Province Guard,Hard,1009,1000-1019,0.05,passive,player=0;native_rivals,guarded_player90,62.00,win,6,60.049,0,0,0
working-tree-v11,before,10,1,1,Province Guard,Hard,1010,1000-1019,0.05,passive,player=0;native_rivals,guarded_player90,62.00,win,6,60.049,0,0,0
working-tree-v11,before,10,1,1,Province Guard,Hard,1011,1000-1019,0.05,passive,player=0;native_rivals,guarded_player90,62.00,win,6,60.049,0,0,0
working-tree-v11,before,10,1,1,Province Guard,Hard,1012,1000-1019,0.05,passive,player=0;native_rivals,guarded_player90,62.00,win,6,60.049,0,0,0
working-tree-v11,before,10,1,1,Province Guard,Hard,1013,1000-1019,0.05,passive,player=0;native_rivals,guarded_player90,62.00,win,6,60.049,0,0,0
working-tree-v11,before,10,1,1,Province Guard,Hard,1014,1000-1019,0.05,passive,player=0;native_rivals,guarded_player90,62.00,win,6,60.049,0,0,0
working-tree-v11,before,10,1,1,Province Guard,Hard,1015,1000-1019,0.05,passive,player=0;native_rivals,guarded_player90,62.00,win,6,60.049,0,0,0
working-tree-v11,before,10,1,1,Province Guard,Hard,1016,1000-1019,0.05,passive,player=0;native_rivals,guarded_player90,62.00,win,6,60.049,0,0,0
working-tree-v11,before,10,1,1,Province Guard,Hard,1017,1000-1019,0.05,passive,player=0;native_rivals,guarded_player90,62.00,win,6,60.049,0,0,0
working-tree-v11,before,10,1,1,Province Guard,Hard,1018,1000-1019,0.05,passive,player=0;native_rivals,guarded_player90,62.00,win,6,60.049,0,0,0
working-tree-v11,before,10,1,1,Province Guard,Hard,1019,1000-1019,0.05,passive,player=0;native_rivals,guarded_player90,62.00,win,6,60.049,0,0,26
working-tree-v11,after,11,1,2,Province Guard,Hard,1000,1000-1019,0.05,passive,player=0;native_rivals,guarded_player90,62.00,loss,2,32.800,0,0,106
working-tree-v11,after,11,1,2,Province Guard,Hard,1001,1000-1019,0.05,passive,player=0;native_rivals,guarded_player90,62.00,loss,2,31.100,0,0,102
working-tree-v11,after,11,1,2,Province Guard,Hard,1002,1000-1019,0.05,passive,player=0;native_rivals,guarded_player90,62.00,loss,2,29.650,0,0,99
working-tree-v11,after,11,1,2,Province Guard,Hard,1003,1000-1019,0.05,passive,player=0;native_rivals,guarded_player90,62.00,loss,2,34.950,0,0,110
working-tree-v11,after,11,1,2,Province Guard,Hard,1004,1000-1019,0.05,passive,player=0;native_rivals,guarded_player90,62.00,loss,2,30.150,0,0,100
working-tree-v11,after,11,1,2,Province Guard,Hard,1005,1000-1019,0.05,passive,player=0;native_rivals,guarded_player90,62.00,loss,2,31.800,0,0,103
working-tree-v11,after,11,1,2,Province Guard,Hard,1006,1000-1019,0.05,passive,player=0;native_rivals,guarded_player90,62.00,loss,2,34.500,0,0,109
working-tree-v11,after,11,1,2,Province Guard,Hard,1007,1000-1019,0.05,passive,player=0;native_rivals,guarded_player90,62.00,loss,2,33.800,0,0,108
working-tree-v11,after,11,1,2,Province Guard,Hard,1008,1000-1019,0.05,passive,player=0;native_rivals,guarded_player90,62.00,loss,2,32.050,0,0,104
working-tree-v11,after,11,1,2,Province Guard,Hard,1009,1000-1019,0.05,passive,player=0;native_rivals,guarded_player90,62.00,loss,2,32.100,0,0,104
working-tree-v11,after,11,1,2,Province Guard,Hard,1010,1000-1019,0.05,passive,player=0;native_rivals,guarded_player90,62.00,loss,2,34.200,0,0,109
working-tree-v11,after,11,1,2,Province Guard,Hard,1011,1000-1019,0.05,passive,player=0;native_rivals,guarded_player90,62.00,loss,2,32.350,0,0,105
working-tree-v11,after,11,1,2,Province Guard,Hard,1012,1000-1019,0.05,passive,player=0;native_rivals,guarded_player90,62.00,loss,2,32.700,0,0,105
working-tree-v11,after,11,1,2,Province Guard,Hard,1013,1000-1019,0.05,passive,player=0;native_rivals,guarded_player90,62.00,loss,2,30.000,0,0,100
working-tree-v11,after,11,1,2,Province Guard,Hard,1014,1000-1019,0.05,passive,player=0;native_rivals,guarded_player90,62.00,loss,2,34.350,0,0,109
working-tree-v11,after,11,1,2,Province Guard,Hard,1015,1000-1019,0.05,passive,player=0;native_rivals,guarded_player90,62.00,loss,2,34.850,0,0,110
working-tree-v11,after,11,1,2,Province Guard,Hard,1016,1000-1019,0.05,passive,player=0;native_rivals,guarded_player90,62.00,loss,2,31.250,0,0,102
working-tree-v11,after,11,1,2,Province Guard,Hard,1017,1000-1019,0.05,passive,player=0;native_rivals,guarded_player90,62.00,loss,2,30.050,0,0,100
working-tree-v11,after,11,1,2,Province Guard,Hard,1018,1000-1019,0.05,passive,player=0;native_rivals,guarded_player90,62.00,loss,2,32.550,0,0,105
working-tree-v11,after,11,1,2,Province Guard,Hard,1019,1000-1019,0.05,passive,player=0;native_rivals,guarded_player90,62.00,loss,2,33.450,0,0,107
working-tree-v11,before,10,1,1,Veiled Guard,Easy,0,0-19,0.05,passive,player=0;native_rivals,guarded_player90,92.00,win,6,90.001,0,0,0
working-tree-v11,before,10,1,1,Veiled Guard,Easy,1,0-19,0.05,passive,player=0;native_rivals,guarded_player90,92.00,win,6,90.001,0,0,0
working-tree-v11,before,10,1,1,Veiled Guard,Easy,2,0-19,0.05,passive,player=0;native_rivals,guarded_player90,92.00,win,6,90.001,0,0,0
working-tree-v11,before,10,1,1,Veiled Guard,Easy,3,0-19,0.05,passive,player=0;native_rivals,guarded_player90,92.00,win,6,90.001,0,0,0
working-tree-v11,before,10,1,1,Veiled Guard,Easy,4,0-19,0.05,passive,player=0;native_rivals,guarded_player90,92.00,win,6,90.001,0,0,0
working-tree-v11,before,10,1,1,Veiled Guard,Easy,5,0-19,0.05,passive,player=0;native_rivals,guarded_player90,92.00,win,6,90.001,0,0,0
working-tree-v11,before,10,1,1,Veiled Guard,Easy,6,0-19,0.05,passive,player=0;native_rivals,guarded_player90,92.00,win,6,90.001,0,0,0
working-tree-v11,before,10,1,1,Veiled Guard,Easy,7,0-19,0.05,passive,player=0;native_rivals,guarded_player90,92.00,win,6,90.001,0,0,0
working-tree-v11,before,10,1,1,Veiled Guard,Easy,8,0-19,0.05,passive,player=0;native_rivals,guarded_player90,92.00,win,6,90.001,0,0,0
working-tree-v11,before,10,1,1,Veiled Guard,Easy,9,0-19,0.05,passive,player=0;native_rivals,guarded_player90,92.00,win,6,90.001,0,0,0
working-tree-v11,before,10,1,1,Veiled Guard,Easy,10,0-19,0.05,passive,player=0;native_rivals,guarded_player90,92.00,win,6,90.001,0,0,0
working-tree-v11,before,10,1,1,Veiled Guard,Easy,11,0-19,0.05,passive,player=0;native_rivals,guarded_player90,92.00,win,6,90.001,0,0,0
working-tree-v11,before,10,1,1,Veiled Guard,Easy,12,0-19,0.05,passive,player=0;native_rivals,guarded_player90,92.00,win,6,90.001,0,0,0
working-tree-v11,before,10,1,1,Veiled Guard,Easy,13,0-19,0.05,passive,player=0;native_rivals,guarded_player90,92.00,win,6,90.001,0,0,0
working-tree-v11,before,10,1,1,Veiled Guard,Easy,14,0-19,0.05,passive,player=0;native_rivals,guarded_player90,92.00,win,6,90.001,0,0,0
working-tree-v11,before,10,1,1,Veiled Guard,Easy,15,0-19,0.05,passive,player=0;native_rivals,guarded_player90,92.00,win,6,90.001,0,0,0
working-tree-v11,before,10,1,1,Veiled Guard,Easy,16,0-19,0.05,passive,player=0;native_rivals,guarded_player90,92.00,win,6,90.001,0,0,0
working-tree-v11,before,10,1,1,Veiled Guard,Easy,17,0-19,0.05,passive,player=0;native_rivals,guarded_player90,92.00,win,6,90.001,0,0,0
working-tree-v11,before,10,1,1,Veiled Guard,Easy,18,0-19,0.05,passive,player=0;native_rivals,guarded_player90,92.00,win,6,90.001,0,0,0
working-tree-v11,before,10,1,1,Veiled Guard,Easy,19,0-19,0.05,passive,player=0;native_rivals,guarded_player90,92.00,win,6,90.001,0,0,0
working-tree-v11,after,11,1,2,Veiled Guard,Easy,0,0-19,0.05,passive,player=0;native_rivals,guarded_player90,92.00,win,6,90.001,0,0,0
working-tree-v11,after,11,1,2,Veiled Guard,Easy,1,0-19,0.05,passive,player=0;native_rivals,guarded_player90,92.00,win,6,90.001,0,0,0
working-tree-v11,after,11,1,2,Veiled Guard,Easy,2,0-19,0.05,passive,player=0;native_rivals,guarded_player90,92.00,win,6,90.001,0,0,0
working-tree-v11,after,11,1,2,Veiled Guard,Easy,3,0-19,0.05,passive,player=0;native_rivals,guarded_player90,92.00,win,6,90.001,0,0,0
working-tree-v11,after,11,1,2,Veiled Guard,Easy,4,0-19,0.05,passive,player=0;native_rivals,guarded_player90,92.00,win,6,90.001,0,0,0
working-tree-v11,after,11,1,2,Veiled Guard,Easy,5,0-19,0.05,passive,player=0;native_rivals,guarded_player90,92.00,win,6,90.001,0,0,0
working-tree-v11,after,11,1,2,Veiled Guard,Easy,6,0-19,0.05,passive,player=0;native_rivals,guarded_player90,92.00,win,6,90.001,0,0,0
working-tree-v11,after,11,1,2,Veiled Guard,Easy,7,0-19,0.05,passive,player=0;native_rivals,guarded_player90,92.00,win,6,90.001,0,0,0
working-tree-v11,after,11,1,2,Veiled Guard,Easy,8,0-19,0.05,passive,player=0;native_rivals,guarded_player90,92.00,win,6,90.001,0,0,0
working-tree-v11,after,11,1,2,Veiled Guard,Easy,9,0-19,0.05,passive,player=0;native_rivals,guarded_player90,92.00,win,6,90.001,0,0,0
working-tree-v11,after,11,1,2,Veiled Guard,Easy,10,0-19,0.05,passive,player=0;native_rivals,guarded_player90,92.00,win,6,90.001,0,0,0
working-tree-v11,after,11,1,2,Veiled Guard,Easy,11,0-19,0.05,passive,player=0;native_rivals,guarded_player90,92.00,win,6,90.001,0,0,0
working-tree-v11,after,11,1,2,Veiled Guard,Easy,12,0-19,0.05,passive,player=0;native_rivals,guarded_player90,92.00,win,6,90.001,0,0,0
working-tree-v11,after,11,1,2,Veiled Guard,Easy,13,0-19,0.05,passive,player=0;native_rivals,guarded_player90,92.00,win,6,90.001,0,0,0
working-tree-v11,after,11,1,2,Veiled Guard,Easy,14,0-19,0.05,passive,player=0;native_rivals,guarded_player90,92.00,win,6,90.001,0,0,0
working-tree-v11,after,11,1,2,Veiled Guard,Easy,15,0-19,0.05,passive,player=0;native_rivals,guarded_player90,92.00,win,6,90.001,0,0,0
working-tree-v11,after,11,1,2,Veiled Guard,Easy,16,0-19,0.05,passive,player=0;native_rivals,guarded_player90,92.00,win,6,90.001,0,0,0
working-tree-v11,after,11,1,2,Veiled Guard,Easy,17,0-19,0.05,passive,player=0;native_rivals,guarded_player90,92.00,win,6,90.001,0,0,0
working-tree-v11,after,11,1,2,Veiled Guard,Easy,18,0-19,0.05,passive,player=0;native_rivals,guarded_player90,92.00,win,6,90.001,0,0,0
working-tree-v11,after,11,1,2,Veiled Guard,Easy,19,0-19,0.05,passive,player=0;native_rivals,guarded_player90,92.00,win,6,90.001,0,0,0
working-tree-v11,before,10,1,1,Veiled Guard,Easy,1000,1000-1019,0.05,passive,player=0;native_rivals,guarded_player90,92.00,win,6,90.001,0,0,0
working-tree-v11,before,10,1,1,Veiled Guard,Easy,1001,1000-1019,0.05,passive,player=0;native_rivals,guarded_player90,92.00,win,6,90.001,0,0,0
working-tree-v11,before,10,1,1,Veiled Guard,Easy,1002,1000-1019,0.05,passive,player=0;native_rivals,guarded_player90,92.00,win,6,90.001,0,0,0
working-tree-v11,before,10,1,1,Veiled Guard,Easy,1003,1000-1019,0.05,passive,player=0;native_rivals,guarded_player90,92.00,win,6,90.001,0,0,0
working-tree-v11,before,10,1,1,Veiled Guard,Easy,1004,1000-1019,0.05,passive,player=0;native_rivals,guarded_player90,92.00,win,6,90.001,0,0,0
working-tree-v11,before,10,1,1,Veiled Guard,Easy,1005,1000-1019,0.05,passive,player=0;native_rivals,guarded_player90,92.00,win,6,90.001,0,0,0
working-tree-v11,before,10,1,1,Veiled Guard,Easy,1006,1000-1019,0.05,passive,player=0;native_rivals,guarded_player90,92.00,win,6,90.001,0,0,0
working-tree-v11,before,10,1,1,Veiled Guard,Easy,1007,1000-1019,0.05,passive,player=0;native_rivals,guarded_player90,92.00,win,6,90.001,0,0,0
working-tree-v11,before,10,1,1,Veiled Guard,Easy,1008,1000-1019,0.05,passive,player=0;native_rivals,guarded_player90,92.00,win,6,90.001,0,0,0
working-tree-v11,before,10,1,1,Veiled Guard,Easy,1009,1000-1019,0.05,passive,player=0;native_rivals,guarded_player90,92.00,win,6,90.001,0,0,0
working-tree-v11,before,10,1,1,Veiled Guard,Easy,1010,1000-1019,0.05,passive,player=0;native_rivals,guarded_player90,92.00,win,6,90.001,0,0,0
working-tree-v11,before,10,1,1,Veiled Guard,Easy,1011,1000-1019,0.05,passive,player=0;native_rivals,guarded_player90,92.00,win,6,90.001,0,0,0
working-tree-v11,before,10,1,1,Veiled Guard,Easy,1012,1000-1019,0.05,passive,player=0;native_rivals,guarded_player90,92.00,win,6,90.001,0,0,0
working-tree-v11,before,10,1,1,Veiled Guard,Easy,1013,1000-1019,0.05,passive,player=0;native_rivals,guarded_player90,92.00,win,6,90.001,0,0,0
working-tree-v11,before,10,1,1,Veiled Guard,Easy,1014,1000-1019,0.05,passive,player=0;native_rivals,guarded_player90,92.00,win,6,90.001,0,0,0
working-tree-v11,before,10,1,1,Veiled Guard,Easy,1015,1000-1019,0.05,passive,player=0;native_rivals,guarded_player90,92.00,win,6,90.001,0,0,0
working-tree-v11,before,10,1,1,Veiled Guard,Easy,1016,1000-1019,0.05,passive,player=0;native_rivals,guarded_player90,92.00,win,6,90.001,0,0,0
working-tree-v11,before,10,1,1,Veiled Guard,Easy,1017,1000-1019,0.05,passive,player=0;native_rivals,guarded_player90,92.00,win,6,90.001,0,0,0
working-tree-v11,before,10,1,1,Veiled Guard,Easy,1018,1000-1019,0.05,passive,player=0;native_rivals,guarded_player90,92.00,win,6,90.001,0,0,0
working-tree-v11,before,10,1,1,Veiled Guard,Easy,1019,1000-1019,0.05,passive,player=0;native_rivals,guarded_player90,92.00,win,6,90.001,0,0,0
working-tree-v11,after,11,1,2,Veiled Guard,Easy,1000,1000-1019,0.05,passive,player=0;native_rivals,guarded_player90,92.00,win,6,90.001,0,0,0
working-tree-v11,after,11,1,2,Veiled Guard,Easy,1001,1000-1019,0.05,passive,player=0;native_rivals,guarded_player90,92.00,win,6,90.001,0,0,0
working-tree-v11,after,11,1,2,Veiled Guard,Easy,1002,1000-1019,0.05,passive,player=0;native_rivals,guarded_player90,92.00,win,6,90.001,0,0,0
working-tree-v11,after,11,1,2,Veiled Guard,Easy,1003,1000-1019,0.05,passive,player=0;native_rivals,guarded_player90,92.00,win,6,90.001,0,0,0
working-tree-v11,after,11,1,2,Veiled Guard,Easy,1004,1000-1019,0.05,passive,player=0;native_rivals,guarded_player90,92.00,win,6,90.001,0,0,0
working-tree-v11,after,11,1,2,Veiled Guard,Easy,1005,1000-1019,0.05,passive,player=0;native_rivals,guarded_player90,92.00,win,6,90.001,0,0,0
working-tree-v11,after,11,1,2,Veiled Guard,Easy,1006,1000-1019,0.05,passive,player=0;native_rivals,guarded_player90,92.00,win,6,90.001,0,0,0
working-tree-v11,after,11,1,2,Veiled Guard,Easy,1007,1000-1019,0.05,passive,player=0;native_rivals,guarded_player90,92.00,win,6,90.001,0,0,0
working-tree-v11,after,11,1,2,Veiled Guard,Easy,1008,1000-1019,0.05,passive,player=0;native_rivals,guarded_player90,92.00,win,6,90.001,0,0,0
working-tree-v11,after,11,1,2,Veiled Guard,Easy,1009,1000-1019,0.05,passive,player=0;native_rivals,guarded_player90,92.00,win,6,90.001,0,0,0
working-tree-v11,after,11,1,2,Veiled Guard,Easy,1010,1000-1019,0.05,passive,player=0;native_rivals,guarded_player90,92.00,win,6,90.001,0,0,0
working-tree-v11,after,11,1,2,Veiled Guard,Easy,1011,1000-1019,0.05,passive,player=0;native_rivals,guarded_player90,92.00,win,6,90.001,0,0,0
working-tree-v11,after,11,1,2,Veiled Guard,Easy,1012,1000-1019,0.05,passive,player=0;native_rivals,guarded_player90,92.00,win,6,90.001,0,0,0
working-tree-v11,after,11,1,2,Veiled Guard,Easy,1013,1000-1019,0.05,passive,player=0;native_rivals,guarded_player90,92.00,win,6,90.001,0,0,0
working-tree-v11,after,11,1,2,Veiled Guard,Easy,1014,1000-1019,0.05,passive,player=0;native_rivals,guarded_player90,92.00,win,6,90.001,0,0,0
working-tree-v11,after,11,1,2,Veiled Guard,Easy,1015,1000-1019,0.05,passive,player=0;native_rivals,guarded_player90,92.00,win,6,90.001,0,0,0
working-tree-v11,after,11,1,2,Veiled Guard,Easy,1016,1000-1019,0.05,passive,player=0;native_rivals,guarded_player90,92.00,win,6,90.001,0,0,0
working-tree-v11,after,11,1,2,Veiled Guard,Easy,1017,1000-1019,0.05,passive,player=0;native_rivals,guarded_player90,92.00,win,6,90.001,0,0,0
working-tree-v11,after,11,1,2,Veiled Guard,Easy,1018,1000-1019,0.05,passive,player=0;native_rivals,guarded_player90,92.00,win,6,90.001,0,0,0
working-tree-v11,after,11,1,2,Veiled Guard,Easy,1019,1000-1019,0.05,passive,player=0;native_rivals,guarded_player90,92.00,win,6,90.001,0,0,0
working-tree-v11,before,10,1,1,Veiled Guard,Normal,0,0-19,0.05,passive,player=0;native_rivals,guarded_player90,92.00,loss,2,77.750,0,0,130
working-tree-v11,before,10,1,1,Veiled Guard,Normal,1,0-19,0.05,passive,player=0;native_rivals,guarded_player90,92.00,loss,2,54.999,0,0,129
working-tree-v11,before,10,1,1,Veiled Guard,Normal,2,0-19,0.05,passive,player=0;native_rivals,guarded_player90,92.00,loss,2,59.449,0,0,129
working-tree-v11,before,10,1,1,Veiled Guard,Normal,3,0-19,0.05,passive,player=0;native_rivals,guarded_player90,92.00,loss,2,58.699,0,0,130
working-tree-v11,before,10,1,1,Veiled Guard,Normal,4,0-19,0.05,passive,player=0;native_rivals,guarded_player90,92.00,loss,2,53.949,0,0,129
working-tree-v11,before,10,1,1,Veiled Guard,Normal,5,0-19,0.05,passive,player=0;native_rivals,guarded_player90,92.00,win,6,90.001,0,0,109
working-tree-v11,before,10,1,1,Veiled Guard,Normal,6,0-19,0.05,passive,player=0;native_rivals,guarded_player90,92.00,loss,2,77.550,0,0,130
working-tree-v11,before,10,1,1,Veiled Guard,Normal,7,0-19,0.05,passive,player=0;native_rivals,guarded_player90,92.00,loss,2,52.649,0,0,130
working-tree-v11,before,10,1,1,Veiled Guard,Normal,8,0-19,0.05,passive,player=0;native_rivals,guarded_player90,92.00,loss,2,82.700,0,0,130
working-tree-v11,before,10,1,1,Veiled Guard,Normal,9,0-19,0.05,passive,player=0;native_rivals,guarded_player90,92.00,loss,2,58.899,0,0,130
working-tree-v11,before,10,1,1,Veiled Guard,Normal,10,0-19,0.05,passive,player=0;native_rivals,guarded_player90,92.00,win,6,90.001,0,0,0
working-tree-v11,before,10,1,1,Veiled Guard,Normal,11,0-19,0.05,passive,player=0;native_rivals,guarded_player90,92.00,loss,2,63.849,0,0,129
working-tree-v11,before,10,1,1,Veiled Guard,Normal,12,0-19,0.05,passive,player=0;native_rivals,guarded_player90,92.00,loss,2,64.249,0,0,130
working-tree-v11,before,10,1,1,Veiled Guard,Normal,13,0-19,0.05,passive,player=0;native_rivals,guarded_player90,92.00,loss,2,67.049,0,0,130
working-tree-v11,before,10,1,1,Veiled Guard,Normal,14,0-19,0.05,passive,player=0;native_rivals,guarded_player90,92.00,loss,2,51.100,0,0,129
working-tree-v11,before,10,1,1,Veiled Guard,Normal,15,0-19,0.05,passive,player=0;native_rivals,guarded_player90,92.00,loss,2,64.149,0,0,131
working-tree-v11,before,10,1,1,Veiled Guard,Normal,16,0-19,0.05,passive,player=0;native_rivals,guarded_player90,92.00,loss,2,66.549,0,0,131
working-tree-v11,before,10,1,1,Veiled Guard,Normal,17,0-19,0.05,passive,player=0;native_rivals,guarded_player90,92.00,loss,2,60.749,0,0,129
working-tree-v11,before,10,1,1,Veiled Guard,Normal,18,0-19,0.05,passive,player=0;native_rivals,guarded_player90,92.00,loss,2,59.899,0,0,130
working-tree-v11,before,10,1,1,Veiled Guard,Normal,19,0-19,0.05,passive,player=0;native_rivals,guarded_player90,92.00,loss,2,79.400,0,0,130
working-tree-v11,after,11,1,2,Veiled Guard,Normal,0,0-19,0.05,passive,player=0;native_rivals,guarded_player90,92.00,loss,2,52.399,0,0,129
working-tree-v11,after,11,1,2,Veiled Guard,Normal,1,0-19,0.05,passive,player=0;native_rivals,guarded_player90,92.00,loss,2,53.649,0,0,130
working-tree-v11,after,11,1,2,Veiled Guard,Normal,2,0-19,0.05,passive,player=0;native_rivals,guarded_player90,92.00,loss,2,60.549,0,0,130
working-tree-v11,after,11,1,2,Veiled Guard,Normal,3,0-19,0.05,passive,player=0;native_rivals,guarded_player90,92.00,loss,2,52.899,0,0,130
working-tree-v11,after,11,1,2,Veiled Guard,Normal,4,0-19,0.05,passive,player=0;native_rivals,guarded_player90,92.00,loss,2,59.549,0,0,129
working-tree-v11,after,11,1,2,Veiled Guard,Normal,5,0-19,0.05,passive,player=0;native_rivals,guarded_player90,92.00,loss,2,79.650,0,0,129
working-tree-v11,after,11,1,2,Veiled Guard,Normal,6,0-19,0.05,passive,player=0;native_rivals,guarded_player90,92.00,loss,2,63.249,0,0,131
working-tree-v11,after,11,1,2,Veiled Guard,Normal,7,0-19,0.05,passive,player=0;native_rivals,guarded_player90,92.00,loss,2,57.099,0,0,130
working-tree-v11,after,11,1,2,Veiled Guard,Normal,8,0-19,0.05,passive,player=0;native_rivals,guarded_player90,92.00,loss,2,88.551,0,0,129
working-tree-v11,after,11,1,2,Veiled Guard,Normal,9,0-19,0.05,passive,player=0;native_rivals,guarded_player90,92.00,loss,2,62.249,0,0,131
working-tree-v11,after,11,1,2,Veiled Guard,Normal,10,0-19,0.05,passive,player=0;native_rivals,guarded_player90,92.00,loss,2,78.850,0,0,130
working-tree-v11,after,11,1,2,Veiled Guard,Normal,11,0-19,0.05,passive,player=0;native_rivals,guarded_player90,92.00,loss,2,69.900,0,0,131
working-tree-v11,after,11,1,2,Veiled Guard,Normal,12,0-19,0.05,passive,player=0;native_rivals,guarded_player90,92.00,loss,2,67.099,0,0,130
working-tree-v11,after,11,1,2,Veiled Guard,Normal,13,0-19,0.05,passive,player=0;native_rivals,guarded_player90,92.00,loss,2,58.799,0,0,131
working-tree-v11,after,11,1,2,Veiled Guard,Normal,14,0-19,0.05,passive,player=0;native_rivals,guarded_player90,92.00,win,6,90.001,0,0,0
working-tree-v11,after,11,1,2,Veiled Guard,Normal,15,0-19,0.05,passive,player=0;native_rivals,guarded_player90,92.00,loss,2,89.451,0,0,130
working-tree-v11,after,11,1,2,Veiled Guard,Normal,16,0-19,0.05,passive,player=0;native_rivals,guarded_player90,92.00,loss,2,77.900,0,0,130
working-tree-v11,after,11,1,2,Veiled Guard,Normal,17,0-19,0.05,passive,player=0;native_rivals,guarded_player90,92.00,loss,2,66.099,0,0,130
working-tree-v11,after,11,1,2,Veiled Guard,Normal,18,0-19,0.05,passive,player=0;native_rivals,guarded_player90,92.00,loss,2,67.400,0,0,129
working-tree-v11,after,11,1,2,Veiled Guard,Normal,19,0-19,0.05,passive,player=0;native_rivals,guarded_player90,92.00,loss,2,78.950,0,0,130
working-tree-v11,before,10,1,1,Veiled Guard,Normal,1000,1000-1019,0.05,passive,player=0;native_rivals,guarded_player90,92.00,loss,2,58.149,0,0,130
working-tree-v11,before,10,1,1,Veiled Guard,Normal,1001,1000-1019,0.05,passive,player=0;native_rivals,guarded_player90,92.00,loss,2,77.150,0,0,129
working-tree-v11,before,10,1,1,Veiled Guard,Normal,1002,1000-1019,0.05,passive,player=0;native_rivals,guarded_player90,92.00,loss,2,60.799,0,0,131
working-tree-v11,before,10,1,1,Veiled Guard,Normal,1003,1000-1019,0.05,passive,player=0;native_rivals,guarded_player90,92.00,loss,2,47.350,0,0,129
working-tree-v11,before,10,1,1,Veiled Guard,Normal,1004,1000-1019,0.05,passive,player=0;native_rivals,guarded_player90,92.00,loss,2,57.449,0,0,129
working-tree-v11,before,10,1,1,Veiled Guard,Normal,1005,1000-1019,0.05,passive,player=0;native_rivals,guarded_player90,92.00,loss,2,69.250,0,0,131
working-tree-v11,before,10,1,1,Veiled Guard,Normal,1006,1000-1019,0.05,passive,player=0;native_rivals,guarded_player90,92.00,loss,2,66.399,0,0,131
working-tree-v11,before,10,1,1,Veiled Guard,Normal,1007,1000-1019,0.05,passive,player=0;native_rivals,guarded_player90,92.00,win,6,90.001,0,0,0
working-tree-v11,before,10,1,1,Veiled Guard,Normal,1008,1000-1019,0.05,passive,player=0;native_rivals,guarded_player90,92.00,loss,2,61.799,0,0,131
working-tree-v11,before,10,1,1,Veiled Guard,Normal,1009,1000-1019,0.05,passive,player=0;native_rivals,guarded_player90,92.00,loss,2,60.299,0,0,129
working-tree-v11,before,10,1,1,Veiled Guard,Normal,1010,1000-1019,0.05,passive,player=0;native_rivals,guarded_player90,92.00,loss,2,60.599,0,0,131
working-tree-v11,before,10,1,1,Veiled Guard,Normal,1011,1000-1019,0.05,passive,player=0;native_rivals,guarded_player90,92.00,loss,2,65.899,0,0,129
working-tree-v11,before,10,1,1,Veiled Guard,Normal,1012,1000-1019,0.05,passive,player=0;native_rivals,guarded_player90,92.00,win,6,90.001,0,0,27
working-tree-v11,before,10,1,1,Veiled Guard,Normal,1013,1000-1019,0.05,passive,player=0;native_rivals,guarded_player90,92.00,loss,2,57.049,0,0,130
working-tree-v11,before,10,1,1,Veiled Guard,Normal,1014,1000-1019,0.05,passive,player=0;native_rivals,guarded_player90,92.00,loss,2,50.650,0,0,130
working-tree-v11,before,10,1,1,Veiled Guard,Normal,1015,1000-1019,0.05,passive,player=0;native_rivals,guarded_player90,92.00,loss,2,60.399,0,0,129
working-tree-v11,before,10,1,1,Veiled Guard,Normal,1016,1000-1019,0.05,passive,player=0;native_rivals,guarded_player90,92.00,loss,2,59.999,0,0,129
working-tree-v11,before,10,1,1,Veiled Guard,Normal,1017,1000-1019,0.05,passive,player=0;native_rivals,guarded_player90,92.00,win,6,90.001,0,0,0
working-tree-v11,before,10,1,1,Veiled Guard,Normal,1018,1000-1019,0.05,passive,player=0;native_rivals,guarded_player90,92.00,loss,2,59.549,0,0,129
working-tree-v11,before,10,1,1,Veiled Guard,Normal,1019,1000-1019,0.05,passive,player=0;native_rivals,guarded_player90,92.00,loss,2,62.199,0,0,130
working-tree-v11,after,11,1,2,Veiled Guard,Normal,1000,1000-1019,0.05,passive,player=0;native_rivals,guarded_player90,92.00,loss,2,56.199,0,0,130
working-tree-v11,after,11,1,2,Veiled Guard,Normal,1001,1000-1019,0.05,passive,player=0;native_rivals,guarded_player90,92.00,win,6,90.001,0,0,0
working-tree-v11,after,11,1,2,Veiled Guard,Normal,1002,1000-1019,0.05,passive,player=0;native_rivals,guarded_player90,92.00,loss,2,67.900,0,0,130
working-tree-v11,after,11,1,2,Veiled Guard,Normal,1003,1000-1019,0.05,passive,player=0;native_rivals,guarded_player90,92.00,loss,2,62.949,0,0,130
working-tree-v11,after,11,1,2,Veiled Guard,Normal,1004,1000-1019,0.05,passive,player=0;native_rivals,guarded_player90,92.00,loss,2,70.450,0,0,130
working-tree-v11,after,11,1,2,Veiled Guard,Normal,1005,1000-1019,0.05,passive,player=0;native_rivals,guarded_player90,92.00,loss,2,68.800,0,0,130
working-tree-v11,after,11,1,2,Veiled Guard,Normal,1006,1000-1019,0.05,passive,player=0;native_rivals,guarded_player90,92.00,loss,2,78.950,0,0,130
working-tree-v11,after,11,1,2,Veiled Guard,Normal,1007,1000-1019,0.05,passive,player=0;native_rivals,guarded_player90,92.00,win,6,90.001,0,0,0
working-tree-v11,after,11,1,2,Veiled Guard,Normal,1008,1000-1019,0.05,passive,player=0;native_rivals,guarded_player90,92.00,loss,2,79.100,0,0,129
working-tree-v11,after,11,1,2,Veiled Guard,Normal,1009,1000-1019,0.05,passive,player=0;native_rivals,guarded_player90,92.00,loss,2,51.400,0,0,129
working-tree-v11,after,11,1,2,Veiled Guard,Normal,1010,1000-1019,0.05,passive,player=0;native_rivals,guarded_player90,92.00,loss,2,82.300,0,0,130
working-tree-v11,after,11,1,2,Veiled Guard,Normal,1011,1000-1019,0.05,passive,player=0;native_rivals,guarded_player90,92.00,win,6,90.001,0,0,0
working-tree-v11,after,11,1,2,Veiled Guard,Normal,1012,1000-1019,0.05,passive,player=0;native_rivals,guarded_player90,92.00,loss,2,75.800,0,0,129
working-tree-v11,after,11,1,2,Veiled Guard,Normal,1013,1000-1019,0.05,passive,player=0;native_rivals,guarded_player90,92.00,win,6,90.001,0,0,0
working-tree-v11,after,11,1,2,Veiled Guard,Normal,1014,1000-1019,0.05,passive,player=0;native_rivals,guarded_player90,92.00,loss,2,54.949,0,0,129
working-tree-v11,after,11,1,2,Veiled Guard,Normal,1015,1000-1019,0.05,passive,player=0;native_rivals,guarded_player90,92.00,loss,2,82.350,0,0,130
working-tree-v11,after,11,1,2,Veiled Guard,Normal,1016,1000-1019,0.05,passive,player=0;native_rivals,guarded_player90,92.00,loss,2,78.400,0,0,130
working-tree-v11,after,11,1,2,Veiled Guard,Normal,1017,1000-1019,0.05,passive,player=0;native_rivals,guarded_player90,92.00,loss,2,64.149,0,0,131
working-tree-v11,after,11,1,2,Veiled Guard,Normal,1018,1000-1019,0.05,passive,player=0;native_rivals,guarded_player90,92.00,loss,2,84.101,0,0,130
working-tree-v11,after,11,1,2,Veiled Guard,Normal,1019,1000-1019,0.05,passive,player=0;native_rivals,guarded_player90,92.00,win,6,90.001,0,0,0
working-tree-v11,before,10,1,1,Veiled Guard,Hard,0,0-19,0.05,passive,player=0;native_rivals,guarded_player90,92.00,loss,2,58.299,0,0,129
working-tree-v11,before,10,1,1,Veiled Guard,Hard,1,0-19,0.05,passive,player=0;native_rivals,guarded_player90,92.00,loss,2,63.799,0,0,130
working-tree-v11,before,10,1,1,Veiled Guard,Hard,2,0-19,0.05,passive,player=0;native_rivals,guarded_player90,92.00,loss,2,73.850,0,0,129
working-tree-v11,before,10,1,1,Veiled Guard,Hard,3,0-19,0.05,passive,player=0;native_rivals,guarded_player90,92.00,loss,2,79.450,0,0,129
working-tree-v11,before,10,1,1,Veiled Guard,Hard,4,0-19,0.05,passive,player=0;native_rivals,guarded_player90,92.00,loss,2,74.000,0,0,129
working-tree-v11,before,10,1,1,Veiled Guard,Hard,5,0-19,0.05,passive,player=0;native_rivals,guarded_player90,92.00,loss,2,72.650,0,0,130
working-tree-v11,before,10,1,1,Veiled Guard,Hard,6,0-19,0.05,passive,player=0;native_rivals,guarded_player90,92.00,loss,2,63.899,0,0,130
working-tree-v11,before,10,1,1,Veiled Guard,Hard,7,0-19,0.05,passive,player=0;native_rivals,guarded_player90,92.00,loss,2,86.951,0,0,130
working-tree-v11,before,10,1,1,Veiled Guard,Hard,8,0-19,0.05,passive,player=0;native_rivals,guarded_player90,92.00,loss,2,70.000,0,0,129
working-tree-v11,before,10,1,1,Veiled Guard,Hard,9,0-19,0.05,passive,player=0;native_rivals,guarded_player90,92.00,loss,2,77.850,0,0,130
working-tree-v11,before,10,1,1,Veiled Guard,Hard,10,0-19,0.05,passive,player=0;native_rivals,guarded_player90,92.00,loss,2,82.600,0,0,129
working-tree-v11,before,10,1,1,Veiled Guard,Hard,11,0-19,0.05,passive,player=0;native_rivals,guarded_player90,92.00,win,6,90.001,0,0,70
working-tree-v11,before,10,1,1,Veiled Guard,Hard,12,0-19,0.05,passive,player=0;native_rivals,guarded_player90,92.00,loss,2,72.600,0,0,129
working-tree-v11,before,10,1,1,Veiled Guard,Hard,13,0-19,0.05,passive,player=0;native_rivals,guarded_player90,92.00,loss,2,62.249,0,0,130
working-tree-v11,before,10,1,1,Veiled Guard,Hard,14,0-19,0.05,passive,player=0;native_rivals,guarded_player90,92.00,loss,2,70.850,0,0,130
working-tree-v11,before,10,1,1,Veiled Guard,Hard,15,0-19,0.05,passive,player=0;native_rivals,guarded_player90,92.00,loss,2,72.200,0,0,130
working-tree-v11,before,10,1,1,Veiled Guard,Hard,16,0-19,0.05,passive,player=0;native_rivals,guarded_player90,92.00,loss,2,68.550,0,0,131
working-tree-v11,before,10,1,1,Veiled Guard,Hard,17,0-19,0.05,passive,player=0;native_rivals,guarded_player90,92.00,loss,2,65.249,0,0,130
working-tree-v11,before,10,1,1,Veiled Guard,Hard,18,0-19,0.05,passive,player=0;native_rivals,guarded_player90,92.00,loss,2,70.400,0,0,129
working-tree-v11,before,10,1,1,Veiled Guard,Hard,19,0-19,0.05,passive,player=0;native_rivals,guarded_player90,92.00,loss,2,72.650,0,0,131
working-tree-v11,after,11,1,2,Veiled Guard,Hard,0,0-19,0.05,passive,player=0;native_rivals,guarded_player90,92.00,loss,2,72.450,0,0,130
working-tree-v11,after,11,1,2,Veiled Guard,Hard,1,0-19,0.05,passive,player=0;native_rivals,guarded_player90,92.00,loss,2,62.299,0,0,130
working-tree-v11,after,11,1,2,Veiled Guard,Hard,2,0-19,0.05,passive,player=0;native_rivals,guarded_player90,92.00,loss,2,47.300,0,0,129
working-tree-v11,after,11,1,2,Veiled Guard,Hard,3,0-19,0.05,passive,player=0;native_rivals,guarded_player90,92.00,loss,2,89.201,0,0,130
working-tree-v11,after,11,1,2,Veiled Guard,Hard,4,0-19,0.05,passive,player=0;native_rivals,guarded_player90,92.00,win,6,90.001,0,0,0
working-tree-v11,after,11,1,2,Veiled Guard,Hard,5,0-19,0.05,passive,player=0;native_rivals,guarded_player90,92.00,win,6,90.001,0,0,0
working-tree-v11,after,11,1,2,Veiled Guard,Hard,6,0-19,0.05,passive,player=0;native_rivals,guarded_player90,92.00,loss,2,73.450,0,0,130
working-tree-v11,after,11,1,2,Veiled Guard,Hard,7,0-19,0.05,passive,player=0;native_rivals,guarded_player90,92.00,loss,2,63.549,0,0,130
working-tree-v11,after,11,1,2,Veiled Guard,Hard,8,0-19,0.05,passive,player=0;native_rivals,guarded_player90,92.00,loss,2,73.300,0,0,129
working-tree-v11,after,11,1,2,Veiled Guard,Hard,9,0-19,0.05,passive,player=0;native_rivals,guarded_player90,92.00,loss,2,79.850,0,0,129
working-tree-v11,after,11,1,2,Veiled Guard,Hard,10,0-19,0.05,passive,player=0;native_rivals,guarded_player90,92.00,loss,2,78.400,0,0,129
working-tree-v11,after,11,1,2,Veiled Guard,Hard,11,0-19,0.05,passive,player=0;native_rivals,guarded_player90,92.00,win,6,90.001,0,0,0
working-tree-v11,after,11,1,2,Veiled Guard,Hard,12,0-19,0.05,passive,player=0;native_rivals,guarded_player90,92.00,loss,2,72.750,0,0,129
working-tree-v11,after,11,1,2,Veiled Guard,Hard,13,0-19,0.05,passive,player=0;native_rivals,guarded_player90,92.00,loss,2,71.800,0,0,130
working-tree-v11,after,11,1,2,Veiled Guard,Hard,14,0-19,0.05,passive,player=0;native_rivals,guarded_player90,92.00,loss,2,66.949,0,0,129
working-tree-v11,after,11,1,2,Veiled Guard,Hard,15,0-19,0.05,passive,player=0;native_rivals,guarded_player90,92.00,loss,2,65.699,0,0,129
working-tree-v11,after,11,1,2,Veiled Guard,Hard,16,0-19,0.05,passive,player=0;native_rivals,guarded_player90,92.00,loss,2,68.450,0,0,130
working-tree-v11,after,11,1,2,Veiled Guard,Hard,17,0-19,0.05,passive,player=0;native_rivals,guarded_player90,92.00,loss,2,73.600,0,0,130
working-tree-v11,after,11,1,2,Veiled Guard,Hard,18,0-19,0.05,passive,player=0;native_rivals,guarded_player90,92.00,loss,2,69.200,0,0,129
working-tree-v11,after,11,1,2,Veiled Guard,Hard,19,0-19,0.05,passive,player=0;native_rivals,guarded_player90,92.00,win,6,90.001,0,0,0
working-tree-v11,before,10,1,1,Veiled Guard,Hard,1000,1000-1019,0.05,passive,player=0;native_rivals,guarded_player90,92.00,loss,2,66.849,0,0,131
working-tree-v11,before,10,1,1,Veiled Guard,Hard,1001,1000-1019,0.05,passive,player=0;native_rivals,guarded_player90,92.00,loss,2,71.500,0,0,130
working-tree-v11,before,10,1,1,Veiled Guard,Hard,1002,1000-1019,0.05,passive,player=0;native_rivals,guarded_player90,92.00,loss,2,62.899,0,0,131
working-tree-v11,before,10,1,1,Veiled Guard,Hard,1003,1000-1019,0.05,passive,player=0;native_rivals,guarded_player90,92.00,loss,2,55.549,0,0,129
working-tree-v11,before,10,1,1,Veiled Guard,Hard,1004,1000-1019,0.05,passive,player=0;native_rivals,guarded_player90,92.00,loss,2,88.001,0,0,129
working-tree-v11,before,10,1,1,Veiled Guard,Hard,1005,1000-1019,0.05,passive,player=0;native_rivals,guarded_player90,92.00,loss,2,61.899,0,0,129
working-tree-v11,before,10,1,1,Veiled Guard,Hard,1006,1000-1019,0.05,passive,player=0;native_rivals,guarded_player90,92.00,loss,2,63.499,0,0,130
working-tree-v11,before,10,1,1,Veiled Guard,Hard,1007,1000-1019,0.05,passive,player=0;native_rivals,guarded_player90,92.00,win,6,90.001,0,0,0
working-tree-v11,before,10,1,1,Veiled Guard,Hard,1008,1000-1019,0.05,passive,player=0;native_rivals,guarded_player90,92.00,loss,2,60.499,0,0,129
working-tree-v11,before,10,1,1,Veiled Guard,Hard,1009,1000-1019,0.05,passive,player=0;native_rivals,guarded_player90,92.00,loss,2,76.250,0,0,129
working-tree-v11,before,10,1,1,Veiled Guard,Hard,1010,1000-1019,0.05,passive,player=0;native_rivals,guarded_player90,92.00,loss,2,71.550,0,0,130
working-tree-v11,before,10,1,1,Veiled Guard,Hard,1011,1000-1019,0.05,passive,player=0;native_rivals,guarded_player90,92.00,loss,2,74.250,0,0,129
working-tree-v11,before,10,1,1,Veiled Guard,Hard,1012,1000-1019,0.05,passive,player=0;native_rivals,guarded_player90,92.00,loss,2,71.200,0,0,130
working-tree-v11,before,10,1,1,Veiled Guard,Hard,1013,1000-1019,0.05,passive,player=0;native_rivals,guarded_player90,92.00,win,6,90.001,0,0,0
working-tree-v11,before,10,1,1,Veiled Guard,Hard,1014,1000-1019,0.05,passive,player=0;native_rivals,guarded_player90,92.00,win,6,90.001,0,0,0
working-tree-v11,before,10,1,1,Veiled Guard,Hard,1015,1000-1019,0.05,passive,player=0;native_rivals,guarded_player90,92.00,loss,2,57.849,0,0,130
working-tree-v11,before,10,1,1,Veiled Guard,Hard,1016,1000-1019,0.05,passive,player=0;native_rivals,guarded_player90,92.00,loss,2,59.999,0,0,129
working-tree-v11,before,10,1,1,Veiled Guard,Hard,1017,1000-1019,0.05,passive,player=0;native_rivals,guarded_player90,92.00,loss,2,62.499,0,0,129
working-tree-v11,before,10,1,1,Veiled Guard,Hard,1018,1000-1019,0.05,passive,player=0;native_rivals,guarded_player90,92.00,loss,2,66.199,0,0,130
working-tree-v11,before,10,1,1,Veiled Guard,Hard,1019,1000-1019,0.05,passive,player=0;native_rivals,guarded_player90,92.00,loss,2,76.900,0,0,129
working-tree-v11,after,11,1,2,Veiled Guard,Hard,1000,1000-1019,0.05,passive,player=0;native_rivals,guarded_player90,92.00,loss,2,58.549,0,0,130
working-tree-v11,after,11,1,2,Veiled Guard,Hard,1001,1000-1019,0.05,passive,player=0;native_rivals,guarded_player90,92.00,loss,2,76.050,0,0,130
working-tree-v11,after,11,1,2,Veiled Guard,Hard,1002,1000-1019,0.05,passive,player=0;native_rivals,guarded_player90,92.00,loss,2,70.800,0,0,131
working-tree-v11,after,11,1,2,Veiled Guard,Hard,1003,1000-1019,0.05,passive,player=0;native_rivals,guarded_player90,92.00,loss,2,60.999,0,0,130
working-tree-v11,after,11,1,2,Veiled Guard,Hard,1004,1000-1019,0.05,passive,player=0;native_rivals,guarded_player90,92.00,loss,2,72.900,0,0,130
working-tree-v11,after,11,1,2,Veiled Guard,Hard,1005,1000-1019,0.05,passive,player=0;native_rivals,guarded_player90,92.00,win,6,90.001,0,0,0
working-tree-v11,after,11,1,2,Veiled Guard,Hard,1006,1000-1019,0.05,passive,player=0;native_rivals,guarded_player90,92.00,win,6,90.001,0,0,12
working-tree-v11,after,11,1,2,Veiled Guard,Hard,1007,1000-1019,0.05,passive,player=0;native_rivals,guarded_player90,92.00,win,6,90.001,0,0,0
working-tree-v11,after,11,1,2,Veiled Guard,Hard,1008,1000-1019,0.05,passive,player=0;native_rivals,guarded_player90,92.00,win,6,90.001,0,0,20
working-tree-v11,after,11,1,2,Veiled Guard,Hard,1009,1000-1019,0.05,passive,player=0;native_rivals,guarded_player90,92.00,loss,2,59.599,0,0,129
working-tree-v11,after,11,1,2,Veiled Guard,Hard,1010,1000-1019,0.05,passive,player=0;native_rivals,guarded_player90,92.00,loss,2,85.401,0,0,130
working-tree-v11,after,11,1,2,Veiled Guard,Hard,1011,1000-1019,0.05,passive,player=0;native_rivals,guarded_player90,92.00,win,6,90.001,0,0,0
working-tree-v11,after,11,1,2,Veiled Guard,Hard,1012,1000-1019,0.05,passive,player=0;native_rivals,guarded_player90,92.00,loss,2,67.149,0,0,130
working-tree-v11,after,11,1,2,Veiled Guard,Hard,1013,1000-1019,0.05,passive,player=0;native_rivals,guarded_player90,92.00,loss,2,80.000,0,0,129
working-tree-v11,after,11,1,2,Veiled Guard,Hard,1014,1000-1019,0.05,passive,player=0;native_rivals,guarded_player90,92.00,loss,2,72.950,0,0,129
working-tree-v11,after,11,1,2,Veiled Guard,Hard,1015,1000-1019,0.05,passive,player=0;native_rivals,guarded_player90,92.00,loss,2,81.750,0,0,130
working-tree-v11,after,11,1,2,Veiled Guard,Hard,1016,1000-1019,0.05,passive,player=0;native_rivals,guarded_player90,92.00,loss,2,69.000,0,0,130
working-tree-v11,after,11,1,2,Veiled Guard,Hard,1017,1000-1019,0.05,passive,player=0;native_rivals,guarded_player90,92.00,loss,2,70.500,0,0,131
working-tree-v11,after,11,1,2,Veiled Guard,Hard,1018,1000-1019,0.05,passive,player=0;native_rivals,guarded_player90,92.00,loss,2,84.301,0,0,130
working-tree-v11,after,11,1,2,Veiled Guard,Hard,1019,1000-1019,0.05,passive,player=0;native_rivals,guarded_player90,92.00,loss,2,63.899,0,0,130
working-tree-v11,after,11,1,2,Home Guard,Normal,0,0-19,0.05,fortify,player=0;native_rivals,guarded_player90,47.00,win,6,45.050,174,12,184
working-tree-v11,after,11,1,2,Home Guard,Normal,1,0-19,0.05,fortify,player=0;native_rivals,guarded_player90,47.00,win,6,45.050,187,6,200
working-tree-v11,after,11,1,2,Home Guard,Normal,2,0-19,0.05,fortify,player=0;native_rivals,guarded_player90,47.00,win,6,45.050,184,4,191
working-tree-v11,after,11,1,2,Home Guard,Normal,3,0-19,0.05,fortify,player=0;native_rivals,guarded_player90,47.00,win,6,45.050,176,2,192
working-tree-v11,after,11,1,2,Home Guard,Normal,4,0-19,0.05,fortify,player=0;native_rivals,guarded_player90,47.00,win,6,45.050,168,10,193
working-tree-v11,after,11,1,2,Home Guard,Normal,5,0-19,0.05,fortify,player=0;native_rivals,guarded_player90,47.00,win,6,45.050,180,2,191
working-tree-v11,after,11,1,2,Home Guard,Normal,6,0-19,0.05,fortify,player=0;native_rivals,guarded_player90,47.00,win,6,45.050,191,4,203
working-tree-v11,after,11,1,2,Home Guard,Normal,7,0-19,0.05,fortify,player=0;native_rivals,guarded_player90,47.00,win,6,45.050,178,4,199
working-tree-v11,after,11,1,2,Home Guard,Normal,8,0-19,0.05,fortify,player=0;native_rivals,guarded_player90,47.00,loss,2,27.250,55,2,116
working-tree-v11,after,11,1,2,Home Guard,Normal,9,0-19,0.05,fortify,player=0;native_rivals,guarded_player90,47.00,win,6,45.050,191,2,189
working-tree-v11,after,11,1,2,Home Guard,Normal,10,0-19,0.05,fortify,player=0;native_rivals,guarded_player90,47.00,win,6,45.050,163,12,201
working-tree-v11,after,11,1,2,Home Guard,Normal,11,0-19,0.05,fortify,player=0;native_rivals,guarded_player90,47.00,win,6,45.050,190,2,198
working-tree-v11,after,11,1,2,Home Guard,Normal,12,0-19,0.05,fortify,player=0;native_rivals,guarded_player90,47.00,win,6,45.050,169,11,190
working-tree-v11,after,11,1,2,Home Guard,Normal,13,0-19,0.05,fortify,player=0;native_rivals,guarded_player90,47.00,win,6,45.050,197,2,201
working-tree-v11,after,11,1,2,Home Guard,Normal,14,0-19,0.05,fortify,player=0;native_rivals,guarded_player90,47.00,loss,2,25.950,54,3,113
working-tree-v11,after,11,1,2,Home Guard,Normal,15,0-19,0.05,fortify,player=0;native_rivals,guarded_player90,47.00,loss,2,28.100,59,3,121
working-tree-v11,after,11,1,2,Home Guard,Normal,16,0-19,0.05,fortify,player=0;native_rivals,guarded_player90,47.00,loss,2,32.100,72,4,138
working-tree-v11,after,11,1,2,Home Guard,Normal,17,0-19,0.05,fortify,player=0;native_rivals,guarded_player90,47.00,loss,2,27.000,62,3,122
working-tree-v11,after,11,1,2,Home Guard,Normal,18,0-19,0.05,fortify,player=0;native_rivals,guarded_player90,47.00,win,6,45.050,184,2,197
working-tree-v11,after,11,1,2,Home Guard,Normal,19,0-19,0.05,fortify,player=0;native_rivals,guarded_player90,47.00,win,6,45.050,177,5,195
working-tree-v11,after,11,1,2,Home Guard,Normal,1000,1000-1019,0.05,fortify,player=0;native_rivals,guarded_player90,47.00,loss,2,29.700,64,4,128
working-tree-v11,after,11,1,2,Home Guard,Normal,1001,1000-1019,0.05,fortify,player=0;native_rivals,guarded_player90,47.00,loss,2,29.650,65,4,129
working-tree-v11,after,11,1,2,Home Guard,Normal,1002,1000-1019,0.05,fortify,player=0;native_rivals,guarded_player90,47.00,win,6,45.050,179,9,184
working-tree-v11,after,11,1,2,Home Guard,Normal,1003,1000-1019,0.05,fortify,player=0;native_rivals,guarded_player90,47.00,win,6,45.050,167,12,190
working-tree-v11,after,11,1,2,Home Guard,Normal,1004,1000-1019,0.05,fortify,player=0;native_rivals,guarded_player90,47.00,win,6,45.050,189,8,115
working-tree-v11,after,11,1,2,Home Guard,Normal,1005,1000-1019,0.05,fortify,player=0;native_rivals,guarded_player90,47.00,win,6,45.050,190,2,204
working-tree-v11,after,11,1,2,Home Guard,Normal,1006,1000-1019,0.05,fortify,player=0;native_rivals,guarded_player90,47.00,win,6,45.050,197,2,188
working-tree-v11,after,11,1,2,Home Guard,Normal,1007,1000-1019,0.05,fortify,player=0;native_rivals,guarded_player90,47.00,win,6,45.050,223,6,140
working-tree-v11,after,11,1,2,Home Guard,Normal,1008,1000-1019,0.05,fortify,player=0;native_rivals,guarded_player90,47.00,win,6,45.050,190,2,198
working-tree-v11,after,11,1,2,Home Guard,Normal,1009,1000-1019,0.05,fortify,player=0;native_rivals,guarded_player90,47.00,win,6,45.050,164,6,193
working-tree-v11,after,11,1,2,Home Guard,Normal,1010,1000-1019,0.05,fortify,player=0;native_rivals,guarded_player90,47.00,win,6,45.050,167,10,196
working-tree-v11,after,11,1,2,Home Guard,Normal,1011,1000-1019,0.05,fortify,player=0;native_rivals,guarded_player90,47.00,win,6,45.050,172,5,183
working-tree-v11,after,11,1,2,Home Guard,Normal,1012,1000-1019,0.05,fortify,player=0;native_rivals,guarded_player90,47.00,loss,2,28.550,63,3,125
working-tree-v11,after,11,1,2,Home Guard,Normal,1013,1000-1019,0.05,fortify,player=0;native_rivals,guarded_player90,47.00,loss,2,26.300,57,4,114
working-tree-v11,after,11,1,2,Home Guard,Normal,1014,1000-1019,0.05,fortify,player=0;native_rivals,guarded_player90,47.00,win,6,45.050,196,4,195
working-tree-v11,after,11,1,2,Home Guard,Normal,1015,1000-1019,0.05,fortify,player=0;native_rivals,guarded_player90,47.00,win,6,45.050,222,9,126
working-tree-v11,after,11,1,2,Home Guard,Normal,1016,1000-1019,0.05,fortify,player=0;native_rivals,guarded_player90,47.00,win,6,45.050,169,3,200
working-tree-v11,after,11,1,2,Home Guard,Normal,1017,1000-1019,0.05,fortify,player=0;native_rivals,guarded_player90,47.00,loss,2,27.150,56,2,116
working-tree-v11,after,11,1,2,Home Guard,Normal,1018,1000-1019,0.05,fortify,player=0;native_rivals,guarded_player90,47.00,win,6,45.050,219,7,147
working-tree-v11,after,11,1,2,Home Guard,Normal,1019,1000-1019,0.05,fortify,player=0;native_rivals,guarded_player90,47.00,loss,2,26.450,55,2,115
working-tree-v11,after,11,1,2,Home Guard,Normal,0,0-19,0.05,counterattack,player=0;native_rivals,guarded_player90,47.00,win,6,45.050,168,7,138
working-tree-v11,after,11,1,2,Home Guard,Normal,1,0-19,0.05,counterattack,player=0;native_rivals,guarded_player90,47.00,win,6,45.050,144,6,111
working-tree-v11,after,11,1,2,Home Guard,Normal,2,0-19,0.05,counterattack,player=0;native_rivals,guarded_player90,47.00,loss,2,29.300,89,4,127
working-tree-v11,after,11,1,2,Home Guard,Normal,3,0-19,0.05,counterattack,player=0;native_rivals,guarded_player90,47.00,win,6,45.050,185,10,186
working-tree-v11,after,11,1,2,Home Guard,Normal,4,0-19,0.05,counterattack,player=0;native_rivals,guarded_player90,47.00,loss,2,23.100,49,4,103
working-tree-v11,after,11,1,2,Home Guard,Normal,5,0-19,0.05,counterattack,player=0;native_rivals,guarded_player90,47.00,win,6,45.050,140,7,176
working-tree-v11,after,11,1,2,Home Guard,Normal,6,0-19,0.05,counterattack,player=0;native_rivals,guarded_player90,47.00,win,6,45.050,143,6,111
working-tree-v11,after,11,1,2,Home Guard,Normal,7,0-19,0.05,counterattack,player=0;native_rivals,guarded_player90,47.00,loss,2,29.150,90,5,127
working-tree-v11,after,11,1,2,Home Guard,Normal,8,0-19,0.05,counterattack,player=0;native_rivals,guarded_player90,47.00,loss,2,27.900,92,6,121
working-tree-v11,after,11,1,2,Home Guard,Normal,9,0-19,0.05,counterattack,player=0;native_rivals,guarded_player90,47.00,loss,2,38.800,114,5,174
working-tree-v11,after,11,1,2,Home Guard,Normal,10,0-19,0.05,counterattack,player=0;native_rivals,guarded_player90,47.00,loss,2,26.700,90,5,124
working-tree-v11,after,11,1,2,Home Guard,Normal,11,0-19,0.05,counterattack,player=0;native_rivals,guarded_player90,47.00,win,6,45.050,209,9,208
working-tree-v11,after,11,1,2,Home Guard,Normal,12,0-19,0.05,counterattack,player=0;native_rivals,guarded_player90,47.00,loss,2,24.450,86,4,89
working-tree-v11,after,11,1,2,Home Guard,Normal,13,0-19,0.05,counterattack,player=0;native_rivals,guarded_player90,47.00,win,6,45.050,185,9,206
working-tree-v11,after,11,1,2,Home Guard,Normal,14,0-19,0.05,counterattack,player=0;native_rivals,guarded_player90,47.00,loss,2,28.950,69,5,125
working-tree-v11,after,11,1,2,Home Guard,Normal,15,0-19,0.05,counterattack,player=0;native_rivals,guarded_player90,47.00,loss,2,27.350,59,5,125
working-tree-v11,after,11,1,2,Home Guard,Normal,16,0-19,0.05,counterattack,player=0;native_rivals,guarded_player90,47.00,loss,2,21.550,50,4,98
working-tree-v11,after,11,1,2,Home Guard,Normal,17,0-19,0.05,counterattack,player=0;native_rivals,guarded_player90,47.00,loss,2,26.000,77,4,119
working-tree-v11,after,11,1,2,Home Guard,Normal,18,0-19,0.05,counterattack,player=0;native_rivals,guarded_player90,47.00,win,6,45.050,143,8,117
working-tree-v11,after,11,1,2,Home Guard,Normal,19,0-19,0.05,counterattack,player=0;native_rivals,guarded_player90,47.00,loss,2,28.850,75,5,126
working-tree-v11,after,11,1,2,Home Guard,Normal,1000,1000-1019,0.05,counterattack,player=0;native_rivals,guarded_player90,47.00,loss,2,22.700,47,4,102
working-tree-v11,after,11,1,2,Home Guard,Normal,1001,1000-1019,0.05,counterattack,player=0;native_rivals,guarded_player90,47.00,loss,2,29.800,83,5,135
working-tree-v11,after,11,1,2,Home Guard,Normal,1002,1000-1019,0.05,counterattack,player=0;native_rivals,guarded_player90,47.00,loss,2,31.150,98,6,135
working-tree-v11,after,11,1,2,Home Guard,Normal,1003,1000-1019,0.05,counterattack,player=0;native_rivals,guarded_player90,47.00,win,6,45.050,177,9,162
working-tree-v11,after,11,1,2,Home Guard,Normal,1004,1000-1019,0.05,counterattack,player=0;native_rivals,guarded_player90,47.00,loss,2,31.150,99,7,134
working-tree-v11,after,11,1,2,Home Guard,Normal,1005,1000-1019,0.05,counterattack,player=0;native_rivals,guarded_player90,47.00,win,6,45.050,232,11,202
working-tree-v11,after,11,1,2,Home Guard,Normal,1006,1000-1019,0.05,counterattack,player=0;native_rivals,guarded_player90,47.00,win,6,45.050,151,7,133
working-tree-v11,after,11,1,2,Home Guard,Normal,1007,1000-1019,0.05,counterattack,player=0;native_rivals,guarded_player90,47.00,loss,2,29.600,78,3,132
working-tree-v11,after,11,1,2,Home Guard,Normal,1008,1000-1019,0.05,counterattack,player=0;native_rivals,guarded_player90,47.00,win,6,45.050,188,7,184
working-tree-v11,after,11,1,2,Home Guard,Normal,1009,1000-1019,0.05,counterattack,player=0;native_rivals,guarded_player90,47.00,loss,2,30.750,98,6,140
working-tree-v11,after,11,1,2,Home Guard,Normal,1010,1000-1019,0.05,counterattack,player=0;native_rivals,guarded_player90,47.00,loss,2,22.150,60,3,102
working-tree-v11,after,11,1,2,Home Guard,Normal,1011,1000-1019,0.05,counterattack,player=0;native_rivals,guarded_player90,47.00,loss,2,29.200,71,5,130
working-tree-v11,after,11,1,2,Home Guard,Normal,1012,1000-1019,0.05,counterattack,player=0;native_rivals,guarded_player90,47.00,loss,2,25.600,56,5,114
working-tree-v11,after,11,1,2,Home Guard,Normal,1013,1000-1019,0.05,counterattack,player=0;native_rivals,guarded_player90,47.00,loss,2,24.150,49,4,110
working-tree-v11,after,11,1,2,Home Guard,Normal,1014,1000-1019,0.05,counterattack,player=0;native_rivals,guarded_player90,47.00,loss,2,29.600,83,5,133
working-tree-v11,after,11,1,2,Home Guard,Normal,1015,1000-1019,0.05,counterattack,player=0;native_rivals,guarded_player90,47.00,loss,2,30.100,79,5,136
working-tree-v11,after,11,1,2,Home Guard,Normal,1016,1000-1019,0.05,counterattack,player=0;native_rivals,guarded_player90,47.00,loss,2,30.500,88,5,136
working-tree-v11,after,11,1,2,Home Guard,Normal,1017,1000-1019,0.05,counterattack,player=0;native_rivals,guarded_player90,47.00,loss,2,25.000,87,5,103
working-tree-v11,after,11,1,2,Home Guard,Normal,1018,1000-1019,0.05,counterattack,player=0;native_rivals,guarded_player90,47.00,win,6,45.050,150,7,132
working-tree-v11,after,11,1,2,Home Guard,Normal,1019,1000-1019,0.05,counterattack,player=0;native_rivals,guarded_player90,47.00,loss,2,28.950,78,4,125
working-tree-v11,after,11,1,2,Province Guard,Normal,0,0-19,0.05,fortify,player=0;native_rivals,guarded_player90,62.00,loss,2,58.399,574,10,596
working-tree-v11,after,11,1,2,Province Guard,Normal,1,0-19,0.05,fortify,player=0;native_rivals,guarded_player90,62.00,loss,2,58.599,563,12,596
working-tree-v11,after,11,1,2,Province Guard,Normal,2,0-19,0.05,fortify,player=0;native_rivals,guarded_player90,62.00,loss,2,45.850,333,14,384
working-tree-v11,after,11,1,2,Province Guard,Normal,3,0-19,0.05,fortify,player=0;native_rivals,guarded_player90,62.00,win,6,60.049,629,11,612
working-tree-v11,after,11,1,2,Province Guard,Normal,4,0-19,0.05,fortify,player=0;native_rivals,guarded_player90,62.00,loss,2,37.650,243,6,309
working-tree-v11,after,11,1,2,Province Guard,Normal,5,0-19,0.05,fortify,player=0;native_rivals,guarded_player90,62.00,win,6,60.049,672,9,594
working-tree-v11,after,11,1,2,Province Guard,Normal,6,0-19,0.05,fortify,player=0;native_rivals,guarded_player90,62.00,win,6,60.049,694,13,598
working-tree-v11,after,11,1,2,Province Guard,Normal,7,0-19,0.05,fortify,player=0;native_rivals,guarded_player90,62.00,loss,2,53.749,538,17,518
working-tree-v11,after,11,1,2,Province Guard,Normal,8,0-19,0.05,fortify,player=0;native_rivals,guarded_player90,62.00,loss,2,24.300,171,9,186
working-tree-v11,after,11,1,2,Province Guard,Normal,9,0-19,0.05,fortify,player=0;native_rivals,guarded_player90,62.00,win,6,60.049,537,13,577
working-tree-v11,after,11,1,2,Province Guard,Normal,10,0-19,0.05,fortify,player=0;native_rivals,guarded_player90,62.00,win,6,60.049,758,27,472
working-tree-v11,after,11,1,2,Province Guard,Normal,11,0-19,0.05,fortify,player=0;native_rivals,guarded_player90,62.00,loss,2,30.650,197,9,243
working-tree-v11,after,11,1,2,Province Guard,Normal,12,0-19,0.05,fortify,player=0;native_rivals,guarded_player90,62.00,loss,2,58.699,606,11,592
working-tree-v11,after,11,1,2,Province Guard,Normal,13,0-19,0.05,fortify,player=0;native_rivals,guarded_player90,62.00,win,6,60.049,770,11,595
working-tree-v11,after,11,1,2,Province Guard,Normal,14,0-19,0.05,fortify,player=0;native_rivals,guarded_player90,62.00,win,6,60.049,702,11,605
working-tree-v11,after,11,1,2,Province Guard,Normal,15,0-19,0.05,fortify,player=0;native_rivals,guarded_player90,62.00,win,6,60.049,656,14,594
working-tree-v11,after,11,1,2,Province Guard,Normal,16,0-19,0.05,fortify,player=0;native_rivals,guarded_player90,62.00,win,6,60.049,850,11,577
working-tree-v11,after,11,1,2,Province Guard,Normal,17,0-19,0.05,fortify,player=0;native_rivals,guarded_player90,62.00,loss,2,48.500,459,11,490
working-tree-v11,after,11,1,2,Province Guard,Normal,18,0-19,0.05,fortify,player=0;native_rivals,guarded_player90,62.00,loss,2,38.400,331,11,329
working-tree-v11,after,11,1,2,Province Guard,Normal,19,0-19,0.05,fortify,player=0;native_rivals,guarded_player90,62.00,win,6,60.049,803,10,602
working-tree-v11,after,11,1,2,Province Guard,Normal,1000,1000-1019,0.05,fortify,player=0;native_rivals,guarded_player90,62.00,loss,2,46.050,363,7,395
working-tree-v11,after,11,1,2,Province Guard,Normal,1001,1000-1019,0.05,fortify,player=0;native_rivals,guarded_player90,62.00,loss,2,36.200,245,15,292
working-tree-v11,after,11,1,2,Province Guard,Normal,1002,1000-1019,0.05,fortify,player=0;native_rivals,guarded_player90,62.00,loss,2,46.800,391,15,451
working-tree-v11,after,11,1,2,Province Guard,Normal,1003,1000-1019,0.05,fortify,player=0;native_rivals,guarded_player90,62.00,win,6,60.049,768,7,598
working-tree-v11,after,11,1,2,Province Guard,Normal,1004,1000-1019,0.05,fortify,player=0;native_rivals,guarded_player90,62.00,loss,2,40.650,337,9,380
working-tree-v11,after,11,1,2,Province Guard,Normal,1005,1000-1019,0.05,fortify,player=0;native_rivals,guarded_player90,62.00,loss,2,38.950,269,9,345
working-tree-v11,after,11,1,2,Province Guard,Normal,1006,1000-1019,0.05,fortify,player=0;native_rivals,guarded_player90,62.00,loss,2,42.050,325,12,355
working-tree-v11,after,11,1,2,Province Guard,Normal,1007,1000-1019,0.05,fortify,player=0;native_rivals,guarded_player90,62.00,loss,2,32.650,247,12,281
working-tree-v11,after,11,1,2,Province Guard,Normal,1008,1000-1019,0.05,fortify,player=0;native_rivals,guarded_player90,62.00,win,6,60.049,741,8,603
working-tree-v11,after,11,1,2,Province Guard,Normal,1009,1000-1019,0.05,fortify,player=0;native_rivals,guarded_player90,62.00,win,6,60.049,682,12,606
working-tree-v11,after,11,1,2,Province Guard,Normal,1010,1000-1019,0.05,fortify,player=0;native_rivals,guarded_player90,62.00,loss,2,34.700,254,10,318
working-tree-v11,after,11,1,2,Province Guard,Normal,1011,1000-1019,0.05,fortify,player=0;native_rivals,guarded_player90,62.00,loss,2,29.550,208,8,249
working-tree-v11,after,11,1,2,Province Guard,Normal,1012,1000-1019,0.05,fortify,player=0;native_rivals,guarded_player90,62.00,loss,2,33.450,264,8,297
working-tree-v11,after,11,1,2,Province Guard,Normal,1013,1000-1019,0.05,fortify,player=0;native_rivals,guarded_player90,62.00,loss,2,42.400,296,10,369
working-tree-v11,after,11,1,2,Province Guard,Normal,1014,1000-1019,0.05,fortify,player=0;native_rivals,guarded_player90,62.00,loss,2,43.150,311,7,377
working-tree-v11,after,11,1,2,Province Guard,Normal,1015,1000-1019,0.05,fortify,player=0;native_rivals,guarded_player90,62.00,loss,2,46.250,383,15,395
working-tree-v11,after,11,1,2,Province Guard,Normal,1016,1000-1019,0.05,fortify,player=0;native_rivals,guarded_player90,62.00,loss,2,39.800,322,11,358
working-tree-v11,after,11,1,2,Province Guard,Normal,1017,1000-1019,0.05,fortify,player=0;native_rivals,guarded_player90,62.00,loss,2,35.800,215,13,286
working-tree-v11,after,11,1,2,Province Guard,Normal,1018,1000-1019,0.05,fortify,player=0;native_rivals,guarded_player90,62.00,loss,2,35.800,341,10,323
working-tree-v11,after,11,1,2,Province Guard,Normal,1019,1000-1019,0.05,fortify,player=0;native_rivals,guarded_player90,62.00,win,6,60.049,638,12,615
working-tree-v11,after,11,1,2,Province Guard,Normal,0,0-19,0.05,counterattack,player=0;native_rivals,guarded_player90,62.00,loss,2,32.100,172,7,245
working-tree-v11,after,11,1,2,Province Guard,Normal,1,0-19,0.05,counterattack,player=0;native_rivals,guarded_player90,62.00,loss,2,35.250,192,9,260
working-tree-v11,after,11,1,2,Province Guard,Normal,2,0-19,0.05,counterattack,player=0;native_rivals,guarded_player90,62.00,loss,2,37.300,224,12,290
working-tree-v11,after,11,1,2,Province Guard,Normal,3,0-19,0.05,counterattack,player=0;native_rivals,guarded_player90,62.00,loss,2,30.450,156,10,237
working-tree-v11,after,11,1,2,Province Guard,Normal,4,0-19,0.05,counterattack,player=0;native_rivals,guarded_player90,62.00,loss,2,37.100,271,9,310
working-tree-v11,after,11,1,2,Province Guard,Normal,5,0-19,0.05,counterattack,player=0;native_rivals,guarded_player90,62.00,loss,2,30.600,205,9,243
working-tree-v11,after,11,1,2,Province Guard,Normal,6,0-19,0.05,counterattack,player=0;native_rivals,guarded_player90,62.00,loss,2,32.450,175,8,229
working-tree-v11,after,11,1,2,Province Guard,Normal,7,0-19,0.05,counterattack,player=0;native_rivals,guarded_player90,62.00,loss,2,32.350,191,13,251
working-tree-v11,after,11,1,2,Province Guard,Normal,8,0-19,0.05,counterattack,player=0;native_rivals,guarded_player90,62.00,loss,2,36.550,234,11,283
working-tree-v11,after,11,1,2,Province Guard,Normal,9,0-19,0.05,counterattack,player=0;native_rivals,guarded_player90,62.00,loss,2,28.550,158,9,208
working-tree-v11,after,11,1,2,Province Guard,Normal,10,0-19,0.05,counterattack,player=0;native_rivals,guarded_player90,62.00,loss,2,32.150,199,12,257
working-tree-v11,after,11,1,2,Province Guard,Normal,11,0-19,0.05,counterattack,player=0;native_rivals,guarded_player90,62.00,loss,2,32.350,183,11,241
working-tree-v11,after,11,1,2,Province Guard,Normal,12,0-19,0.05,counterattack,player=0;native_rivals,guarded_player90,62.00,loss,2,32.900,192,12,251
working-tree-v11,after,11,1,2,Province Guard,Normal,13,0-19,0.05,counterattack,player=0;native_rivals,guarded_player90,62.00,win,6,60.049,484,22,364
working-tree-v11,after,11,1,2,Province Guard,Normal,14,0-19,0.05,counterattack,player=0;native_rivals,guarded_player90,62.00,loss,2,28.750,153,7,208
working-tree-v11,after,11,1,2,Province Guard,Normal,15,0-19,0.05,counterattack,player=0;native_rivals,guarded_player90,62.00,loss,2,34.200,193,10,260
working-tree-v11,after,11,1,2,Province Guard,Normal,16,0-19,0.05,counterattack,player=0;native_rivals,guarded_player90,62.00,loss,2,31.100,209,9,246
working-tree-v11,after,11,1,2,Province Guard,Normal,17,0-19,0.05,counterattack,player=0;native_rivals,guarded_player90,62.00,win,6,60.049,528,26,465
working-tree-v11,after,11,1,2,Province Guard,Normal,18,0-19,0.05,counterattack,player=0;native_rivals,guarded_player90,62.00,loss,2,35.300,265,8,286
working-tree-v11,after,11,1,2,Province Guard,Normal,19,0-19,0.05,counterattack,player=0;native_rivals,guarded_player90,62.00,loss,2,30.300,157,12,233
working-tree-v11,after,11,1,2,Province Guard,Normal,1000,1000-1019,0.05,counterattack,player=0;native_rivals,guarded_player90,62.00,loss,2,49.950,344,16,448
working-tree-v11,after,11,1,2,Province Guard,Normal,1001,1000-1019,0.05,counterattack,player=0;native_rivals,guarded_player90,62.00,loss,2,33.500,204,11,253
working-tree-v11,after,11,1,2,Province Guard,Normal,1002,1000-1019,0.05,counterattack,player=0;native_rivals,guarded_player90,62.00,loss,2,29.450,195,10,243
working-tree-v11,after,11,1,2,Province Guard,Normal,1003,1000-1019,0.05,counterattack,player=0;native_rivals,guarded_player90,62.00,loss,2,31.600,220,10,244
working-tree-v11,after,11,1,2,Province Guard,Normal,1004,1000-1019,0.05,counterattack,player=0;native_rivals,guarded_player90,62.00,loss,2,36.800,223,11,285
working-tree-v11,after,11,1,2,Province Guard,Normal,1005,1000-1019,0.05,counterattack,player=0;native_rivals,guarded_player90,62.00,loss,2,29.600,134,6,198
working-tree-v11,after,11,1,2,Province Guard,Normal,1006,1000-1019,0.05,counterattack,player=0;native_rivals,guarded_player90,62.00,loss,2,30.800,189,8,246
working-tree-v11,after,11,1,2,Province Guard,Normal,1007,1000-1019,0.05,counterattack,player=0;native_rivals,guarded_player90,62.00,loss,2,26.050,137,7,199
working-tree-v11,after,11,1,2,Province Guard,Normal,1008,1000-1019,0.05,counterattack,player=0;native_rivals,guarded_player90,62.00,win,6,60.049,570,25,492
working-tree-v11,after,11,1,2,Province Guard,Normal,1009,1000-1019,0.05,counterattack,player=0;native_rivals,guarded_player90,62.00,loss,2,28.550,160,9,219
working-tree-v11,after,11,1,2,Province Guard,Normal,1010,1000-1019,0.05,counterattack,player=0;native_rivals,guarded_player90,62.00,loss,2,33.400,203,11,256
working-tree-v11,after,11,1,2,Province Guard,Normal,1011,1000-1019,0.05,counterattack,player=0;native_rivals,guarded_player90,62.00,loss,2,29.300,178,11,227
working-tree-v11,after,11,1,2,Province Guard,Normal,1012,1000-1019,0.05,counterattack,player=0;native_rivals,guarded_player90,62.00,loss,2,28.650,181,9,219
working-tree-v11,after,11,1,2,Province Guard,Normal,1013,1000-1019,0.05,counterattack,player=0;native_rivals,guarded_player90,62.00,loss,2,33.900,198,9,268
working-tree-v11,after,11,1,2,Province Guard,Normal,1014,1000-1019,0.05,counterattack,player=0;native_rivals,guarded_player90,62.00,loss,2,30.550,200,9,239
working-tree-v11,after,11,1,2,Province Guard,Normal,1015,1000-1019,0.05,counterattack,player=0;native_rivals,guarded_player90,62.00,loss,2,31.700,170,8,250
working-tree-v11,after,11,1,2,Province Guard,Normal,1016,1000-1019,0.05,counterattack,player=0;native_rivals,guarded_player90,62.00,loss,2,26.450,150,7,204
working-tree-v11,after,11,1,2,Province Guard,Normal,1017,1000-1019,0.05,counterattack,player=0;native_rivals,guarded_player90,62.00,loss,2,30.650,183,8,245
working-tree-v11,after,11,1,2,Province Guard,Normal,1018,1000-1019,0.05,counterattack,player=0;native_rivals,guarded_player90,62.00,loss,2,38.900,252,13,314
working-tree-v11,after,11,1,2,Province Guard,Normal,1019,1000-1019,0.05,counterattack,player=0;native_rivals,guarded_player90,62.00,loss,2,36.600,208,12,280
