revision,rules_version,ai_version,map_index,map,difficulty,seed,step,controller_profile,seat_rotation,style_rotation,seat_assignment,resignation_policy,duration_cap,result,winner,winner_basis,terminal_reason,elapsed,player_outcome,model_terminal_reason
"working-tree-v11",10,1,0,"First Contact",Normal,0,0.0500,mixed,0,0,[0;1],disabled,120.000,win,0,elimination,lab_elimination,31.750,0,0
"working-tree-v11",10,1,0,"First Contact",Normal,7,0.0500,mixed,0,0,[0;1],disabled,120.000,win,0,elimination,lab_elimination,30.050,0,0
"working-tree-v11",10,1,0,"First Contact",Normal,1000,0.0500,mixed,0,0,[0;1],disabled,120.000,win,0,elimination,lab_elimination,30.150,0,0
"working-tree-v11",10,1,0,"First Contact",Normal,0,0.0500,mixed,0,0,[0;1],guarded_anyseat90,120.000,win,0,elimination,lab_elimination,31.750,0,0
"working-tree-v11",10,1,0,"First Contact",Normal,7,0.0500,mixed,0,0,[0;1],guarded_anyseat90,120.000,win,0,elimination,lab_elimination,30.050,0,0
"working-tree-v11",10,1,0,"First Contact",Normal,1000,0.0500,mixed,0,0,[0;1],guarded_anyseat90,120.000,win,0,elimination,lab_elimination,30.150,0,0
"working-tree-v11",10,1,0,"First Contact",Normal,0,0.0500,mixed,0,1,[1;2],disabled,120.000,win,0,elimination,lab_elimination,24.200,0,0
"working-tree-v11",10,1,0,"First Contact",Normal,7,0.0500,mixed,0,1,[1;2],disabled,120.000,win,0,elimination,lab_elimination,45.000,0,0
"working-tree-v11",10,1,0,"First Contact",Normal,1000,0.0500,mixed,0,1,[1;2],disabled,120.000,win,0,elimination,lab_elimination,33.600,0,0
"working-tree-v11",10,1,0,"First Contact",Normal,0,0.0500,mixed,0,1,[1;2],guarded_anyseat90,120.000,win,0,elimination,lab_elimination,24.200,0,0
"working-tree-v11",10,1,0,"First Contact",Normal,7,0.0500,mixed,0,1,[1;2],guarded_anyseat90,120.000,win,0,elimination,lab_elimination,45.000,0,0
"working-tree-v11",10,1,0,"First Contact",Normal,1000,0.0500,mixed,0,1,[1;2],guarded_anyseat90,120.000,win,0,elimination,lab_elimination,33.600,0,0
"working-tree-v11",10,1,0,"First Contact",Normal,0,0.0500,mixed,0,2,[2;0],disabled,120.000,win,0,elimination,lab_elimination,56.599,0,0
"working-tree-v11",10,1,0,"First Contact",Normal,7,0.0500,mixed,0,2,[2;0],disabled,120.000,loss,1,elimination,lab_elimination,41.150,0,0
"working-tree-v11",10,1,0,"First Contact",Normal,1000,0.0500,mixed,0,2,[2;0],disabled,120.000,loss,1,elimination,lab_elimination,23.300,0,0
"working-tree-v11",10,1,0,"First Contact",Normal,0,0.0500,mixed,0,2,[2;0],guarded_anyseat90,120.000,win,0,elimination,lab_elimination,56.599,0,0
"working-tree-v11",10,1,0,"First Contact",Normal,7,0.0500,mixed,0,2,[2;0],guarded_anyseat90,120.000,loss,1,elimination,lab_elimination,41.150,0,0
"working-tree-v11",10,1,0,"First Contact",Normal,1000,0.0500,mixed,0,2,[2;0],guarded_anyseat90,120.000,loss,1,elimination,lab_elimination,23.300,0,0
"working-tree-v11",10,1,0,"First Contact",Normal,0,0.0500,mixed,1,0,[1;0],disabled,120.000,loss,0,elimination,lab_elimination,29.050,0,0
"working-tree-v11",10,1,0,"First Contact",Normal,7,0.0500,mixed,1,0,[1;0],disabled,120.000,loss,0,elimination,lab_elimination,26.200,0,0
"working-tree-v11",10,1,0,"First Contact",Normal,1000,0.0500,mixed,1,0,[1;0],disabled,120.000,loss,0,elimination,lab_elimination,29.550,0,0
"working-tree-v11",10,1,0,"First Contact",Normal,0,0.0500,mixed,1,0,[1;0],guarded_anyseat90,120.000,loss,0,elimination,lab_elimination,29.050,0,0
"working-tree-v11",10,1,0,"First Contact",Normal,7,0.0500,mixed,1,0,[1;0],guarded_anyseat90,120.000,loss,0,elimination,lab_elimination,26.200,0,0
"working-tree-v11",10,1,0,"First Contact",Normal,1000,0.0500,mixed,1,0,[1;0],guarded_anyseat90,120.000,loss,0,elimination,lab_elimination,29.550,0,0
"working-tree-v11",10,1,0,"First Contact",Normal,0,0.0500,mixed,1,1,[2;1],disabled,120.000,loss,0,elimination,lab_elimination,56.599,0,0
"working-tree-v11",10,1,0,"First Contact",Normal,7,0.0500,mixed,1,1,[2;1],disabled,120.000,win,1,elimination,lab_elimination,40.400,0,0
"working-tree-v11",10,1,0,"First Contact",Normal,1000,0.0500,mixed,1,1,[2;1],disabled,120.000,win,1,elimination,lab_elimination,23.300,0,0
"working-tree-v11",10,1,0,"First Contact",Normal,0,0.0500,mixed,1,1,[2;1],guarded_anyseat90,120.000,loss,0,elimination,lab_elimination,56.599,0,0
"working-tree-v11",10,1,0,"First Contact",Normal,7,0.0500,mixed,1,1,[2;1],guarded_anyseat90,120.000,win,1,elimination,lab_elimination,40.400,0,0
"working-tree-v11",10,1,0,"First Contact",Normal,1000,0.0500,mixed,1,1,[2;1],guarded_anyseat90,120.000,win,1,elimination,lab_elimination,23.300,0,0
"working-tree-v11",10,1,0,"First Contact",Normal,0,0.0500,mixed,1,2,[0;2],disabled,120.000,loss,0,elimination,lab_elimination,27.750,0,0
"working-tree-v11",10,1,0,"First Contact",Normal,7,0.0500,mixed,1,2,[0;2],disabled,120.000,loss,0,elimination,lab_elimination,47.400,0,0
"working-tree-v11",10,1,0,"First Contact",Normal,1000,0.0500,mixed,1,2,[0;2],disabled,120.000,loss,0,elimination,lab_elimination,36.800,0,0
"working-tree-v11",10,1,0,"First Contact",Normal,0,0.0500,mixed,1,2,[0;2],guarded_anyseat90,120.000,loss,0,elimination,lab_elimination,27.750,0,0
"working-tree-v11",10,1,0,"First Contact",Normal,7,0.0500,mixed,1,2,[0;2],guarded_anyseat90,120.000,loss,0,elimination,lab_elimination,47.400,0,0
"working-tree-v11",10,1,0,"First Contact",Normal,1000,0.0500,mixed,1,2,[0;2],guarded_anyseat90,120.000,loss,0,elimination,lab_elimination,36.800,0,0
"working-tree-v11",10,1,0,"First Contact",Normal,0,0.0500,pressure_vs_guardians,0,0,[1;2],disabled,120.000,win,0,elimination,lab_elimination,24.200,0,0
"working-tree-v11",10,1,0,"First Contact",Normal,7,0.0500,pressure_vs_guardians,0,0,[1;2],disabled,120.000,win,0,elimination,lab_elimination,45.000,0,0
"working-tree-v11",10,1,0,"First Contact",Normal,1000,0.0500,pressure_vs_guardians,0,0,[1;2],disabled,120.000,win,0,elimination,lab_elimination,33.600,0,0
"working-tree-v11",10,1,0,"First Contact",Normal,0,0.0500,pressure_vs_guardians,0,0,[1;2],guarded_anyseat90,120.000,win,0,elimination,lab_elimination,24.200,0,0
"working-tree-v11",10,1,0,"First Contact",Normal,7,0.0500,pressure_vs_guardians,0,0,[1;2],guarded_anyseat90,120.000,win,0,elimination,lab_elimination,45.000,0,0
"working-tree-v11",10,1,0,"First Contact",Normal,1000,0.0500,pressure_vs_guardians,0,0,[1;2],guarded_anyseat90,120.000,win,0,elimination,lab_elimination,33.600,0,0
"working-tree-v11",10,1,0,"First Contact",Normal,0,0.0500,pressure_vs_guardians,0,1,[2;0],disabled,120.000,win,0,elimination,lab_elimination,56.599,0,0
"working-tree-v11",10,1,0,"First Contact",Normal,7,0.0500,pressure_vs_guardians,0,1,[2;0],disabled,120.000,loss,1,elimination,lab_elimination,41.150,0,0
"working-tree-v11",10,1,0,"First Contact",Normal,1000,0.0500,pressure_vs_guardians,0,1,[2;0],disabled,120.000,loss,1,elimination,lab_elimination,23.300,0,0
"working-tree-v11",10,1,0,"First Contact",Normal,0,0.0500,pressure_vs_guardians,0,1,[2;0],guarded_anyseat90,120.000,win,0,elimination,lab_elimination,56.599,0,0
"working-tree-v11",10,1,0,"First Contact",Normal,7,0.0500,pressure_vs_guardians,0,1,[2;0],guarded_anyseat90,120.000,loss,1,elimination,lab_elimination,41.150,0,0
"working-tree-v11",10,1,0,"First Contact",Normal,1000,0.0500,pressure_vs_guardians,0,1,[2;0],guarded_anyseat90,120.000,loss,1,elimination,lab_elimination,23.300,0,0
"working-tree-v11",10,1,0,"First Contact",Normal,0,0.0500,pressure_vs_guardians,0,2,[0;1],disabled,120.000,win,0,elimination,lab_elimination,31.750,0,0
"working-tree-v11",10,1,0,"First Contact",Normal,7,0.0500,pressure_vs_guardians,0,2,[0;1],disabled,120.000,win,0,elimination,lab_elimination,30.050,0,0
"working-tree-v11",10,1,0,"First Contact",Normal,1000,0.0500,pressure_vs_guardians,0,2,[0;1],disabled,120.000,win,0,elimination,lab_elimination,30.150,0,0
"working-tree-v11",10,1,0,"First Contact",Normal,0,0.0500,pressure_vs_guardians,0,2,[0;1],guarded_anyseat90,120.000,win,0,elimination,lab_elimination,31.750,0,0
"working-tree-v11",10,1,0,"First Contact",Normal,7,0.0500,pressure_vs_guardians,0,2,[0;1],guarded_anyseat90,120.000,win,0,elimination,lab_elimination,30.050,0,0
"working-tree-v11",10,1,0,"First Contact",Normal,1000,0.0500,pressure_vs_guardians,0,2,[0;1],guarded_anyseat90,120.000,win,0,elimination,lab_elimination,30.150,0,0
"working-tree-v11",10,1,0,"First Contact",Normal,0,0.0500,pressure_vs_guardians,1,0,[2;1],disabled,120.000,loss,0,elimination,lab_elimination,56.599,0,0
"working-tree-v11",10,1,0,"First Contact",Normal,7,0.0500,pressure_vs_guardians,1,0,[2;1],disabled,120.000,win,1,elimination,lab_elimination,40.400,0,0
"working-tree-v11",10,1,0,"First Contact",Normal,1000,0.0500,pressure_vs_guardians,1,0,[2;1],disabled,120.000,win,1,elimination,lab_elimination,23.300,0,0
"working-tree-v11",10,1,0,"First Contact",Normal,0,0.0500,pressure_vs_guardians,1,0,[2;1],guarded_anyseat90,120.000,loss,0,elimination,lab_elimination,56.599,0,0
"working-tree-v11",10,1,0,"First Contact",Normal,7,0.0500,pressure_vs_guardians,1,0,[2;1],guarded_anyseat90,120.000,win,1,elimination,lab_elimination,40.400,0,0
"working-tree-v11",10,1,0,"First Contact",Normal,1000,0.0500,pressure_vs_guardians,1,0,[2;1],guarded_anyseat90,120.000,win,1,elimination,lab_elimination,23.300,0,0
"working-tree-v11",10,1,0,"First Contact",Normal,0,0.0500,pressure_vs_guardians,1,1,[0;2],disabled,120.000,loss,0,elimination,lab_elimination,27.750,0,0
"working-tree-v11",10,1,0,"First Contact",Normal,7,0.0500,pressure_vs_guardians,1,1,[0;2],disabled,120.000,loss,0,elimination,lab_elimination,47.400,0,0
"working-tree-v11",10,1,0,"First Contact",Normal,1000,0.0500,pressure_vs_guardians,1,1,[0;2],disabled,120.000,loss,0,elimination,lab_elimination,36.800,0,0
"working-tree-v11",10,1,0,"First Contact",Normal,0,0.0500,pressure_vs_guardians,1,1,[0;2],guarded_anyseat90,120.000,loss,0,elimination,lab_elimination,27.750,0,0
"working-tree-v11",10,1,0,"First Contact",Normal,7,0.0500,pressure_vs_guardians,1,1,[0;2],guarded_anyseat90,120.000,loss,0,elimination,lab_elimination,47.400,0,0
"working-tree-v11",10,1,0,"First Contact",Normal,1000,0.0500,pressure_vs_guardians,1,1,[0;2],guarded_anyseat90,120.000,loss,0,elimination,lab_elimination,36.800,0,0
"working-tree-v11",10,1,0,"First Contact",Normal,0,0.0500,pressure_vs_guardians,1,2,[1;0],disabled,120.000,loss,0,elimination,lab_elimination,29.050,0,0
"working-tree-v11",10,1,0,"First Contact",Normal,7,0.0500,pressure_vs_guardians,1,2,[1;0],disabled,120.000,loss,0,elimination,lab_elimination,26.200,0,0
"working-tree-v11",10,1,0,"First Contact",Normal,1000,0.0500,pressure_vs_guardians,1,2,[1;0],disabled,120.000,loss,0,elimination,lab_elimination,29.550,0,0
"working-tree-v11",10,1,0,"First Contact",Normal,0,0.0500,pressure_vs_guardians,1,2,[1;0],guarded_anyseat90,120.000,loss,0,elimination,lab_elimination,29.050,0,0
"working-tree-v11",10,1,0,"First Contact",Normal,7,0.0500,pressure_vs_guardians,1,2,[1;0],guarded_anyseat90,120.000,loss,0,elimination,lab_elimination,26.200,0,0
"working-tree-v11",10,1,0,"First Contact",Normal,1000,0.0500,pressure_vs_guardians,1,2,[1;0],guarded_anyseat90,120.000,loss,0,elimination,lab_elimination,29.550,0,0
"working-tree-v11",11,1,0,"First Contact",Normal,0,0.0500,mixed,0,0,[0;1],disabled,120.000,win,0,elimination,lab_elimination,42.550,0,0
"working-tree-v11",11,1,0,"First Contact",Normal,7,0.0500,mixed,0,0,[0;1],disabled,120.000,win,0,elimination,lab_elimination,28.500,0,0
"working-tree-v11",11,1,0,"First Contact",Normal,1000,0.0500,mixed,0,0,[0;1],disabled,120.000,loss,1,elimination,lab_elimination,35.700,0,0
"working-tree-v11",11,1,0,"First Contact",Normal,0,0.0500,mixed,0,0,[0;1],guarded_anyseat90,120.000,win,0,elimination,lab_elimination,42.550,0,0
"working-tree-v11",11,1,0,"First Contact",Normal,7,0.0500,mixed,0,0,[0;1],guarded_anyseat90,120.000,win,0,elimination,lab_elimination,28.500,0,0
"working-tree-v11",11,1,0,"First Contact",Normal,1000,0.0500,mixed,0,0,[0;1],guarded_anyseat90,120.000,loss,1,elimination,lab_elimination,35.700,0,0
"working-tree-v11",11,1,0,"First Contact",Normal,0,0.0500,mixed,0,1,[1;2],disabled,120.000,win,0,elimination,lab_elimination,33.150,0,0
"working-tree-v11",11,1,0,"First Contact",Normal,7,0.0500,mixed,0,1,[1;2],disabled,120.000,win,0,elimination,lab_elimination,29.150,0,0
"working-tree-v11",11,1,0,"First Contact",Normal,1000,0.0500,mixed,0,1,[1;2],disabled,120.000,win,0,elimination,lab_elimination,60.399,0,0
"working-tree-v11",11,1,0,"First Contact",Normal,0,0.0500,mixed,0,1,[1;2],guarded_anyseat90,120.000,win,0,elimination,lab_elimination,33.150,0,0
"working-tree-v11",11,1,0,"First Contact",Normal,7,0.0500,mixed,0,1,[1;2],guarded_anyseat90,120.000,win,0,elimination,lab_elimination,29.150,0,0
"working-tree-v11",11,1,0,"First Contact",Normal,1000,0.0500,mixed,0,1,[1;2],guarded_anyseat90,120.000,win,0,elimination,lab_elimination,60.399,0,0
"working-tree-v11",11,1,0,"First Contact",Normal,0,0.0500,mixed,0,2,[2;0],disabled,120.000,loss,1,elimination,lab_elimination,35.600,0,0
"working-tree-v11",11,1,0,"First Contact",Normal,7,0.0500,mixed,0,2,[2;0],disabled,120.000,win,0,elimination,lab_elimination,37.700,0,0
"working-tree-v11",11,1,0,"First Contact",Normal,1000,0.0500,mixed,0,2,[2;0],disabled,120.000,win,0,elimination,lab_elimination,43.300,0,0
"working-tree-v11",11,1,0,"First Contact",Normal,0,0.0500,mixed,0,2,[2;0],guarded_anyseat90,120.000,loss,1,elimination,lab_elimination,35.600,0,0
"working-tree-v11",11,1,0,"First Contact",Normal,7,0.0500,mixed,0,2,[2;0],guarded_anyseat90,120.000,win,0,elimination,lab_elimination,37.700,0,0
"working-tree-v11",11,1,0,"First Contact",Normal,1000,0.0500,mixed,0,2,[2;0],guarded_anyseat90,120.000,win,0,elimination,lab_elimination,43.300,0,0
"working-tree-v11",11,1,0,"First Contact",Normal,0,0.0500,mixed,1,0,[1;0],disabled,120.000,loss,0,elimination,lab_elimination,42.550,0,0
"working-tree-v11",11,1,0,"First Contact",Normal,7,0.0500,mixed,1,0,[1;0],disabled,120.000,loss,0,elimination,lab_elimination,24.750,0,0
"working-tree-v11",11,1,0,"First Contact",Normal,1000,0.0500,mixed,1,0,[1;0],disabled,120.000,win,1,elimination,lab_elimination,35.700,0,0
"working-tree-v11",11,1,0,"First Contact",Normal,0,0.0500,mixed,1,0,[1;0],guarded_anyseat90,120.000,loss,0,elimination,lab_elimination,42.550,0,0
"working-tree-v11",11,1,0,"First Contact",Normal,7,0.0500,mixed,1,0,[1;0],guarded_anyseat90,120.000,loss,0,elimination,lab_elimination,24.750,0,0
"working-tree-v11",11,1,0,"First Contact",Normal,1000,0.0500,mixed,1,0,[1;0],guarded_anyseat90,120.000,win,1,elimination,lab_elimination,35.700,0,0
"working-tree-v11",11,1,0,"First Contact",Normal,0,0.0500,mixed,1,1,[2;1],disabled,120.000,win,1,elimination,lab_elimination,35.600,0,0
"working-tree-v11",11,1,0,"First Contact",Normal,7,0.0500,mixed,1,1,[2;1],disabled,120.000,loss,0,elimination,lab_elimination,37.700,0,0
"working-tree-v11",11,1,0,"First Contact",Normal,1000,0.0500,mixed,1,1,[2;1],disabled,120.000,loss,0,elimination,lab_elimination,43.300,0,0
"working-tree-v11",11,1,0,"First Contact",Normal,0,0.0500,mixed,1,1,[2;1],guarded_anyseat90,120.000,win,1,elimination,lab_elimination,35.600,0,0
"working-tree-v11",11,1,0,"First Contact",Normal,7,0.0500,mixed,1,1,[2;1],guarded_anyseat90,120.000,loss,0,elimination,lab_elimination,37.700,0,0
"working-tree-v11",11,1,0,"First Contact",Normal,1000,0.0500,mixed,1,1,[2;1],guarded_anyseat90,120.000,loss,0,elimination,lab_elimination,43.300,0,0
"working-tree-v11",11,1,0,"First Contact",Normal,0,0.0500,mixed,1,2,[0;2],disabled,120.000,loss,0,elimination,lab_elimination,33.150,0,0
"working-tree-v11",11,1,0,"First Contact",Normal,7,0.0500,mixed,1,2,[0;2],disabled,120.000,loss,0,elimination,lab_elimination,29.150,0,0
"working-tree-v11",11,1,0,"First Contact",Normal,1000,0.0500,mixed,1,2,[0;2],disabled,120.000,loss,0,elimination,lab_elimination,60.399,0,0
"working-tree-v11",11,1,0,"First Contact",Normal,0,0.0500,mixed,1,2,[0;2],guarded_anyseat90,120.000,loss,0,elimination,lab_elimination,33.150,0,0
"working-tree-v11",11,1,0,"First Contact",Normal,7,0.0500,mixed,1,2,[0;2],guarded_anyseat90,120.000,loss,0,elimination,lab_elimination,29.150,0,0
"working-tree-v11",11,1,0,"First Contact",Normal,1000,0.0500,mixed,1,2,[0;2],guarded_anyseat90,120.000,loss,0,elimination,lab_elimination,60.399,0,0
"working-tree-v11",11,1,0,"First Contact",Normal,0,0.0500,pressure_vs_guardians,0,0,[1;2],disabled,120.000,win,0,elimination,lab_elimination,33.150,0,0
"working-tree-v11",11,1,0,"First Contact",Normal,7,0.0500,pressure_vs_guardians,0,0,[1;2],disabled,120.000,win,0,elimination,lab_elimination,29.150,0,0
"working-tree-v11",11,1,0,"First Contact",Normal,1000,0.0500,pressure_vs_guardians,0,0,[1;2],disabled,120.000,win,0,elimination,lab_elimination,60.399,0,0
"working-tree-v11",11,1,0,"First Contact",Normal,0,0.0500,pressure_vs_guardians,0,0,[1;2],guarded_anyseat90,120.000,win,0,elimination,lab_elimination,33.150,0,0
"working-tree-v11",11,1,0,"First Contact",Normal,7,0.0500,pressure_vs_guardians,0,0,[1;2],guarded_anyseat90,120.000,win,0,elimination,lab_elimination,29.150,0,0
"working-tree-v11",11,1,0,"First Contact",Normal,1000,0.0500,pressure_vs_guardians,0,0,[1;2],guarded_anyseat90,120.000,win,0,elimination,lab_elimination,60.399,0,0
"working-tree-v11",11,1,0,"First Contact",Normal,0,0.0500,pressure_vs_guardians,0,1,[2;0],disabled,120.000,loss,1,elimination,lab_elimination,35.600,0,0
"working-tree-v11",11,1,0,"First Contact",Normal,7,0.0500,pressure_vs_guardians,0,1,[2;0],disabled,120.000,win,0,elimination,lab_elimination,37.700,0,0
"working-tree-v11",11,1,0,"First Contact",Normal,1000,0.0500,pressure_vs_guardians,0,1,[2;0],disabled,120.000,win,0,elimination,lab_elimination,43.300,0,0
"working-tree-v11",11,1,0,"First Contact",Normal,0,0.0500,pressure_vs_guardians,0,1,[2;0],guarded_anyseat90,120.000,loss,1,elimination,lab_elimination,35.600,0,0
"working-tree-v11",11,1,0,"First Contact",Normal,7,0.0500,pressure_vs_guardians,0,1,[2;0],guarded_anyseat90,120.000,win,0,elimination,lab_elimination,37.700,0,0
"working-tree-v11",11,1,0,"First Contact",Normal,1000,0.0500,pressure_vs_guardians,0,1,[2;0],guarded_anyseat90,120.000,win,0,elimination,lab_elimination,43.300,0,0
"working-tree-v11",11,1,0,"First Contact",Normal,0,0.0500,pressure_vs_guardians,0,2,[0;1],disabled,120.000,win,0,elimination,lab_elimination,42.550,0,0
"working-tree-v11",11,1,0,"First Contact",Normal,7,0.0500,pressure_vs_guardians,0,2,[0;1],disabled,120.000,win,0,elimination,lab_elimination,28.500,0,0
"working-tree-v11",11,1,0,"First Contact",Normal,1000,0.0500,pressure_vs_guardians,0,2,[0;1],disabled,120.000,loss,1,elimination,lab_elimination,35.700,0,0
"working-tree-v11",11,1,0,"First Contact",Normal,0,0.0500,pressure_vs_guardians,0,2,[0;1],guarded_anyseat90,120.000,win,0,elimination,lab_elimination,42.550,0,0
"working-tree-v11",11,1,0,"First Contact",Normal,7,0.0500,pressure_vs_guardians,0,2,[0;1],guarded_anyseat90,120.000,win,0,elimination,lab_elimination,28.500,0,0
"working-tree-v11",11,1,0,"First Contact",Normal,1000,0.0500,pressure_vs_guardians,0,2,[0;1],guarded_anyseat90,120.000,loss,1,elimination,lab_elimination,35.700,0,0
"working-tree-v11",11,1,0,"First Contact",Normal,0,0.0500,pressure_vs_guardians,1,0,[2;1],disabled,120.000,win,1,elimination,lab_elimination,35.600,0,0
"working-tree-v11",11,1,0,"First Contact",Normal,7,0.0500,pressure_vs_guardians,1,0,[2;1],disabled,120.000,loss,0,elimination,lab_elimination,37.700,0,0
"working-tree-v11",11,1,0,"First Contact",Normal,1000,0.0500,pressure_vs_guardians,1,0,[2;1],disabled,120.000,loss,0,elimination,lab_elimination,43.300,0,0
"working-tree-v11",11,1,0,"First Contact",Normal,0,0.0500,pressure_vs_guardians,1,0,[2;1],guarded_anyseat90,120.000,win,1,elimination,lab_elimination,35.600,0,0
"working-tree-v11",11,1,0,"First Contact",Normal,7,0.0500,pressure_vs_guardians,1,0,[2;1],guarded_anyseat90,120.000,loss,0,elimination,lab_elimination,37.700,0,0
"working-tree-v11",11,1,0,"First Contact",Normal,1000,0.0500,pressure_vs_guardians,1,0,[2;1],guarded_anyseat90,120.000,loss,0,elimination,lab_elimination,43.300,0,0
"working-tree-v11",11,1,0,"First Contact",Normal,0,0.0500,pressure_vs_guardians,1,1,[0;2],disabled,120.000,loss,0,elimination,lab_elimination,33.150,0,0
"working-tree-v11",11,1,0,"First Contact",Normal,7,0.0500,pressure_vs_guardians,1,1,[0;2],disabled,120.000,loss,0,elimination,lab_elimination,29.150,0,0
"working-tree-v11",11,1,0,"First Contact",Normal,1000,0.0500,pressure_vs_guardians,1,1,[0;2],disabled,120.000,loss,0,elimination,lab_elimination,60.399,0,0
"working-tree-v11",11,1,0,"First Contact",Normal,0,0.0500,pressure_vs_guardians,1,1,[0;2],guarded_anyseat90,120.000,loss,0,elimination,lab_elimination,33.150,0,0
"working-tree-v11",11,1,0,"First Contact",Normal,7,0.0500,pressure_vs_guardians,1,1,[0;2],guarded_anyseat90,120.000,loss,0,elimination,lab_elimination,29.150,0,0
"working-tree-v11",11,1,0,"First Contact",Normal,1000,0.0500,pressure_vs_guardians,1,1,[0;2],guarded_anyseat90,120.000,loss,0,elimination,lab_elimination,60.399,0,0
"working-tree-v11",11,1,0,"First Contact",Normal,0,0.0500,pressure_vs_guardians,1,2,[1;0],disabled,120.000,loss,0,elimination,lab_elimination,42.550,0,0
"working-tree-v11",11,1,0,"First Contact",Normal,7,0.0500,pressure_vs_guardians,1,2,[1;0],disabled,120.000,loss,0,elimination,lab_elimination,24.750,0,0
"working-tree-v11",11,1,0,"First Contact",Normal,1000,0.0500,pressure_vs_guardians,1,2,[1;0],disabled,120.000,win,1,elimination,lab_elimination,35.700,0,0
"working-tree-v11",11,1,0,"First Contact",Normal,0,0.0500,pressure_vs_guardians,1,2,[1;0],guarded_anyseat90,120.000,loss,0,elimination,lab_elimination,42.550,0,0
"working-tree-v11",11,1,0,"First Contact",Normal,7,0.0500,pressure_vs_guardians,1,2,[1;0],guarded_anyseat90,120.000,loss,0,elimination,lab_elimination,24.750,0,0
"working-tree-v11",11,1,0,"First Contact",Normal,1000,0.0500,pressure_vs_guardians,1,2,[1;0],guarded_anyseat90,120.000,win,1,elimination,lab_elimination,35.700,0,0
"working-tree-v11",10,1,12,"Gilded Approach",Normal,0,0.0500,mixed,0,0,[0;1],disabled,120.000,loss,1,elimination,lab_elimination,29.750,0,0
"working-tree-v11",10,1,12,"Gilded Approach",Normal,7,0.0500,mixed,0,0,[0;1],disabled,120.000,loss,1,elimination,lab_elimination,53.699,0,0
"working-tree-v11",10,1,12,"Gilded Approach",Normal,1000,0.0500,mixed,0,0,[0;1],disabled,120.000,loss,1,elimination,lab_elimination,26.400,0,0
"working-tree-v11",10,1,12,"Gilded Approach",Normal,0,0.0500,mixed,0,0,[0;1],guarded_anyseat90,120.000,loss,1,elimination,lab_elimination,29.750,0,0
"working-tree-v11",10,1,12,"Gilded Approach",Normal,7,0.0500,mixed,0,0,[0;1],guarded_anyseat90,120.000,loss,1,elimination,lab_elimination,53.699,0,0
"working-tree-v11",10,1,12,"Gilded Approach",Normal,1000,0.0500,mixed,0,0,[0;1],guarded_anyseat90,120.000,loss,1,elimination,lab_elimination,26.400,0,0
"working-tree-v11",10,1,12,"Gilded Approach",Normal,0,0.0500,mixed,0,1,[1;2],disabled,120.000,win,0,elimination,lab_elimination,108.252,0,0
"working-tree-v11",10,1,12,"Gilded Approach",Normal,7,0.0500,mixed,0,1,[1;2],disabled,120.000,win,0,elimination,lab_elimination,108.502,0,0
"working-tree-v11",10,1,12,"Gilded Approach",Normal,1000,0.0500,mixed,0,1,[1;2],disabled,120.000,win,0,elimination,lab_elimination,82.300,0,0
"working-tree-v11",10,1,12,"Gilded Approach",Normal,0,0.0500,mixed,0,1,[1;2],guarded_anyseat90,120.000,win,0,elimination,lab_elimination,108.252,0,0
"working-tree-v11",10,1,12,"Gilded Approach",Normal,7,0.0500,mixed,0,1,[1;2],guarded_anyseat90,120.000,win,0,elimination,lab_elimination,108.502,0,0
"working-tree-v11",10,1,12,"Gilded Approach",Normal,1000,0.0500,mixed,0,1,[1;2],guarded_anyseat90,120.000,win,0,elimination,lab_elimination,82.300,0,0
"working-tree-v11",10,1,12,"Gilded Approach",Normal,0,0.0500,mixed,0,2,[2;0],disabled,120.000,loss,1,elimination,lab_elimination,47.900,0,0
"working-tree-v11",10,1,12,"Gilded Approach",Normal,7,0.0500,mixed,0,2,[2;0],disabled,120.000,timeout,-1,none,duration_cap,120.000,0,0
"working-tree-v11",10,1,12,"Gilded Approach",Normal,1000,0.0500,mixed,0,2,[2;0],disabled,120.000,win,0,elimination,lab_elimination,119.353,0,0
"working-tree-v11",10,1,12,"Gilded Approach",Normal,0,0.0500,mixed,0,2,[2;0],guarded_anyseat90,120.000,loss,1,elimination,lab_elimination,47.900,0,0
"working-tree-v11",10,1,12,"Gilded Approach",Normal,7,0.0500,mixed,0,2,[2;0],guarded_anyseat90,120.000,timeout,-1,none,duration_cap,120.000,0,0
"working-tree-v11",10,1,12,"Gilded Approach",Normal,1000,0.0500,mixed,0,2,[2;0],guarded_anyseat90,120.000,win,0,elimination,lab_elimination,119.353,0,0
"working-tree-v11",10,1,12,"Gilded Approach",Normal,0,0.0500,mixed,1,0,[1;0],disabled,120.000,win,1,elimination,lab_elimination,42.300,0,0
"working-tree-v11",10,1,12,"Gilded Approach",Normal,7,0.0500,mixed,1,0,[1;0],disabled,120.000,loss,0,elimination,lab_elimination,94.051,0,0
"working-tree-v11",10,1,12,"Gilded Approach",Normal,1000,0.0500,mixed,1,0,[1;0],disabled,120.000,loss,0,elimination,lab_elimination,70.750,0,0
"working-tree-v11",10,1,12,"Gilded Approach",Normal,0,0.0500,mixed,1,0,[1;0],guarded_anyseat90,120.000,win,1,elimination,lab_elimination,42.300,0,0
"working-tree-v11",10,1,12,"Gilded Approach",Normal,7,0.0500,mixed,1,0,[1;0],guarded_anyseat90,120.000,loss,0,elimination,lab_elimination,94.051,0,0
"working-tree-v11",10,1,12,"Gilded Approach",Normal,1000,0.0500,mixed,1,0,[1;0],guarded_anyseat90,120.000,loss,0,elimination,lab_elimination,70.750,0,0
"working-tree-v11",10,1,12,"Gilded Approach",Normal,0,0.0500,mixed,1,1,[2;1],disabled,120.000,win,1,elimination,lab_elimination,59.099,0,0
"working-tree-v11",10,1,12,"Gilded Approach",Normal,7,0.0500,mixed,1,1,[2;1],disabled,120.000,win,1,elimination,lab_elimination,63.749,0,0
"working-tree-v11",10,1,12,"Gilded Approach",Normal,1000,0.0500,mixed,1,1,[2;1],disabled,120.000,win,1,elimination,lab_elimination,39.650,0,0
"working-tree-v11",10,1,12,"Gilded Approach",Normal,0,0.0500,mixed,1,1,[2;1],guarded_anyseat90,120.000,win,1,elimination,lab_elimination,59.099,0,0
"working-tree-v11",10,1,12,"Gilded Approach",Normal,7,0.0500,mixed,1,1,[2;1],guarded_anyseat90,120.000,win,1,elimination,lab_elimination,63.749,0,0
"working-tree-v11",10,1,12,"Gilded Approach",Normal,1000,0.0500,mixed,1,1,[2;1],guarded_anyseat90,120.000,win,1,elimination,lab_elimination,39.650,0,0
"working-tree-v11",10,1,12,"Gilded Approach",Normal,0,0.0500,mixed,1,2,[0;2],disabled,120.000,timeout,-1,none,duration_cap,120.000,0,0
"working-tree-v11",10,1,12,"Gilded Approach",Normal,7,0.0500,mixed,1,2,[0;2],disabled,120.000,timeout,-1,none,duration_cap,120.000,0,0
"working-tree-v11",10,1,12,"Gilded Approach",Normal,1000,0.0500,mixed,1,2,[0;2],disabled,120.000,timeout,-1,none,duration_cap,120.000,0,0
"working-tree-v11",10,1,12,"Gilded Approach",Normal,0,0.0500,mixed,1,2,[0;2],guarded_anyseat90,120.000,timeout,-1,none,duration_cap,120.000,0,0
"working-tree-v11",10,1,12,"Gilded Approach",Normal,7,0.0500,mixed,1,2,[0;2],guarded_anyseat90,120.000,timeout,-1,none,duration_cap,120.000,0,0
"working-tree-v11",10,1,12,"Gilded Approach",Normal,1000,0.0500,mixed,1,2,[0;2],guarded_anyseat90,120.000,timeout,-1,none,duration_cap,120.000,0,0
"working-tree-v11",10,1,12,"Gilded Approach",Normal,0,0.0500,pressure_vs_guardians,0,0,[1;2],disabled,120.000,win,0,elimination,lab_elimination,108.252,0,0
"working-tree-v11",10,1,12,"Gilded Approach",Normal,7,0.0500,pressure_vs_guardians,0,0,[1;2],disabled,120.000,win,0,elimination,lab_elimination,108.502,0,0
"working-tree-v11",10,1,12,"Gilded Approach",Normal,1000,0.0500,pressure_vs_guardians,0,0,[1;2],disabled,120.000,win,0,elimination,lab_elimination,82.300,0,0
"working-tree-v11",10,1,12,"Gilded Approach",Normal,0,0.0500,pressure_vs_guardians,0,0,[1;2],guarded_anyseat90,120.000,win,0,elimination,lab_elimination,108.252,0,0
"working-tree-v11",10,1,12,"Gilded Approach",Normal,7,0.0500,pressure_vs_guardians,0,0,[1;2],guarded_anyseat90,120.000,win,0,elimination,lab_elimination,108.502,0,0
"working-tree-v11",10,1,12,"Gilded Approach",Normal,1000,0.0500,pressure_vs_guardians,0,0,[1;2],guarded_anyseat90,120.000,win,0,elimination,lab_elimination,82.300,0,0
"working-tree-v11",10,1,12,"Gilded Approach",Normal,0,0.0500,pressure_vs_guardians,0,1,[2;0],disabled,120.000,loss,1,elimination,lab_elimination,47.900,0,0
"working-tree-v11",10,1,12,"Gilded Approach",Normal,7,0.0500,pressure_vs_guardians,0,1,[2;0],disabled,120.000,timeout,-1,none,duration_cap,120.000,0,0
"working-tree-v11",10,1,12,"Gilded Approach",Normal,1000,0.0500,pressure_vs_guardians,0,1,[2;0],disabled,120.000,win,0,elimination,lab_elimination,119.353,0,0
"working-tree-v11",10,1,12,"Gilded Approach",Normal,0,0.0500,pressure_vs_guardians,0,1,[2;0],guarded_anyseat90,120.000,loss,1,elimination,lab_elimination,47.900,0,0
"working-tree-v11",10,1,12,"Gilded Approach",Normal,7,0.0500,pressure_vs_guardians,0,1,[2;0],guarded_anyseat90,120.000,timeout,-1,none,duration_cap,120.000,0,0
"working-tree-v11",10,1,12,"Gilded Approach",Normal,1000,0.0500,pressure_vs_guardians,0,1,[2;0],guarded_anyseat90,120.000,win,0,elimination,lab_elimination,119.353,0,0
"working-tree-v11",10,1,12,"Gilded Approach",Normal,0,0.0500,pressure_vs_guardians,0,2,[0;1],disabled,120.000,loss,1,elimination,lab_elimination,29.750,0,0
"working-tree-v11",10,1,12,"Gilded Approach",Normal,7,0.0500,pressure_vs_guardians,0,2,[0;1],disabled,120.000,loss,1,elimination,lab_elimination,53.699,0,0
"working-tree-v11",10,1,12,"Gilded Approach",Normal,1000,0.0500,pressure_vs_guardians,0,2,[0;1],disabled,120.000,loss,1,elimination,lab_elimination,26.400,0,0
"working-tree-v11",10,1,12,"Gilded Approach",Normal,0,0.0500,pressure_vs_guardians,0,2,[0;1],guarded_anyseat90,120.000,loss,1,elimination,lab_elimination,29.750,0,0
"working-tree-v11",10,1,12,"Gilded Approach",Normal,7,0.0500,pressure_vs_guardians,0,2,[0;1],guarded_anyseat90,120.000,loss,1,elimination,lab_elimination,53.699,0,0
"working-tree-v11",10,1,12,"Gilded Approach",Normal,1000,0.0500,pressure_vs_guardians,0,2,[0;1],guarded_anyseat90,120.000,loss,1,elimination,lab_elimination,26.400,0,0
"working-tree-v11",10,1,12,"Gilded Approach",Normal,0,0.0500,pressure_vs_guardians,1,0,[2;1],disabled,120.000,win,1,elimination,lab_elimination,59.099,0,0
"working-tree-v11",10,1,12,"Gilded Approach",Normal,7,0.0500,pressure_vs_guardians,1,0,[2;1],disabled,120.000,win,1,elimination,lab_elimination,63.749,0,0
"working-tree-v11",10,1,12,"Gilded Approach",Normal,1000,0.0500,pressure_vs_guardians,1,0,[2;1],disabled,120.000,win,1,elimination,lab_elimination,39.650,0,0
"working-tree-v11",10,1,12,"Gilded Approach",Normal,0,0.0500,pressure_vs_guardians,1,0,[2;1],guarded_anyseat90,120.000,win,1,elimination,lab_elimination,59.099,0,0
"working-tree-v11",10,1,12,"Gilded Approach",Normal,7,0.0500,pressure_vs_guardians,1,0,[2;1],guarded_anyseat90,120.000,win,1,elimination,lab_elimination,63.749,0,0
"working-tree-v11",10,1,12,"Gilded Approach",Normal,1000,0.0500,pressure_vs_guardians,1,0,[2;1],guarded_anyseat90,120.000,win,1,elimination,lab_elimination,39.650,0,0
"working-tree-v11",10,1,12,"Gilded Approach",Normal,0,0.0500,pressure_vs_guardians,1,1,[0;2],disabled,120.000,timeout,-1,none,duration_cap,120.000,0,0
"working-tree-v11",10,1,12,"Gilded Approach",Normal,7,0.0500,pressure_vs_guardians,1,1,[0;2],disabled,120.000,timeout,-1,none,duration_cap,120.000,0,0
"working-tree-v11",10,1,12,"Gilded Approach",Normal,1000,0.0500,pressure_vs_guardians,1,1,[0;2],disabled,120.000,timeout,-1,none,duration_cap,120.000,0,0
"working-tree-v11",10,1,12,"Gilded Approach",Normal,0,0.0500,pressure_vs_guardians,1,1,[0;2],guarded_anyseat90,120.000,timeout,-1,none,duration_cap,120.000,0,0
"working-tree-v11",10,1,12,"Gilded Approach",Normal,7,0.0500,pressure_vs_guardians,1,1,[0;2],guarded_anyseat90,120.000,timeout,-1,none,duration_cap,120.000,0,0
"working-tree-v11",10,1,12,"Gilded Approach",Normal,1000,0.0500,pressure_vs_guardians,1,1,[0;2],guarded_anyseat90,120.000,timeout,-1,none,duration_cap,120.000,0,0
"working-tree-v11",10,1,12,"Gilded Approach",Normal,0,0.0500,pressure_vs_guardians,1,2,[1;0],disabled,120.000,win,1,elimination,lab_elimination,42.300,0,0
"working-tree-v11",10,1,12,"Gilded Approach",Normal,7,0.0500,pressure_vs_guardians,1,2,[1;0],disabled,120.000,loss,0,elimination,lab_elimination,94.051,0,0
"working-tree-v11",10,1,12,"Gilded Approach",Normal,1000,0.0500,pressure_vs_guardians,1,2,[1;0],disabled,120.000,loss,0,elimination,lab_elimination,70.750,0,0
"working-tree-v11",10,1,12,"Gilded Approach",Normal,0,0.0500,pressure_vs_guardians,1,2,[1;0],guarded_anyseat90,120.000,win,1,elimination,lab_elimination,42.300,0,0
"working-tree-v11",10,1,12,"Gilded Approach",Normal,7,0.0500,pressure_vs_guardians,1,2,[1;0],guarded_anyseat90,120.000,loss,0,elimination,lab_elimination,94.051,0,0
"working-tree-v11",10,1,12,"Gilded Approach",Normal,1000,0.0500,pressure_vs_guardians,1,2,[1;0],guarded_anyseat90,120.000,loss,0,elimination,lab_elimination,70.750,0,0
"working-tree-v11",11,1,12,"Gilded Approach",Normal,0,0.0500,mixed,0,0,[0;1],disabled,120.000,loss,1,elimination,lab_elimination,47.900,0,0
"working-tree-v11",11,1,12,"Gilded Approach",Normal,7,0.0500,mixed,0,0,[0;1],disabled,120.000,timeout,-1,none,duration_cap,120.000,0,0
"working-tree-v11",11,1,12,"Gilded Approach",Normal,1000,0.0500,mixed,0,0,[0;1],disabled,120.000,loss,1,elimination,lab_elimination,39.450,0,0
"working-tree-v11",11,1,12,"Gilded Approach",Normal,0,0.0500,mixed,0,0,[0;1],guarded_anyseat90,120.000,loss,1,elimination,lab_elimination,47.900,0,0
"working-tree-v11",11,1,12,"Gilded Approach",Normal,7,0.0500,mixed,0,0,[0;1],guarded_anyseat90,120.000,timeout,-1,none,duration_cap,120.000,0,0
"working-tree-v11",11,1,12,"Gilded Approach",Normal,1000,0.0500,mixed,0,0,[0;1],guarded_anyseat90,120.000,loss,1,elimination,lab_elimination,39.450,0,0
"working-tree-v11",11,1,12,"Gilded Approach",Normal,0,0.0500,mixed,0,1,[1;2],disabled,120.000,win,0,elimination,lab_elimination,60.349,0,0
"working-tree-v11",11,1,12,"Gilded Approach",Normal,7,0.0500,mixed,0,1,[1;2],disabled,120.000,loss,1,elimination,lab_elimination,115.202,0,0
"working-tree-v11",11,1,12,"Gilded Approach",Normal,1000,0.0500,mixed,0,1,[1;2],disabled,120.000,loss,1,elimination,lab_elimination,99.251,0,0
"working-tree-v11",11,1,12,"Gilded Approach",Normal,0,0.0500,mixed,0,1,[1;2],guarded_anyseat90,120.000,win,0,elimination,lab_elimination,60.349,0,0
"working-tree-v11",11,1,12,"Gilded Approach",Normal,7,0.0500,mixed,0,1,[1;2],guarded_anyseat90,120.000,loss,1,elimination,lab_elimination,115.202,0,0
"working-tree-v11",11,1,12,"Gilded Approach",Normal,1000,0.0500,mixed,0,1,[1;2],guarded_anyseat90,120.000,loss,1,elimination,lab_elimination,99.251,0,0
"working-tree-v11",11,1,12,"Gilded Approach",Normal,0,0.0500,mixed,0,2,[2;0],disabled,120.000,loss,1,elimination,lab_elimination,50.250,0,0
"working-tree-v11",11,1,12,"Gilded Approach",Normal,7,0.0500,mixed,0,2,[2;0],disabled,120.000,timeout,-1,none,duration_cap,120.000,0,0
"working-tree-v11",11,1,12,"Gilded Approach",Normal,1000,0.0500,mixed,0,2,[2;0],disabled,120.000,loss,1,elimination,lab_elimination,94.351,0,0
"working-tree-v11",11,1,12,"Gilded Approach",Normal,0,0.0500,mixed,0,2,[2;0],guarded_anyseat90,120.000,loss,1,elimination,lab_elimination,50.250,0,0
"working-tree-v11",11,1,12,"Gilded Approach",Normal,7,0.0500,mixed,0,2,[2;0],guarded_anyseat90,120.000,timeout,-1,none,duration_cap,120.000,0,0
"working-tree-v11",11,1,12,"Gilded Approach",Normal,1000,0.0500,mixed,0,2,[2;0],guarded_anyseat90,120.000,loss,1,elimination,lab_elimination,94.351,0,0
"working-tree-v11",11,1,12,"Gilded Approach",Normal,0,0.0500,mixed,1,0,[1;0],disabled,120.000,loss,0,elimination,lab_elimination,96.401,0,0
"working-tree-v11",11,1,12,"Gilded Approach",Normal,7,0.0500,mixed,1,0,[1;0],disabled,120.000,loss,0,elimination,lab_elimination,72.600,0,0
"working-tree-v11",11,1,12,"Gilded Approach",Normal,1000,0.0500,mixed,1,0,[1;0],disabled,120.000,timeout,-1,none,duration_cap,120.000,0,0
"working-tree-v11",11,1,12,"Gilded Approach",Normal,0,0.0500,mixed,1,0,[1;0],guarded_anyseat90,120.000,loss,0,elimination,lab_elimination,96.401,0,0
"working-tree-v11",11,1,12,"Gilded Approach",Normal,7,0.0500,mixed,1,0,[1;0],guarded_anyseat90,120.000,loss,0,elimination,lab_elimination,72.600,0,0
"working-tree-v11",11,1,12,"Gilded Approach",Normal,1000,0.0500,mixed,1,0,[1;0],guarded_anyseat90,120.000,timeout,-1,none,duration_cap,120.000,0,0
"working-tree-v11",11,1,12,"Gilded Approach",Normal,0,0.0500,mixed,1,1,[2;1],disabled,120.000,win,1,elimination,lab_elimination,51.500,0,0
"working-tree-v11",11,1,12,"Gilded Approach",Normal,7,0.0500,mixed,1,1,[2;1],disabled,120.000,timeout,-1,none,duration_cap,120.000,0,0
"working-tree-v11",11,1,12,"Gilded Approach",Normal,1000,0.0500,mixed,1,1,[2;1],disabled,120.000,win,1,elimination,lab_elimination,41.400,0,0
"working-tree-v11",11,1,12,"Gilded Approach",Normal,0,0.0500,mixed,1,1,[2;1],guarded_anyseat90,120.000,win,1,elimination,lab_elimination,51.500,0,0
"working-tree-v11",11,1,12,"Gilded Approach",Normal,7,0.0500,mixed,1,1,[2;1],guarded_anyseat90,120.000,timeout,-1,none,duration_cap,120.000,0,0
"working-tree-v11",11,1,12,"Gilded Approach",Normal,1000,0.0500,mixed,1,1,[2;1],guarded_anyseat90,120.000,win,1,elimination,lab_elimination,41.400,0,0
"working-tree-v11",11,1,12,"Gilded Approach",Normal,0,0.0500,mixed,1,2,[0;2],disabled,120.000,loss,0,elimination,lab_elimination,60.149,0,0
"working-tree-v11",11,1,12,"Gilded Approach",Normal,7,0.0500,mixed,1,2,[0;2],disabled,120.000,loss,0,elimination,lab_elimination,106.702,0,0
"working-tree-v11",11,1,12,"Gilded Approach",Normal,1000,0.0500,mixed,1,2,[0;2],disabled,120.000,win,1,elimination,lab_elimination,118.203,0,0
"working-tree-v11",11,1,12,"Gilded Approach",Normal,0,0.0500,mixed,1,2,[0;2],guarded_anyseat90,120.000,loss,0,elimination,lab_elimination,60.149,0,0
"working-tree-v11",11,1,12,"Gilded Approach",Normal,7,0.0500,mixed,1,2,[0;2],guarded_anyseat90,120.000,loss,0,elimination,lab_elimination,106.702,0,0
"working-tree-v11",11,1,12,"Gilded Approach",Normal,1000,0.0500,mixed,1,2,[0;2],guarded_anyseat90,120.000,win,1,elimination,lab_elimination,118.203,0,0
"working-tree-v11",11,1,12,"Gilded Approach",Normal,0,0.0500,pressure_vs_guardians,0,0,[1;2],disabled,120.000,win,0,elimination,lab_elimination,60.349,0,0
"working-tree-v11",11,1,12,"Gilded Approach",Normal,7,0.0500,pressure_vs_guardians,0,0,[1;2],disabled,120.000,loss,1,elimination,lab_elimination,115.202,0,0
"working-tree-v11",11,1,12,"Gilded Approach",Normal,1000,0.0500,pressure_vs_guardians,0,0,[1;2],disabled,120.000,loss,1,elimination,lab_elimination,99.251,0,0
"working-tree-v11",11,1,12,"Gilded Approach",Normal,0,0.0500,pressure_vs_guardians,0,0,[1;2],guarded_anyseat90,120.000,win,0,elimination,lab_elimination,60.349,0,0
"working-tree-v11",11,1,12,"Gilded Approach",Normal,7,0.0500,pressure_vs_guardians,0,0,[1;2],guarded_anyseat90,120.000,loss,1,elimination,lab_elimination,115.202,0,0
"working-tree-v11",11,1,12,"Gilded Approach",Normal,1000,0.0500,pressure_vs_guardians,0,0,[1;2],guarded_anyseat90,120.000,loss,1,elimination,lab_elimination,99.251,0,0
"working-tree-v11",11,1,12,"Gilded Approach",Normal,0,0.0500,pressure_vs_guardians,0,1,[2;0],disabled,120.000,loss,1,elimination,lab_elimination,50.250,0,0
"working-tree-v11",11,1,12,"Gilded Approach",Normal,7,0.0500,pressure_vs_guardians,0,1,[2;0],disabled,120.000,timeout,-1,none,duration_cap,120.000,0,0
"working-tree-v11",11,1,12,"Gilded Approach",Normal,1000,0.0500,pressure_vs_guardians,0,1,[2;0],disabled,120.000,loss,1,elimination,lab_elimination,94.351,0,0
"working-tree-v11",11,1,12,"Gilded Approach",Normal,0,0.0500,pressure_vs_guardians,0,1,[2;0],guarded_anyseat90,120.000,loss,1,elimination,lab_elimination,50.250,0,0
"working-tree-v11",11,1,12,"Gilded Approach",Normal,7,0.0500,pressure_vs_guardians,0,1,[2;0],guarded_anyseat90,120.000,timeout,-1,none,duration_cap,120.000,0,0
"working-tree-v11",11,1,12,"Gilded Approach",Normal,1000,0.0500,pressure_vs_guardians,0,1,[2;0],guarded_anyseat90,120.000,loss,1,elimination,lab_elimination,94.351,0,0
"working-tree-v11",11,1,12,"Gilded Approach",Normal,0,0.0500,pressure_vs_guardians,0,2,[0;1],disabled,120.000,loss,1,elimination,lab_elimination,47.900,0,0
"working-tree-v11",11,1,12,"Gilded Approach",Normal,7,0.0500,pressure_vs_guardians,0,2,[0;1],disabled,120.000,timeout,-1,none,duration_cap,120.000,0,0
"working-tree-v11",11,1,12,"Gilded Approach",Normal,1000,0.0500,pressure_vs_guardians,0,2,[0;1],disabled,120.000,loss,1,elimination,lab_elimination,39.450,0,0
"working-tree-v11",11,1,12,"Gilded Approach",Normal,0,0.0500,pressure_vs_guardians,0,2,[0;1],guarded_anyseat90,120.000,loss,1,elimination,lab_elimination,47.900,0,0
"working-tree-v11",11,1,12,"Gilded Approach",Normal,7,0.0500,pressure_vs_guardians,0,2,[0;1],guarded_anyseat90,120.000,timeout,-1,none,duration_cap,120.000,0,0
"working-tree-v11",11,1,12,"Gilded Approach",Normal,1000,0.0500,pressure_vs_guardians,0,2,[0;1],guarded_anyseat90,120.000,loss,1,elimination,lab_elimination,39.450,0,0
"working-tree-v11",11,1,12,"Gilded Approach",Normal,0,0.0500,pressure_vs_guardians,1,0,[2;1],disabled,120.000,win,1,elimination,lab_elimination,51.500,0,0
"working-tree-v11",11,1,12,"Gilded Approach",Normal,7,0.0500,pressure_vs_guardians,1,0,[2;1],disabled,120.000,timeout,-1,none,duration_cap,120.000,0,0
"working-tree-v11",11,1,12,"Gilded Approach",Normal,1000,0.0500,pressure_vs_guardians,1,0,[2;1],disabled,120.000,win,1,elimination,lab_elimination,41.400,0,0
"working-tree-v11",11,1,12,"Gilded Approach",Normal,0,0.0500,pressure_vs_guardians,1,0,[2;1],guarded_anyseat90,120.000,win,1,elimination,lab_elimination,51.500,0,0
"working-tree-v11",11,1,12,"Gilded Approach",Normal,7,0.0500,pressure_vs_guardians,1,0,[2;1],guarded_anyseat90,120.000,timeout,-1,none,duration_cap,120.000,0,0
"working-tree-v11",11,1,12,"Gilded Approach",Normal,1000,0.0500,pressure_vs_guardians,1,0,[2;1],guarded_anyseat90,120.000,win,1,elimination,lab_elimination,41.400,0,0
"working-tree-v11",11,1,12,"Gilded Approach",Normal,0,0.0500,pressure_vs_guardians,1,1,[0;2],disabled,120.000,loss,0,elimination,lab_elimination,60.149,0,0
"working-tree-v11",11,1,12,"Gilded Approach",Normal,7,0.0500,pressure_vs_guardians,1,1,[0;2],disabled,120.000,loss,0,elimination,lab_elimination,106.702,0,0
"working-tree-v11",11,1,12,"Gilded Approach",Normal,1000,0.0500,pressure_vs_guardians,1,1,[0;2],disabled,120.000,win,1,elimination,lab_elimination,118.203,0,0
"working-tree-v11",11,1,12,"Gilded Approach",Normal,0,0.0500,pressure_vs_guardians,1,1,[0;2],guarded_anyseat90,120.000,loss,0,elimination,lab_elimination,60.149,0,0
"working-tree-v11",11,1,12,"Gilded Approach",Normal,7,0.0500,pressure_vs_guardians,1,1,[0;2],guarded_anyseat90,120.000,loss,0,elimination,lab_elimination,106.702,0,0
"working-tree-v11",11,1,12,"Gilded Approach",Normal,1000,0.0500,pressure_vs_guardians,1,1,[0;2],guarded_anyseat90,120.000,win,1,elimination,lab_elimination,118.203,0,0
"working-tree-v11",11,1,12,"Gilded Approach",Normal,0,0.0500,pressure_vs_guardians,1,2,[1;0],disabled,120.000,loss,0,elimination,lab_elimination,96.401,0,0
"working-tree-v11",11,1,12,"Gilded Approach",Normal,7,0.0500,pressure_vs_guardians,1,2,[1;0],disabled,120.000,loss,0,elimination,lab_elimination,72.600,0,0
"working-tree-v11",11,1,12,"Gilded Approach",Normal,1000,0.0500,pressure_vs_guardians,1,2,[1;0],disabled,120.000,timeout,-1,none,duration_cap,120.000,0,0
"working-tree-v11",11,1,12,"Gilded Approach",Normal,0,0.0500,pressure_vs_guardians,1,2,[1;0],guarded_anyseat90,120.000,loss,0,elimination,lab_elimination,96.401,0,0
"working-tree-v11",11,1,12,"Gilded Approach",Normal,7,0.0500,pressure_vs_guardians,1,2,[1;0],guarded_anyseat90,120.000,loss,0,elimination,lab_elimination,72.600,0,0
"working-tree-v11",11,1,12,"Gilded Approach",Normal,1000,0.0500,pressure_vs_guardians,1,2,[1;0],guarded_anyseat90,120.000,timeout,-1,none,duration_cap,120.000,0,0
"working-tree-v11",10,1,36,"Frostline Landing",Normal,0,0.0500,mixed,0,0,[0;1;2;0;1;2],disabled,120.000,timeout,-1,none,duration_cap,120.000,0,0
"working-tree-v11",10,1,36,"Frostline Landing",Normal,7,0.0500,mixed,0,0,[0;1;2;0;1;2],disabled,120.000,timeout,-1,none,duration_cap,120.000,0,0
"working-tree-v11",10,1,36,"Frostline Landing",Normal,1000,0.0500,mixed,0,0,[0;1;2;0;1;2],disabled,120.000,timeout,-1,none,duration_cap,120.000,0,0
"working-tree-v11",10,1,36,"Frostline Landing",Normal,0,0.0500,mixed,0,0,[0;1;2;0;1;2],guarded_anyseat90,120.000,timeout,-1,none,duration_cap,120.000,0,0
"working-tree-v11",10,1,36,"Frostline Landing",Normal,7,0.0500,mixed,0,0,[0;1;2;0;1;2],guarded_anyseat90,120.000,timeout,-1,none,duration_cap,120.000,0,0
"working-tree-v11",10,1,36,"Frostline Landing",Normal,1000,0.0500,mixed,0,0,[0;1;2;0;1;2],guarded_anyseat90,120.000,timeout,-1,none,duration_cap,120.000,0,0
"working-tree-v11",10,1,36,"Frostline Landing",Normal,0,0.0500,mixed,0,1,[1;2;0;1;2;0],disabled,120.000,timeout,-1,none,duration_cap,120.000,0,0
"working-tree-v11",10,1,36,"Frostline Landing",Normal,7,0.0500,mixed,0,1,[1;2;0;1;2;0],disabled,120.000,timeout,-1,none,duration_cap,120.000,0,0
"working-tree-v11",10,1,36,"Frostline Landing",Normal,1000,0.0500,mixed,0,1,[1;2;0;1;2;0],disabled,120.000,timeout,-1,none,duration_cap,120.000,0,0
"working-tree-v11",10,1,36,"Frostline Landing",Normal,0,0.0500,mixed,0,1,[1;2;0;1;2;0],guarded_anyseat90,120.000,timeout,-1,none,duration_cap,120.000,0,0
"working-tree-v11",10,1,36,"Frostline Landing",Normal,7,0.0500,mixed,0,1,[1;2;0;1;2;0],guarded_anyseat90,120.000,timeout,-1,none,duration_cap,120.000,0,0
"working-tree-v11",10,1,36,"Frostline Landing",Normal,1000,0.0500,mixed,0,1,[1;2;0;1;2;0],guarded_anyseat90,120.000,timeout,-1,none,duration_cap,120.000,0,0
"working-tree-v11",10,1,36,"Frostline Landing",Normal,0,0.0500,mixed,0,2,[2;0;1;2;0;1],disabled,120.000,timeout,-1,none,duration_cap,120.000,0,0
"working-tree-v11",10,1,36,"Frostline Landing",Normal,7,0.0500,mixed,0,2,[2;0;1;2;0;1],disabled,120.000,timeout,-1,none,duration_cap,120.000,0,0
"working-tree-v11",10,1,36,"Frostline Landing",Normal,1000,0.0500,mixed,0,2,[2;0;1;2;0;1],disabled,120.000,timeout,-1,none,duration_cap,120.000,0,0
"working-tree-v11",10,1,36,"Frostline Landing",Normal,0,0.0500,mixed,0,2,[2;0;1;2;0;1],guarded_anyseat90,120.000,timeout,-1,none,duration_cap,120.000,0,0
"working-tree-v11",10,1,36,"Frostline Landing",Normal,7,0.0500,mixed,0,2,[2;0;1;2;0;1],guarded_anyseat90,120.000,timeout,-1,none,duration_cap,120.000,0,0
"working-tree-v11",10,1,36,"Frostline Landing",Normal,1000,0.0500,mixed,0,2,[2;0;1;2;0;1],guarded_anyseat90,120.000,timeout,-1,none,duration_cap,120.000,0,0
"working-tree-v11",10,1,36,"Frostline Landing",Normal,0,0.0500,mixed,1,0,[2;0;1;2;0;1],disabled,120.000,timeout,-1,none,duration_cap,120.000,0,0
"working-tree-v11",10,1,36,"Frostline Landing",Normal,7,0.0500,mixed,1,0,[2;0;1;2;0;1],disabled,120.000,timeout,-1,none,duration_cap,120.000,0,0
"working-tree-v11",10,1,36,"Frostline Landing",Normal,1000,0.0500,mixed,1,0,[2;0;1;2;0;1],disabled,120.000,timeout,-1,none,duration_cap,120.000,0,0
"working-tree-v11",10,1,36,"Frostline Landing",Normal,0,0.0500,mixed,1,0,[2;0;1;2;0;1],guarded_anyseat90,120.000,timeout,-1,none,duration_cap,120.000,0,0
"working-tree-v11",10,1,36,"Frostline Landing",Normal,7,0.0500,mixed,1,0,[2;0;1;2;0;1],guarded_anyseat90,120.000,timeout,-1,none,duration_cap,120.000,0,0
"working-tree-v11",10,1,36,"Frostline Landing",Normal,1000,0.0500,mixed,1,0,[2;0;1;2;0;1],guarded_anyseat90,120.000,timeout,-1,none,duration_cap,120.000,0,0
"working-tree-v11",10,1,36,"Frostline Landing",Normal,0,0.0500,mixed,1,1,[0;1;2;0;1;2],disabled,120.000,timeout,-1,none,duration_cap,120.000,0,0
"working-tree-v11",10,1,36,"Frostline Landing",Normal,7,0.0500,mixed,1,1,[0;1;2;0;1;2],disabled,120.000,timeout,-1,none,duration_cap,120.000,0,0
"working-tree-v11",10,1,36,"Frostline Landing",Normal,1000,0.0500,mixed,1,1,[0;1;2;0;1;2],disabled,120.000,timeout,-1,none,duration_cap,120.000,0,0
"working-tree-v11",10,1,36,"Frostline Landing",Normal,0,0.0500,mixed,1,1,[0;1;2;0;1;2],guarded_anyseat90,120.000,timeout,-1,none,duration_cap,120.000,0,0
"working-tree-v11",10,1,36,"Frostline Landing",Normal,7,0.0500,mixed,1,1,[0;1;2;0;1;2],guarded_anyseat90,120.000,timeout,-1,none,duration_cap,120.000,0,0
"working-tree-v11",10,1,36,"Frostline Landing",Normal,1000,0.0500,mixed,1,1,[0;1;2;0;1;2],guarded_anyseat90,120.000,timeout,-1,none,duration_cap,120.000,0,0
"working-tree-v11",10,1,36,"Frostline Landing",Normal,0,0.0500,mixed,1,2,[1;2;0;1;2;0],disabled,120.000,timeout,-1,none,duration_cap,120.000,0,0
"working-tree-v11",10,1,36,"Frostline Landing",Normal,7,0.0500,mixed,1,2,[1;2;0;1;2;0],disabled,120.000,timeout,-1,none,duration_cap,120.000,0,0
"working-tree-v11",10,1,36,"Frostline Landing",Normal,1000,0.0500,mixed,1,2,[1;2;0;1;2;0],disabled,120.000,timeout,-1,none,duration_cap,120.000,0,0
"working-tree-v11",10,1,36,"Frostline Landing",Normal,0,0.0500,mixed,1,2,[1;2;0;1;2;0],guarded_anyseat90,120.000,timeout,-1,none,duration_cap,120.000,0,0
"working-tree-v11",10,1,36,"Frostline Landing",Normal,7,0.0500,mixed,1,2,[1;2;0;1;2;0],guarded_anyseat90,120.000,timeout,-1,none,duration_cap,120.000,0,0
"working-tree-v11",10,1,36,"Frostline Landing",Normal,1000,0.0500,mixed,1,2,[1;2;0;1;2;0],guarded_anyseat90,120.000,timeout,-1,none,duration_cap,120.000,0,0
"working-tree-v11",10,1,36,"Frostline Landing",Normal,0,0.0500,mixed,2,0,[1;2;0;1;2;0],disabled,120.000,timeout,-1,none,duration_cap,120.000,0,0
"working-tree-v11",10,1,36,"Frostline Landing",Normal,7,0.0500,mixed,2,0,[1;2;0;1;2;0],disabled,120.000,timeout,-1,none,duration_cap,120.000,0,0
"working-tree-v11",10,1,36,"Frostline Landing",Normal,1000,0.0500,mixed,2,0,[1;2;0;1;2;0],disabled,120.000,timeout,-1,none,duration_cap,120.000,0,0
"working-tree-v11",10,1,36,"Frostline Landing",Normal,0,0.0500,mixed,2,0,[1;2;0;1;2;0],guarded_anyseat90,120.000,timeout,-1,none,duration_cap,120.000,0,0
"working-tree-v11",10,1,36,"Frostline Landing",Normal,7,0.0500,mixed,2,0,[1;2;0;1;2;0],guarded_anyseat90,120.000,timeout,-1,none,duration_cap,120.000,0,0
"working-tree-v11",10,1,36,"Frostline Landing",Normal,1000,0.0500,mixed,2,0,[1;2;0;1;2;0],guarded_anyseat90,120.000,timeout,-1,none,duration_cap,120.000,0,0
"working-tree-v11",10,1,36,"Frostline Landing",Normal,0,0.0500,mixed,2,1,[2;0;1;2;0;1],disabled,120.000,timeout,-1,none,duration_cap,120.000,0,0
"working-tree-v11",10,1,36,"Frostline Landing",Normal,7,0.0500,mixed,2,1,[2;0;1;2;0;1],disabled,120.000,timeout,-1,none,duration_cap,120.000,0,0
"working-tree-v11",10,1,36,"Frostline Landing",Normal,1000,0.0500,mixed,2,1,[2;0;1;2;0;1],disabled,120.000,timeout,-1,none,duration_cap,120.000,0,0
"working-tree-v11",10,1,36,"Frostline Landing",Normal,0,0.0500,mixed,2,1,[2;0;1;2;0;1],guarded_anyseat90,120.000,timeout,-1,none,duration_cap,120.000,0,0
"working-tree-v11",10,1,36,"Frostline Landing",Normal,7,0.0500,mixed,2,1,[2;0;1;2;0;1],guarded_anyseat90,120.000,timeout,-1,none,duration_cap,120.000,0,0
"working-tree-v11",10,1,36,"Frostline Landing",Normal,1000,0.0500,mixed,2,1,[2;0;1;2;0;1],guarded_anyseat90,120.000,timeout,-1,none,duration_cap,120.000,0,0
"working-tree-v11",10,1,36,"Frostline Landing",Normal,0,0.0500,mixed,2,2,[0;1;2;0;1;2],disabled,120.000,timeout,-1,none,duration_cap,120.000,0,0
"working-tree-v11",10,1,36,"Frostline Landing",Normal,7,0.0500,mixed,2,2,[0;1;2;0;1;2],disabled,120.000,timeout,-1,none,duration_cap,120.000,0,0
"working-tree-v11",10,1,36,"Frostline Landing",Normal,1000,0.0500,mixed,2,2,[0;1;2;0;1;2],disabled,120.000,timeout,-1,none,duration_cap,120.000,0,0
"working-tree-v11",10,1,36,"Frostline Landing",Normal,0,0.0500,mixed,2,2,[0;1;2;0;1;2],guarded_anyseat90,120.000,timeout,-1,none,duration_cap,120.000,0,0
"working-tree-v11",10,1,36,"Frostline Landing",Normal,7,0.0500,mixed,2,2,[0;1;2;0;1;2],guarded_anyseat90,120.000,timeout,-1,none,duration_cap,120.000,0,0
"working-tree-v11",10,1,36,"Frostline Landing",Normal,1000,0.0500,mixed,2,2,[0;1;2;0;1;2],guarded_anyseat90,120.000,timeout,-1,none,duration_cap,120.000,0,0
"working-tree-v11",10,1,36,"Frostline Landing",Normal,0,0.0500,mixed,3,0,[0;1;2;0;1;2],disabled,120.000,timeout,-1,none,duration_cap,120.000,0,0
"working-tree-v11",10,1,36,"Frostline Landing",Normal,7,0.0500,mixed,3,0,[0;1;2;0;1;2],disabled,120.000,timeout,-1,none,duration_cap,120.000,0,0
"working-tree-v11",10,1,36,"Frostline Landing",Normal,1000,0.0500,mixed,3,0,[0;1;2;0;1;2],disabled,120.000,timeout,-1,none,duration_cap,120.000,0,0
"working-tree-v11",10,1,36,"Frostline Landing",Normal,0,0.0500,mixed,3,0,[0;1;2;0;1;2],guarded_anyseat90,120.000,timeout,-1,none,duration_cap,120.000,0,0
"working-tree-v11",10,1,36,"Frostline Landing",Normal,7,0.0500,mixed,3,0,[0;1;2;0;1;2],guarded_anyseat90,120.000,timeout,-1,none,duration_cap,120.000,0,0
"working-tree-v11",10,1,36,"Frostline Landing",Normal,1000,0.0500,mixed,3,0,[0;1;2;0;1;2],guarded_anyseat90,120.000,timeout,-1,none,duration_cap,120.000,0,0
"working-tree-v11",10,1,36,"Frostline Landing",Normal,0,0.0500,mixed,3,1,[1;2;0;1;2;0],disabled,120.000,timeout,-1,none,duration_cap,120.000,0,0
"working-tree-v11",10,1,36,"Frostline Landing",Normal,7,0.0500,mixed,3,1,[1;2;0;1;2;0],disabled,120.000,timeout,-1,none,duration_cap,120.000,0,0
"working-tree-v11",10,1,36,"Frostline Landing",Normal,1000,0.0500,mixed,3,1,[1;2;0;1;2;0],disabled,120.000,timeout,-1,none,duration_cap,120.000,0,0
"working-tree-v11",10,1,36,"Frostline Landing",Normal,0,0.0500,mixed,3,1,[1;2;0;1;2;0],guarded_anyseat90,120.000,timeout,-1,none,duration_cap,120.000,0,0
"working-tree-v11",10,1,36,"Frostline Landing",Normal,7,0.0500,mixed,3,1,[1;2;0;1;2;0],guarded_anyseat90,120.000,timeout,-1,none,duration_cap,120.000,0,0
"working-tree-v11",10,1,36,"Frostline Landing",Normal,1000,0.0500,mixed,3,1,[1;2;0;1;2;0],guarded_anyseat90,120.000,timeout,-1,none,duration_cap,120.000,0,0
"working-tree-v11",10,1,36,"Frostline Landing",Normal,0,0.0500,mixed,3,2,[2;0;1;2;0;1],disabled,120.000,timeout,-1,none,duration_cap,120.000,0,0
"working-tree-v11",10,1,36,"Frostline Landing",Normal,7,0.0500,mixed,3,2,[2;0;1;2;0;1],disabled,120.000,timeout,-1,none,duration_cap,120.000,0,0
"working-tree-v11",10,1,36,"Frostline Landing",Normal,1000,0.0500,mixed,3,2,[2;0;1;2;0;1],disabled,120.000,timeout,-1,none,duration_cap,120.000,0,0
"working-tree-v11",10,1,36,"Frostline Landing",Normal,0,0.0500,mixed,3,2,[2;0;1;2;0;1],guarded_anyseat90,120.000,timeout,-1,none,duration_cap,120.000,0,0
"working-tree-v11",10,1,36,"Frostline Landing",Normal,7,0.0500,mixed,3,2,[2;0;1;2;0;1],guarded_anyseat90,120.000,timeout,-1,none,duration_cap,120.000,0,0
"working-tree-v11",10,1,36,"Frostline Landing",Normal,1000,0.0500,mixed,3,2,[2;0;1;2;0;1],guarded_anyseat90,120.000,timeout,-1,none,duration_cap,120.000,0,0
"working-tree-v11",10,1,36,"Frostline Landing",Normal,0,0.0500,mixed,4,0,[2;0;1;2;0;1],disabled,120.000,timeout,-1,none,duration_cap,120.000,0,0
"working-tree-v11",10,1,36,"Frostline Landing",Normal,7,0.0500,mixed,4,0,[2;0;1;2;0;1],disabled,120.000,timeout,-1,none,duration_cap,120.000,0,0
"working-tree-v11",10,1,36,"Frostline Landing",Normal,1000,0.0500,mixed,4,0,[2;0;1;2;0;1],disabled,120.000,timeout,-1,none,duration_cap,120.000,0,0
"working-tree-v11",10,1,36,"Frostline Landing",Normal,0,0.0500,mixed,4,0,[2;0;1;2;0;1],guarded_anyseat90,120.000,timeout,-1,none,duration_cap,120.000,0,0
"working-tree-v11",10,1,36,"Frostline Landing",Normal,7,0.0500,mixed,4,0,[2;0;1;2;0;1],guarded_anyseat90,120.000,timeout,-1,none,duration_cap,120.000,0,0
"working-tree-v11",10,1,36,"Frostline Landing",Normal,1000,0.0500,mixed,4,0,[2;0;1;2;0;1],guarded_anyseat90,120.000,timeout,-1,none,duration_cap,120.000,0,0
"working-tree-v11",10,1,36,"Frostline Landing",Normal,0,0.0500,mixed,4,1,[0;1;2;0;1;2],disabled,120.000,timeout,-1,none,duration_cap,120.000,0,0
"working-tree-v11",10,1,36,"Frostline Landing",Normal,7,0.0500,mixed,4,1,[0;1;2;0;1;2],disabled,120.000,timeout,-1,none,duration_cap,120.000,0,0
"working-tree-v11",10,1,36,"Frostline Landing",Normal,1000,0.0500,mixed,4,1,[0;1;2;0;1;2],disabled,120.000,timeout,-1,none,duration_cap,120.000,0,0
"working-tree-v11",10,1,36,"Frostline Landing",Normal,0,0.0500,mixed,4,1,[0;1;2;0;1;2],guarded_anyseat90,120.000,timeout,-1,none,duration_cap,120.000,0,0
"working-tree-v11",10,1,36,"Frostline Landing",Normal,7,0.0500,mixed,4,1,[0;1;2;0;1;2],guarded_anyseat90,120.000,timeout,-1,none,duration_cap,120.000,0,0
"working-tree-v11",10,1,36,"Frostline Landing",Normal,1000,0.0500,mixed,4,1,[0;1;2;0;1;2],guarded_anyseat90,120.000,timeout,-1,none,duration_cap,120.000,0,0
"working-tree-v11",10,1,36,"Frostline Landing",Normal,0,0.0500,mixed,4,2,[1;2;0;1;2;0],disabled,120.000,timeout,-1,none,duration_cap,120.000,0,0
"working-tree-v11",10,1,36,"Frostline Landing",Normal,7,0.0500,mixed,4,2,[1;2;0;1;2;0],disabled,120.000,timeout,-1,none,duration_cap,120.000,0,0
"working-tree-v11",10,1,36,"Frostline Landing",Normal,1000,0.0500,mixed,4,2,[1;2;0;1;2;0],disabled,120.000,timeout,-1,none,duration_cap,120.000,0,0
"working-tree-v11",10,1,36,"Frostline Landing",Normal,0,0.0500,mixed,4,2,[1;2;0;1;2;0],guarded_anyseat90,120.000,timeout,-1,none,duration_cap,120.000,0,0
"working-tree-v11",10,1,36,"Frostline Landing",Normal,7,0.0500,mixed,4,2,[1;2;0;1;2;0],guarded_anyseat90,120.000,timeout,-1,none,duration_cap,120.000,0,0
"working-tree-v11",10,1,36,"Frostline Landing",Normal,1000,0.0500,mixed,4,2,[1;2;0;1;2;0],guarded_anyseat90,120.000,timeout,-1,none,duration_cap,120.000,0,0
"working-tree-v11",10,1,36,"Frostline Landing",Normal,0,0.0500,mixed,5,0,[1;2;0;1;2;0],disabled,120.000,timeout,-1,none,duration_cap,120.000,0,0
"working-tree-v11",10,1,36,"Frostline Landing",Normal,7,0.0500,mixed,5,0,[1;2;0;1;2;0],disabled,120.000,timeout,-1,none,duration_cap,120.000,0,0
"working-tree-v11",10,1,36,"Frostline Landing",Normal,1000,0.0500,mixed,5,0,[1;2;0;1;2;0],disabled,120.000,timeout,-1,none,duration_cap,120.000,0,0
"working-tree-v11",10,1,36,"Frostline Landing",Normal,0,0.0500,mixed,5,0,[1;2;0;1;2;0],guarded_anyseat90,120.000,timeout,-1,none,duration_cap,120.000,0,0
"working-tree-v11",10,1,36,"Frostline Landing",Normal,7,0.0500,mixed,5,0,[1;2;0;1;2;0],guarded_anyseat90,120.000,timeout,-1,none,duration_cap,120.000,0,0
"working-tree-v11",10,1,36,"Frostline Landing",Normal,1000,0.0500,mixed,5,0,[1;2;0;1;2;0],guarded_anyseat90,120.000,timeout,-1,none,duration_cap,120.000,0,0
"working-tree-v11",10,1,36,"Frostline Landing",Normal,0,0.0500,mixed,5,1,[2;0;1;2;0;1],disabled,120.000,timeout,-1,none,duration_cap,120.000,0,0
"working-tree-v11",10,1,36,"Frostline Landing",Normal,7,0.0500,mixed,5,1,[2;0;1;2;0;1],disabled,120.000,timeout,-1,none,duration_cap,120.000,0,0
"working-tree-v11",10,1,36,"Frostline Landing",Normal,1000,0.0500,mixed,5,1,[2;0;1;2;0;1],disabled,120.000,timeout,-1,none,duration_cap,120.000,0,0
"working-tree-v11",10,1,36,"Frostline Landing",Normal,0,0.0500,mixed,5,1,[2;0;1;2;0;1],guarded_anyseat90,120.000,timeout,-1,none,duration_cap,120.000,0,0
"working-tree-v11",10,1,36,"Frostline Landing",Normal,7,0.0500,mixed,5,1,[2;0;1;2;0;1],guarded_anyseat90,120.000,timeout,-1,none,duration_cap,120.000,0,0
"working-tree-v11",10,1,36,"Frostline Landing",Normal,1000,0.0500,mixed,5,1,[2;0;1;2;0;1],guarded_anyseat90,120.000,timeout,-1,none,duration_cap,120.000,0,0
"working-tree-v11",10,1,36,"Frostline Landing",Normal,0,0.0500,mixed,5,2,[0;1;2;0;1;2],disabled,120.000,timeout,-1,none,duration_cap,120.000,0,0
"working-tree-v11",10,1,36,"Frostline Landing",Normal,7,0.0500,mixed,5,2,[0;1;2;0;1;2],disabled,120.000,timeout,-1,none,duration_cap,120.000,0,0
"working-tree-v11",10,1,36,"Frostline Landing",Normal,1000,0.0500,mixed,5,2,[0;1;2;0;1;2],disabled,120.000,timeout,-1,none,duration_cap,120.000,0,0
"working-tree-v11",10,1,36,"Frostline Landing",Normal,0,0.0500,mixed,5,2,[0;1;2;0;1;2],guarded_anyseat90,120.000,timeout,-1,none,duration_cap,120.000,0,0
"working-tree-v11",10,1,36,"Frostline Landing",Normal,7,0.0500,mixed,5,2,[0;1;2;0;1;2],guarded_anyseat90,120.000,timeout,-1,none,duration_cap,120.000,0,0
"working-tree-v11",10,1,36,"Frostline Landing",Normal,1000,0.0500,mixed,5,2,[0;1;2;0;1;2],guarded_anyseat90,120.000,timeout,-1,none,duration_cap,120.000,0,0
"working-tree-v11",10,1,36,"Frostline Landing",Normal,0,0.0500,pressure_vs_guardians,0,0,[1;2;2;2;2;2],disabled,120.000,timeout,-1,none,duration_cap,120.000,0,0
"working-tree-v11",10,1,36,"Frostline Landing",Normal,7,0.0500,pressure_vs_guardians,0,0,[1;2;2;2;2;2],disabled,120.000,timeout,-1,none,duration_cap,120.000,0,0
"working-tree-v11",10,1,36,"Frostline Landing",Normal,1000,0.0500,pressure_vs_guardians,0,0,[1;2;2;2;2;2],disabled,120.000,timeout,-1,none,duration_cap,120.000,0,0
"working-tree-v11",10,1,36,"Frostline Landing",Normal,0,0.0500,pressure_vs_guardians,0,0,[1;2;2;2;2;2],guarded_anyseat90,120.000,timeout,-1,none,duration_cap,120.000,0,0
"working-tree-v11",10,1,36,"Frostline Landing",Normal,7,0.0500,pressure_vs_guardians,0,0,[1;2;2;2;2;2],guarded_anyseat90,120.000,timeout,-1,none,duration_cap,120.000,0,0
"working-tree-v11",10,1,36,"Frostline Landing",Normal,1000,0.0500,pressure_vs_guardians,0,0,[1;2;2;2;2;2],guarded_anyseat90,120.000,timeout,-1,none,duration_cap,120.000,0,0
"working-tree-v11",10,1,36,"Frostline Landing",Normal,0,0.0500,pressure_vs_guardians,0,1,[2;0;0;0;0;0],disabled,120.000,timeout,-1,none,duration_cap,120.000,0,0
"working-tree-v11",10,1,36,"Frostline Landing",Normal,7,0.0500,pressure_vs_guardians,0,1,[2;0;0;0;0;0],disabled,120.000,timeout,-1,none,duration_cap,120.000,0,0
"working-tree-v11",10,1,36,"Frostline Landing",Normal,1000,0.0500,pressure_vs_guardians,0,1,[2;0;0;0;0;0],disabled,120.000,timeout,-1,none,duration_cap,120.000,0,0
"working-tree-v11",10,1,36,"Frostline Landing",Normal,0,0.0500,pressure_vs_guardians,0,1,[2;0;0;0;0;0],guarded_anyseat90,120.000,timeout,-1,none,duration_cap,120.000,0,0
"working-tree-v11",10,1,36,"Frostline Landing",Normal,7,0.0500,pressure_vs_guardians,0,1,[2;0;0;0;0;0],guarded_anyseat90,120.000,timeout,-1,none,duration_cap,120.000,0,0
"working-tree-v11",10,1,36,"Frostline Landing",Normal,1000,0.0500,pressure_vs_guardians,0,1,[2;0;0;0;0;0],guarded_anyseat90,120.000,timeout,-1,none,duration_cap,120.000,0,0
"working-tree-v11",10,1,36,"Frostline Landing",Normal,0,0.0500,pressure_vs_guardians,0,2,[0;1;1;1;1;1],disabled,120.000,timeout,-1,none,duration_cap,120.000,0,0
"working-tree-v11",10,1,36,"Frostline Landing",Normal,7,0.0500,pressure_vs_guardians,0,2,[0;1;1;1;1;1],disabled,120.000,timeout,-1,none,duration_cap,120.000,0,0
"working-tree-v11",10,1,36,"Frostline Landing",Normal,1000,0.0500,pressure_vs_guardians,0,2,[0;1;1;1;1;1],disabled,120.000,timeout,-1,none,duration_cap,120.000,0,0
"working-tree-v11",10,1,36,"Frostline Landing",Normal,0,0.0500,pressure_vs_guardians,0,2,[0;1;1;1;1;1],guarded_anyseat90,120.000,timeout,-1,none,duration_cap,120.000,0,0
"working-tree-v11",10,1,36,"Frostline Landing",Normal,7,0.0500,pressure_vs_guardians,0,2,[0;1;1;1;1;1],guarded_anyseat90,120.000,timeout,-1,none,duration_cap,120.000,0,0
"working-tree-v11",10,1,36,"Frostline Landing",Normal,1000,0.0500,pressure_vs_guardians,0,2,[0;1;1;1;1;1],guarded_anyseat90,120.000,timeout,-1,none,duration_cap,120.000,0,0
"working-tree-v11",10,1,36,"Frostline Landing",Normal,0,0.0500,pressure_vs_guardians,1,0,[2;1;2;2;2;2],disabled,120.000,timeout,-1,none,duration_cap,120.000,0,0
"working-tree-v11",10,1,36,"Frostline Landing",Normal,7,0.0500,pressure_vs_guardians,1,0,[2;1;2;2;2;2],disabled,120.000,timeout,-1,none,duration_cap,120.000,0,0
"working-tree-v11",10,1,36,"Frostline Landing",Normal,1000,0.0500,pressure_vs_guardians,1,0,[2;1;2;2;2;2],disabled,120.000,timeout,-1,none,duration_cap,120.000,0,0
"working-tree-v11",10,1,36,"Frostline Landing",Normal,0,0.0500,pressure_vs_guardians,1,0,[2;1;2;2;2;2],guarded_anyseat90,120.000,timeout,-1,none,duration_cap,120.000,0,0
"working-tree-v11",10,1,36,"Frostline Landing",Normal,7,0.0500,pressure_vs_guardians,1,0,[2;1;2;2;2;2],guarded_anyseat90,120.000,timeout,-1,none,duration_cap,120.000,0,0
"working-tree-v11",10,1,36,"Frostline Landing",Normal,1000,0.0500,pressure_vs_guardians,1,0,[2;1;2;2;2;2],guarded_anyseat90,120.000,timeout,-1,none,duration_cap,120.000,0,0
"working-tree-v11",10,1,36,"Frostline Landing",Normal,0,0.0500,pressure_vs_guardians,1,1,[0;2;0;0;0;0],disabled,120.000,timeout,-1,none,duration_cap,120.000,0,0
"working-tree-v11",10,1,36,"Frostline Landing",Normal,7,0.0500,pressure_vs_guardians,1,1,[0;2;0;0;0;0],disabled,120.000,timeout,-1,none,duration_cap,120.000,0,0
"working-tree-v11",10,1,36,"Frostline Landing",Normal,1000,0.0500,pressure_vs_guardians,1,1,[0;2;0;0;0;0],disabled,120.000,timeout,-1,none,duration_cap,120.000,0,0
"working-tree-v11",10,1,36,"Frostline Landing",Normal,0,0.0500,pressure_vs_guardians,1,1,[0;2;0;0;0;0],guarded_anyseat90,120.000,timeout,-1,none,duration_cap,120.000,0,0
"working-tree-v11",10,1,36,"Frostline Landing",Normal,7,0.0500,pressure_vs_guardians,1,1,[0;2;0;0;0;0],guarded_anyseat90,120.000,timeout,-1,none,duration_cap,120.000,0,0
"working-tree-v11",10,1,36,"Frostline Landing",Normal,1000,0.0500,pressure_vs_guardians,1,1,[0;2;0;0;0;0],guarded_anyseat90,120.000,timeout,-1,none,duration_cap,120.000,0,0
"working-tree-v11",10,1,36,"Frostline Landing",Normal,0,0.0500,pressure_vs_guardians,1,2,[1;0;1;1;1;1],disabled,120.000,timeout,-1,none,duration_cap,120.000,0,0
"working-tree-v11",10,1,36,"Frostline Landing",Normal,7,0.0500,pressure_vs_guardians,1,2,[1;0;1;1;1;1],disabled,120.000,timeout,-1,none,duration_cap,120.000,0,0
"working-tree-v11",10,1,36,"Frostline Landing",Normal,1000,0.0500,pressure_vs_guardians,1,2,[1;0;1;1;1;1],disabled,120.000,timeout,-1,none,duration_cap,120.000,0,0
"working-tree-v11",10,1,36,"Frostline Landing",Normal,0,0.0500,pressure_vs_guardians,1,2,[1;0;1;1;1;1],guarded_anyseat90,120.000,timeout,-1,none,duration_cap,120.000,0,0
"working-tree-v11",10,1,36,"Frostline Landing",Normal,7,0.0500,pressure_vs_guardians,1,2,[1;0;1;1;1;1],guarded_anyseat90,120.000,timeout,-1,none,duration_cap,120.000,0,0
"working-tree-v11",10,1,36,"Frostline Landing",Normal,1000,0.0500,pressure_vs_guardians,1,2,[1;0;1;1;1;1],guarded_anyseat90,120.000,timeout,-1,none,duration_cap,120.000,0,0
"working-tree-v11",10,1,36,"Frostline Landing",Normal,0,0.0500,pressure_vs_guardians,2,0,[2;2;1;2;2;2],disabled,120.000,timeout,-1,none,duration_cap,120.000,0,0
"working-tree-v11",10,1,36,"Frostline Landing",Normal,7,0.0500,pressure_vs_guardians,2,0,[2;2;1;2;2;2],disabled,120.000,timeout,-1,none,duration_cap,120.000,0,0
"working-tree-v11",10,1,36,"Frostline Landing",Normal,1000,0.0500,pressure_vs_guardians,2,0,[2;2;1;2;2;2],disabled,120.000,timeout,-1,none,duration_cap,120.000,0,0
"working-tree-v11",10,1,36,"Frostline Landing",Normal,0,0.0500,pressure_vs_guardians,2,0,[2;2;1;2;2;2],guarded_anyseat90,120.000,timeout,-1,none,duration_cap,120.000,0,0
"working-tree-v11",10,1,36,"Frostline Landing",Normal,7,0.0500,pressure_vs_guardians,2,0,[2;2;1;2;2;2],guarded_anyseat90,120.000,timeout,-1,none,duration_cap,120.000,0,0
"working-tree-v11",10,1,36,"Frostline Landing",Normal,1000,0.0500,pressure_vs_guardians,2,0,[2;2;1;2;2;2],guarded_anyseat90,120.000,timeout,-1,none,duration_cap,120.000,0,0
"working-tree-v11",10,1,36,"Frostline Landing",Normal,0,0.0500,pressure_vs_guardians,2,1,[0;0;2;0;0;0],disabled,120.000,timeout,-1,none,duration_cap,120.000,0,0
"working-tree-v11",10,1,36,"Frostline Landing",Normal,7,0.0500,pressure_vs_guardians,2,1,[0;0;2;0;0;0],disabled,120.000,timeout,-1,none,duration_cap,120.000,0,0
"working-tree-v11",10,1,36,"Frostline Landing",Normal,1000,0.0500,pressure_vs_guardians,2,1,[0;0;2;0;0;0],disabled,120.000,timeout,-1,none,duration_cap,120.000,0,0
"working-tree-v11",10,1,36,"Frostline Landing",Normal,0,0.0500,pressure_vs_guardians,2,1,[0;0;2;0;0;0],guarded_anyseat90,120.000,timeout,-1,none,duration_cap,120.000,0,0
"working-tree-v11",10,1,36,"Frostline Landing",Normal,7,0.0500,pressure_vs_guardians,2,1,[0;0;2;0;0;0],guarded_anyseat90,120.000,timeout,-1,none,duration_cap,120.000,0,0
"working-tree-v11",10,1,36,"Frostline Landing",Normal,1000,0.0500,pressure_vs_guardians,2,1,[0;0;2;0;0;0],guarded_anyseat90,120.000,timeout,-1,none,duration_cap,120.000,0,0
"working-tree-v11",10,1,36,"Frostline Landing",Normal,0,0.0500,pressure_vs_guardians,2,2,[1;1;0;1;1;1],disabled,120.000,timeout,-1,none,duration_cap,120.000,0,0
"working-tree-v11",10,1,36,"Frostline Landing",Normal,7,0.0500,pressure_vs_guardians,2,2,[1;1;0;1;1;1],disabled,120.000,timeout,-1,none,duration_cap,120.000,0,0
"working-tree-v11",10,1,36,"Frostline Landing",Normal,1000,0.0500,pressure_vs_guardians,2,2,[1;1;0;1;1;1],disabled,120.000,timeout,-1,none,duration_cap,120.000,0,0
"working-tree-v11",10,1,36,"Frostline Landing",Normal,0,0.0500,pressure_vs_guardians,2,2,[1;1;0;1;1;1],guarded_anyseat90,120.000,timeout,-1,none,duration_cap,120.000,0,0
"working-tree-v11",10,1,36,"Frostline Landing",Normal,7,0.0500,pressure_vs_guardians,2,2,[1;1;0;1;1;1],guarded_anyseat90,120.000,timeout,-1,none,duration_cap,120.000,0,0
"working-tree-v11",10,1,36,"Frostline Landing",Normal,1000,0.0500,pressure_vs_guardians,2,2,[1;1;0;1;1;1],guarded_anyseat90,120.000,timeout,-1,none,duration_cap,120.000,0,0
"working-tree-v11",10,1,36,"Frostline Landing",Normal,0,0.0500,pressure_vs_guardians,3,0,[2;2;2;1;2;2],disabled,120.000,timeout,-1,none,duration_cap,120.000,0,0
"working-tree-v11",10,1,36,"Frostline Landing",Normal,7,0.0500,pressure_vs_guardians,3,0,[2;2;2;1;2;2],disabled,120.000,timeout,-1,none,duration_cap,120.000,0,0
"working-tree-v11",10,1,36,"Frostline Landing",Normal,1000,0.0500,pressure_vs_guardians,3,0,[2;2;2;1;2;2],disabled,120.000,timeout,-1,none,duration_cap,120.000,0,0
"working-tree-v11",10,1,36,"Frostline Landing",Normal,0,0.0500,pressure_vs_guardians,3,0,[2;2;2;1;2;2],guarded_anyseat90,120.000,timeout,-1,none,duration_cap,120.000,0,0
"working-tree-v11",10,1,36,"Frostline Landing",Normal,7,0.0500,pressure_vs_guardians,3,0,[2;2;2;1;2;2],guarded_anyseat90,120.000,timeout,-1,none,duration_cap,120.000,0,0
"working-tree-v11",10,1,36,"Frostline Landing",Normal,1000,0.0500,pressure_vs_guardians,3,0,[2;2;2;1;2;2],guarded_anyseat90,120.000,timeout,-1,none,duration_cap,120.000,0,0
"working-tree-v11",10,1,36,"Frostline Landing",Normal,0,0.0500,pressure_vs_guardians,3,1,[0;0;0;2;0;0],disabled,120.000,timeout,-1,none,duration_cap,120.000,0,0
"working-tree-v11",10,1,36,"Frostline Landing",Normal,7,0.0500,pressure_vs_guardians,3,1,[0;0;0;2;0;0],disabled,120.000,timeout,-1,none,duration_cap,120.000,0,0
"working-tree-v11",10,1,36,"Frostline Landing",Normal,1000,0.0500,pressure_vs_guardians,3,1,[0;0;0;2;0;0],disabled,120.000,timeout,-1,none,duration_cap,120.000,0,0
"working-tree-v11",10,1,36,"Frostline Landing",Normal,0,0.0500,pressure_vs_guardians,3,1,[0;0;0;2;0;0],guarded_anyseat90,120.000,timeout,-1,none,duration_cap,120.000,0,0
"working-tree-v11",10,1,36,"Frostline Landing",Normal,7,0.0500,pressure_vs_guardians,3,1,[0;0;0;2;0;0],guarded_anyseat90,120.000,timeout,-1,none,duration_cap,120.000,0,0
"working-tree-v11",10,1,36,"Frostline Landing",Normal,1000,0.0500,pressure_vs_guardians,3,1,[0;0;0;2;0;0],guarded_anyseat90,120.000,timeout,-1,none,duration_cap,120.000,0,0
"working-tree-v11",10,1,36,"Frostline Landing",Normal,0,0.0500,pressure_vs_guardians,3,2,[1;1;1;0;1;1],disabled,120.000,timeout,-1,none,duration_cap,120.000,0,0
"working-tree-v11",10,1,36,"Frostline Landing",Normal,7,0.0500,pressure_vs_guardians,3,2,[1;1;1;0;1;1],disabled,120.000,timeout,-1,none,duration_cap,120.000,0,0
"working-tree-v11",10,1,36,"Frostline Landing",Normal,1000,0.0500,pressure_vs_guardians,3,2,[1;1;1;0;1;1],disabled,120.000,timeout,-1,none,duration_cap,120.000,0,0
"working-tree-v11",10,1,36,"Frostline Landing",Normal,0,0.0500,pressure_vs_guardians,3,2,[1;1;1;0;1;1],guarded_anyseat90,120.000,timeout,-1,none,duration_cap,120.000,0,0
"working-tree-v11",10,1,36,"Frostline Landing",Normal,7,0.0500,pressure_vs_guardians,3,2,[1;1;1;0;1;1],guarded_anyseat90,120.000,timeout,-1,none,duration_cap,120.000,0,0
"working-tree-v11",10,1,36,"Frostline Landing",Normal,1000,0.0500,pressure_vs_guardians,3,2,[1;1;1;0;1;1],guarded_anyseat90,120.000,timeout,-1,none,duration_cap,120.000,0,0
"working-tree-v11",10,1,36,"Frostline Landing",Normal,0,0.0500,pressure_vs_guardians,4,0,[2;2;2;2;1;2],disabled,120.000,timeout,-1,none,duration_cap,120.000,0,0
"working-tree-v11",10,1,36,"Frostline Landing",Normal,7,0.0500,pressure_vs_guardians,4,0,[2;2;2;2;1;2],disabled,120.000,timeout,-1,none,duration_cap,120.000,0,0
"working-tree-v11",10,1,36,"Frostline Landing",Normal,1000,0.0500,pressure_vs_guardians,4,0,[2;2;2;2;1;2],disabled,120.000,timeout,-1,none,duration_cap,120.000,0,0
"working-tree-v11",10,1,36,"Frostline Landing",Normal,0,0.0500,pressure_vs_guardians,4,0,[2;2;2;2;1;2],guarded_anyseat90,120.000,timeout,-1,none,duration_cap,120.000,0,0
"working-tree-v11",10,1,36,"Frostline Landing",Normal,7,0.0500,pressure_vs_guardians,4,0,[2;2;2;2;1;2],guarded_anyseat90,120.000,timeout,-1,none,duration_cap,120.000,0,0
"working-tree-v11",10,1,36,"Frostline Landing",Normal,1000,0.0500,pressure_vs_guardians,4,0,[2;2;2;2;1;2],guarded_anyseat90,120.000,timeout,-1,none,duration_cap,120.000,0,0
"working-tree-v11",10,1,36,"Frostline Landing",Normal,0,0.0500,pressure_vs_guardians,4,1,[0;0;0;0;2;0],disabled,120.000,timeout,-1,none,duration_cap,120.000,0,0
"working-tree-v11",10,1,36,"Frostline Landing",Normal,7,0.0500,pressure_vs_guardians,4,1,[0;0;0;0;2;0],disabled,120.000,timeout,-1,none,duration_cap,120.000,0,0
"working-tree-v11",10,1,36,"Frostline Landing",Normal,1000,0.0500,pressure_vs_guardians,4,1,[0;0;0;0;2;0],disabled,120.000,timeout,-1,none,duration_cap,120.000,0,0
"working-tree-v11",10,1,36,"Frostline Landing",Normal,0,0.0500,pressure_vs_guardians,4,1,[0;0;0;0;2;0],guarded_anyseat90,120.000,timeout,-1,none,duration_cap,120.000,0,0
"working-tree-v11",10,1,36,"Frostline Landing",Normal,7,0.0500,pressure_vs_guardians,4,1,[0;0;0;0;2;0],guarded_anyseat90,120.000,timeout,-1,none,duration_cap,120.000,0,0
"working-tree-v11",10,1,36,"Frostline Landing",Normal,1000,0.0500,pressure_vs_guardians,4,1,[0;0;0;0;2;0],guarded_anyseat90,120.000,timeout,-1,none,duration_cap,120.000,0,0
"working-tree-v11",10,1,36,"Frostline Landing",Normal,0,0.0500,pressure_vs_guardians,4,2,[1;1;1;1;0;1],disabled,120.000,timeout,-1,none,duration_cap,120.000,0,0
"working-tree-v11",10,1,36,"Frostline Landing",Normal,7,0.0500,pressure_vs_guardians,4,2,[1;1;1;1;0;1],disabled,120.000,timeout,-1,none,duration_cap,120.000,0,0
"working-tree-v11",10,1,36,"Frostline Landing",Normal,1000,0.0500,pressure_vs_guardians,4,2,[1;1;1;1;0;1],disabled,120.000,timeout,-1,none,duration_cap,120.000,0,0
"working-tree-v11",10,1,36,"Frostline Landing",Normal,0,0.0500,pressure_vs_guardians,4,2,[1;1;1;1;0;1],guarded_anyseat90,120.000,timeout,-1,none,duration_cap,120.000,0,0
"working-tree-v11",10,1,36,"Frostline Landing",Normal,7,0.0500,pressure_vs_guardians,4,2,[1;1;1;1;0;1],guarded_anyseat90,120.000,timeout,-1,none,duration_cap,120.000,0,0
"working-tree-v11",10,1,36,"Frostline Landing",Normal,1000,0.0500,pressure_vs_guardians,4,2,[1;1;1;1;0;1],guarded_anyseat90,120.000,timeout,-1,none,duration_cap,120.000,0,0
"working-tree-v11",10,1,36,"Frostline Landing",Normal,0,0.0500,pressure_vs_guardians,5,0,[2;2;2;2;2;1],disabled,120.000,timeout,-1,none,duration_cap,120.000,0,0
"working-tree-v11",10,1,36,"Frostline Landing",Normal,7,0.0500,pressure_vs_guardians,5,0,[2;2;2;2;2;1],disabled,120.000,timeout,-1,none,duration_cap,120.000,0,0
"working-tree-v11",10,1,36,"Frostline Landing",Normal,1000,0.0500,pressure_vs_guardians,5,0,[2;2;2;2;2;1],disabled,120.000,timeout,-1,none,duration_cap,120.000,0,0
"working-tree-v11",10,1,36,"Frostline Landing",Normal,0,0.0500,pressure_vs_guardians,5,0,[2;2;2;2;2;1],guarded_anyseat90,120.000,timeout,-1,none,duration_cap,120.000,0,0
"working-tree-v11",10,1,36,"Frostline Landing",Normal,7,0.0500,pressure_vs_guardians,5,0,[2;2;2;2;2;1],guarded_anyseat90,120.000,timeout,-1,none,duration_cap,120.000,0,0
"working-tree-v11",10,1,36,"Frostline Landing",Normal,1000,0.0500,pressure_vs_guardians,5,0,[2;2;2;2;2;1],guarded_anyseat90,120.000,timeout,-1,none,duration_cap,120.000,0,0
"working-tree-v11",10,1,36,"Frostline Landing",Normal,0,0.0500,pressure_vs_guardians,5,1,[0;0;0;0;0;2],disabled,120.000,timeout,-1,none,duration_cap,120.000,0,0
"working-tree-v11",10,1,36,"Frostline Landing",Normal,7,0.0500,pressure_vs_guardians,5,1,[0;0;0;0;0;2],disabled,120.000,timeout,-1,none,duration_cap,120.000,0,0
"working-tree-v11",10,1,36,"Frostline Landing",Normal,1000,0.0500,pressure_vs_guardians,5,1,[0;0;0;0;0;2],disabled,120.000,timeout,-1,none,duration_cap,120.000,0,0
"working-tree-v11",10,1,36,"Frostline Landing",Normal,0,0.0500,pressure_vs_guardians,5,1,[0;0;0;0;0;2],guarded_anyseat90,120.000,timeout,-1,none,duration_cap,120.000,0,0
"working-tree-v11",10,1,36,"Frostline Landing",Normal,7,0.0500,pressure_vs_guardians,5,1,[0;0;0;0;0;2],guarded_anyseat90,120.000,timeout,-1,none,duration_cap,120.000,0,0
"working-tree-v11",10,1,36,"Frostline Landing",Normal,1000,0.0500,pressure_vs_guardians,5,1,[0;0;0;0;0;2],guarded_anyseat90,120.000,timeout,-1,none,duration_cap,120.000,0,0
"working-tree-v11",10,1,36,"Frostline Landing",Normal,0,0.0500,pressure_vs_guardians,5,2,[1;1;1;1;1;0],disabled,120.000,timeout,-1,none,duration_cap,120.000,0,0
"working-tree-v11",10,1,36,"Frostline Landing",Normal,7,0.0500,pressure_vs_guardians,5,2,[1;1;1;1;1;0],disabled,120.000,timeout,-1,none,duration_cap,120.000,0,0
"working-tree-v11",10,1,36,"Frostline Landing",Normal,1000,0.0500,pressure_vs_guardians,5,2,[1;1;1;1;1;0],disabled,120.000,timeout,-1,none,duration_cap,120.000,0,0
"working-tree-v11",10,1,36,"Frostline Landing",Normal,0,0.0500,pressure_vs_guardians,5,2,[1;1;1;1;1;0],guarded_anyseat90,120.000,timeout,-1,none,duration_cap,120.000,0,0
"working-tree-v11",10,1,36,"Frostline Landing",Normal,7,0.0500,pressure_vs_guardians,5,2,[1;1;1;1;1;0],guarded_anyseat90,120.000,timeout,-1,none,duration_cap,120.000,0,0
"working-tree-v11",10,1,36,"Frostline Landing",Normal,1000,0.0500,pressure_vs_guardians,5,2,[1;1;1;1;1;0],guarded_anyseat90,120.000,timeout,-1,none,duration_cap,120.000,0,0
"working-tree-v11",11,1,36,"Frostline Landing",Normal,0,0.0500,mixed,0,0,[0;1;2;0;1;2],disabled,120.000,timeout,-1,none,duration_cap,120.000,0,0
"working-tree-v11",11,1,36,"Frostline Landing",Normal,7,0.0500,mixed,0,0,[0;1;2;0;1;2],disabled,120.000,timeout,-1,none,duration_cap,120.000,0,0
"working-tree-v11",11,1,36,"Frostline Landing",Normal,1000,0.0500,mixed,0,0,[0;1;2;0;1;2],disabled,120.000,timeout,-1,none,duration_cap,120.000,0,0
"working-tree-v11",11,1,36,"Frostline Landing",Normal,0,0.0500,mixed,0,0,[0;1;2;0;1;2],guarded_anyseat90,120.000,timeout,-1,none,duration_cap,120.000,0,0
"working-tree-v11",11,1,36,"Frostline Landing",Normal,7,0.0500,mixed,0,0,[0;1;2;0;1;2],guarded_anyseat90,120.000,timeout,-1,none,duration_cap,120.000,0,0
"working-tree-v11",11,1,36,"Frostline Landing",Normal,1000,0.0500,mixed,0,0,[0;1;2;0;1;2],guarded_anyseat90,120.000,timeout,-1,none,duration_cap,120.000,0,0
"working-tree-v11",11,1,36,"Frostline Landing",Normal,0,0.0500,mixed,0,1,[1;2;0;1;2;0],disabled,120.000,timeout,-1,none,duration_cap,120.000,0,0
"working-tree-v11",11,1,36,"Frostline Landing",Normal,7,0.0500,mixed,0,1,[1;2;0;1;2;0],disabled,120.000,timeout,-1,none,duration_cap,120.000,0,0
"working-tree-v11",11,1,36,"Frostline Landing",Normal,1000,0.0500,mixed,0,1,[1;2;0;1;2;0],disabled,120.000,timeout,-1,none,duration_cap,120.000,0,0
"working-tree-v11",11,1,36,"Frostline Landing",Normal,0,0.0500,mixed,0,1,[1;2;0;1;2;0],guarded_anyseat90,120.000,timeout,-1,none,duration_cap,120.000,0,0
"working-tree-v11",11,1,36,"Frostline Landing",Normal,7,0.0500,mixed,0,1,[1;2;0;1;2;0],guarded_anyseat90,120.000,timeout,-1,none,duration_cap,120.000,0,0
"working-tree-v11",11,1,36,"Frostline Landing",Normal,1000,0.0500,mixed,0,1,[1;2;0;1;2;0],guarded_anyseat90,120.000,timeout,-1,none,duration_cap,120.000,0,0
"working-tree-v11",11,1,36,"Frostline Landing",Normal,0,0.0500,mixed,0,2,[2;0;1;2;0;1],disabled,120.000,timeout,-1,none,duration_cap,120.000,0,0
"working-tree-v11",11,1,36,"Frostline Landing",Normal,7,0.0500,mixed,0,2,[2;0;1;2;0;1],disabled,120.000,timeout,-1,none,duration_cap,120.000,0,0
"working-tree-v11",11,1,36,"Frostline Landing",Normal,1000,0.0500,mixed,0,2,[2;0;1;2;0;1],disabled,120.000,timeout,-1,none,duration_cap,120.000,0,0
"working-tree-v11",11,1,36,"Frostline Landing",Normal,0,0.0500,mixed,0,2,[2;0;1;2;0;1],guarded_anyseat90,120.000,timeout,-1,none,duration_cap,120.000,0,0
"working-tree-v11",11,1,36,"Frostline Landing",Normal,7,0.0500,mixed,0,2,[2;0;1;2;0;1],guarded_anyseat90,120.000,timeout,-1,none,duration_cap,120.000,0,0
"working-tree-v11",11,1,36,"Frostline Landing",Normal,1000,0.0500,mixed,0,2,[2;0;1;2;0;1],guarded_anyseat90,120.000,timeout,-1,none,duration_cap,120.000,0,0
"working-tree-v11",11,1,36,"Frostline Landing",Normal,0,0.0500,mixed,1,0,[2;0;1;2;0;1],disabled,120.000,timeout,-1,none,duration_cap,120.000,0,0
"working-tree-v11",11,1,36,"Frostline Landing",Normal,7,0.0500,mixed,1,0,[2;0;1;2;0;1],disabled,120.000,timeout,-1,none,duration_cap,120.000,0,0
"working-tree-v11",11,1,36,"Frostline Landing",Normal,1000,0.0500,mixed,1,0,[2;0;1;2;0;1],disabled,120.000,timeout,-1,none,duration_cap,120.000,0,0
"working-tree-v11",11,1,36,"Frostline Landing",Normal,0,0.0500,mixed,1,0,[2;0;1;2;0;1],guarded_anyseat90,120.000,timeout,-1,none,duration_cap,120.000,0,0
"working-tree-v11",11,1,36,"Frostline Landing",Normal,7,0.0500,mixed,1,0,[2;0;1;2;0;1],guarded_anyseat90,120.000,timeout,-1,none,duration_cap,120.000,0,0
"working-tree-v11",11,1,36,"Frostline Landing",Normal,1000,0.0500,mixed,1,0,[2;0;1;2;0;1],guarded_anyseat90,120.000,timeout,-1,none,duration_cap,120.000,0,0
"working-tree-v11",11,1,36,"Frostline Landing",Normal,0,0.0500,mixed,1,1,[0;1;2;0;1;2],disabled,120.000,timeout,-1,none,duration_cap,120.000,0,0
"working-tree-v11",11,1,36,"Frostline Landing",Normal,7,0.0500,mixed,1,1,[0;1;2;0;1;2],disabled,120.000,timeout,-1,none,duration_cap,120.000,0,0
"working-tree-v11",11,1,36,"Frostline Landing",Normal,1000,0.0500,mixed,1,1,[0;1;2;0;1;2],disabled,120.000,timeout,-1,none,duration_cap,120.000,0,0
"working-tree-v11",11,1,36,"Frostline Landing",Normal,0,0.0500,mixed,1,1,[0;1;2;0;1;2],guarded_anyseat90,120.000,timeout,-1,none,duration_cap,120.000,0,0
"working-tree-v11",11,1,36,"Frostline Landing",Normal,7,0.0500,mixed,1,1,[0;1;2;0;1;2],guarded_anyseat90,120.000,timeout,-1,none,duration_cap,120.000,0,0
"working-tree-v11",11,1,36,"Frostline Landing",Normal,1000,0.0500,mixed,1,1,[0;1;2;0;1;2],guarded_anyseat90,120.000,timeout,-1,none,duration_cap,120.000,0,0
"working-tree-v11",11,1,36,"Frostline Landing",Normal,0,0.0500,mixed,1,2,[1;2;0;1;2;0],disabled,120.000,timeout,-1,none,duration_cap,120.000,0,0
"working-tree-v11",11,1,36,"Frostline Landing",Normal,7,0.0500,mixed,1,2,[1;2;0;1;2;0],disabled,120.000,timeout,-1,none,duration_cap,120.000,0,0
"working-tree-v11",11,1,36,"Frostline Landing",Normal,1000,0.0500,mixed,1,2,[1;2;0;1;2;0],disabled,120.000,timeout,-1,none,duration_cap,120.000,0,0
"working-tree-v11",11,1,36,"Frostline Landing",Normal,0,0.0500,mixed,1,2,[1;2;0;1;2;0],guarded_anyseat90,120.000,timeout,-1,none,duration_cap,120.000,0,0
"working-tree-v11",11,1,36,"Frostline Landing",Normal,7,0.0500,mixed,1,2,[1;2;0;1;2;0],guarded_anyseat90,120.000,timeout,-1,none,duration_cap,120.000,0,0
"working-tree-v11",11,1,36,"Frostline Landing",Normal,1000,0.0500,mixed,1,2,[1;2;0;1;2;0],guarded_anyseat90,120.000,timeout,-1,none,duration_cap,120.000,0,0
"working-tree-v11",11,1,36,"Frostline Landing",Normal,0,0.0500,mixed,2,0,[1;2;0;1;2;0],disabled,120.000,timeout,-1,none,duration_cap,120.000,0,0
"working-tree-v11",11,1,36,"Frostline Landing",Normal,7,0.0500,mixed,2,0,[1;2;0;1;2;0],disabled,120.000,timeout,-1,none,duration_cap,120.000,0,0
"working-tree-v11",11,1,36,"Frostline Landing",Normal,1000,0.0500,mixed,2,0,[1;2;0;1;2;0],disabled,120.000,timeout,-1,none,duration_cap,120.000,0,0
"working-tree-v11",11,1,36,"Frostline Landing",Normal,0,0.0500,mixed,2,0,[1;2;0;1;2;0],guarded_anyseat90,120.000,timeout,-1,none,duration_cap,120.000,0,0
"working-tree-v11",11,1,36,"Frostline Landing",Normal,7,0.0500,mixed,2,0,[1;2;0;1;2;0],guarded_anyseat90,120.000,timeout,-1,none,duration_cap,120.000,0,0
"working-tree-v11",11,1,36,"Frostline Landing",Normal,1000,0.0500,mixed,2,0,[1;2;0;1;2;0],guarded_anyseat90,120.000,timeout,-1,none,duration_cap,120.000,0,0
"working-tree-v11",11,1,36,"Frostline Landing",Normal,0,0.0500,mixed,2,1,[2;0;1;2;0;1],disabled,120.000,timeout,-1,none,duration_cap,120.000,0,0
"working-tree-v11",11,1,36,"Frostline Landing",Normal,7,0.0500,mixed,2,1,[2;0;1;2;0;1],disabled,120.000,timeout,-1,none,duration_cap,120.000,0,0
"working-tree-v11",11,1,36,"Frostline Landing",Normal,1000,0.0500,mixed,2,1,[2;0;1;2;0;1],disabled,120.000,timeout,-1,none,duration_cap,120.000,0,0
"working-tree-v11",11,1,36,"Frostline Landing",Normal,0,0.0500,mixed,2,1,[2;0;1;2;0;1],guarded_anyseat90,120.000,timeout,-1,none,duration_cap,120.000,0,0
"working-tree-v11",11,1,36,"Frostline Landing",Normal,7,0.0500,mixed,2,1,[2;0;1;2;0;1],guarded_anyseat90,120.000,timeout,-1,none,duration_cap,120.000,0,0
"working-tree-v11",11,1,36,"Frostline Landing",Normal,1000,0.0500,mixed,2,1,[2;0;1;2;0;1],guarded_anyseat90,120.000,timeout,-1,none,duration_cap,120.000,0,0
"working-tree-v11",11,1,36,"Frostline Landing",Normal,0,0.0500,mixed,2,2,[0;1;2;0;1;2],disabled,120.000,timeout,-1,none,duration_cap,120.000,0,0
"working-tree-v11",11,1,36,"Frostline Landing",Normal,7,0.0500,mixed,2,2,[0;1;2;0;1;2],disabled,120.000,timeout,-1,none,duration_cap,120.000,0,0
"working-tree-v11",11,1,36,"Frostline Landing",Normal,1000,0.0500,mixed,2,2,[0;1;2;0;1;2],disabled,120.000,timeout,-1,none,duration_cap,120.000,0,0
"working-tree-v11",11,1,36,"Frostline Landing",Normal,0,0.0500,mixed,2,2,[0;1;2;0;1;2],guarded_anyseat90,120.000,timeout,-1,none,duration_cap,120.000,0,0
"working-tree-v11",11,1,36,"Frostline Landing",Normal,7,0.0500,mixed,2,2,[0;1;2;0;1;2],guarded_anyseat90,120.000,timeout,-1,none,duration_cap,120.000,0,0
"working-tree-v11",11,1,36,"Frostline Landing",Normal,1000,0.0500,mixed,2,2,[0;1;2;0;1;2],guarded_anyseat90,120.000,timeout,-1,none,duration_cap,120.000,0,0
"working-tree-v11",11,1,36,"Frostline Landing",Normal,0,0.0500,mixed,3,0,[0;1;2;0;1;2],disabled,120.000,timeout,-1,none,duration_cap,120.000,0,0
"working-tree-v11",11,1,36,"Frostline Landing",Normal,7,0.0500,mixed,3,0,[0;1;2;0;1;2],disabled,120.000,timeout,-1,none,duration_cap,120.000,0,0
"working-tree-v11",11,1,36,"Frostline Landing",Normal,1000,0.0500,mixed,3,0,[0;1;2;0;1;2],disabled,120.000,timeout,-1,none,duration_cap,120.000,0,0
"working-tree-v11",11,1,36,"Frostline Landing",Normal,0,0.0500,mixed,3,0,[0;1;2;0;1;2],guarded_anyseat90,120.000,timeout,-1,none,duration_cap,120.000,0,0
"working-tree-v11",11,1,36,"Frostline Landing",Normal,7,0.0500,mixed,3,0,[0;1;2;0;1;2],guarded_anyseat90,120.000,timeout,-1,none,duration_cap,120.000,0,0
"working-tree-v11",11,1,36,"Frostline Landing",Normal,1000,0.0500,mixed,3,0,[0;1;2;0;1;2],guarded_anyseat90,120.000,timeout,-1,none,duration_cap,120.000,0,0
"working-tree-v11",11,1,36,"Frostline Landing",Normal,0,0.0500,mixed,3,1,[1;2;0;1;2;0],disabled,120.000,timeout,-1,none,duration_cap,120.000,0,0
"working-tree-v11",11,1,36,"Frostline Landing",Normal,7,0.0500,mixed,3,1,[1;2;0;1;2;0],disabled,120.000,timeout,-1,none,duration_cap,120.000,0,0
"working-tree-v11",11,1,36,"Frostline Landing",Normal,1000,0.0500,mixed,3,1,[1;2;0;1;2;0],disabled,120.000,timeout,-1,none,duration_cap,120.000,0,0
"working-tree-v11",11,1,36,"Frostline Landing",Normal,0,0.0500,mixed,3,1,[1;2;0;1;2;0],guarded_anyseat90,120.000,timeout,-1,none,duration_cap,120.000,0,0
"working-tree-v11",11,1,36,"Frostline Landing",Normal,7,0.0500,mixed,3,1,[1;2;0;1;2;0],guarded_anyseat90,120.000,timeout,-1,none,duration_cap,120.000,0,0
"working-tree-v11",11,1,36,"Frostline Landing",Normal,1000,0.0500,mixed,3,1,[1;2;0;1;2;0],guarded_anyseat90,120.000,timeout,-1,none,duration_cap,120.000,0,0
"working-tree-v11",11,1,36,"Frostline Landing",Normal,0,0.0500,mixed,3,2,[2;0;1;2;0;1],disabled,120.000,timeout,-1,none,duration_cap,120.000,0,0
"working-tree-v11",11,1,36,"Frostline Landing",Normal,7,0.0500,mixed,3,2,[2;0;1;2;0;1],disabled,120.000,timeout,-1,none,duration_cap,120.000,0,0
"working-tree-v11",11,1,36,"Frostline Landing",Normal,1000,0.0500,mixed,3,2,[2;0;1;2;0;1],disabled,120.000,timeout,-1,none,duration_cap,120.000,0,0
"working-tree-v11",11,1,36,"Frostline Landing",Normal,0,0.0500,mixed,3,2,[2;0;1;2;0;1],guarded_anyseat90,120.000,timeout,-1,none,duration_cap,120.000,0,0
"working-tree-v11",11,1,36,"Frostline Landing",Normal,7,0.0500,mixed,3,2,[2;0;1;2;0;1],guarded_anyseat90,120.000,timeout,-1,none,duration_cap,120.000,0,0
"working-tree-v11",11,1,36,"Frostline Landing",Normal,1000,0.0500,mixed,3,2,[2;0;1;2;0;1],guarded_anyseat90,120.000,timeout,-1,none,duration_cap,120.000,0,0
"working-tree-v11",11,1,36,"Frostline Landing",Normal,0,0.0500,mixed,4,0,[2;0;1;2;0;1],disabled,120.000,timeout,-1,none,duration_cap,120.000,0,0
"working-tree-v11",11,1,36,"Frostline Landing",Normal,7,0.0500,mixed,4,0,[2;0;1;2;0;1],disabled,120.000,timeout,-1,none,duration_cap,120.000,0,0
"working-tree-v11",11,1,36,"Frostline Landing",Normal,1000,0.0500,mixed,4,0,[2;0;1;2;0;1],disabled,120.000,timeout,-1,none,duration_cap,120.000,0,0
"working-tree-v11",11,1,36,"Frostline Landing",Normal,0,0.0500,mixed,4,0,[2;0;1;2;0;1],guarded_anyseat90,120.000,timeout,-1,none,duration_cap,120.000,0,0
"working-tree-v11",11,1,36,"Frostline Landing",Normal,7,0.0500,mixed,4,0,[2;0;1;2;0;1],guarded_anyseat90,120.000,timeout,-1,none,duration_cap,120.000,0,0
"working-tree-v11",11,1,36,"Frostline Landing",Normal,1000,0.0500,mixed,4,0,[2;0;1;2;0;1],guarded_anyseat90,120.000,timeout,-1,none,duration_cap,120.000,0,0
"working-tree-v11",11,1,36,"Frostline Landing",Normal,0,0.0500,mixed,4,1,[0;1;2;0;1;2],disabled,120.000,timeout,-1,none,duration_cap,120.000,0,0
"working-tree-v11",11,1,36,"Frostline Landing",Normal,7,0.0500,mixed,4,1,[0;1;2;0;1;2],disabled,120.000,timeout,-1,none,duration_cap,120.000,0,0
"working-tree-v11",11,1,36,"Frostline Landing",Normal,1000,0.0500,mixed,4,1,[0;1;2;0;1;2],disabled,120.000,timeout,-1,none,duration_cap,120.000,0,0
"working-tree-v11",11,1,36,"Frostline Landing",Normal,0,0.0500,mixed,4,1,[0;1;2;0;1;2],guarded_anyseat90,120.000,timeout,-1,none,duration_cap,120.000,0,0
"working-tree-v11",11,1,36,"Frostline Landing",Normal,7,0.0500,mixed,4,1,[0;1;2;0;1;2],guarded_anyseat90,120.000,timeout,-1,none,duration_cap,120.000,0,0
"working-tree-v11",11,1,36,"Frostline Landing",Normal,1000,0.0500,mixed,4,1,[0;1;2;0;1;2],guarded_anyseat90,120.000,timeout,-1,none,duration_cap,120.000,0,0
"working-tree-v11",11,1,36,"Frostline Landing",Normal,0,0.0500,mixed,4,2,[1;2;0;1;2;0],disabled,120.000,timeout,-1,none,duration_cap,120.000,0,0
"working-tree-v11",11,1,36,"Frostline Landing",Normal,7,0.0500,mixed,4,2,[1;2;0;1;2;0],disabled,120.000,timeout,-1,none,duration_cap,120.000,0,0
"working-tree-v11",11,1,36,"Frostline Landing",Normal,1000,0.0500,mixed,4,2,[1;2;0;1;2;0],disabled,120.000,timeout,-1,none,duration_cap,120.000,0,0
"working-tree-v11",11,1,36,"Frostline Landing",Normal,0,0.0500,mixed,4,2,[1;2;0;1;2;0],guarded_anyseat90,120.000,timeout,-1,none,duration_cap,120.000,0,0
"working-tree-v11",11,1,36,"Frostline Landing",Normal,7,0.0500,mixed,4,2,[1;2;0;1;2;0],guarded_anyseat90,120.000,timeout,-1,none,duration_cap,120.000,0,0
"working-tree-v11",11,1,36,"Frostline Landing",Normal,1000,0.0500,mixed,4,2,[1;2;0;1;2;0],guarded_anyseat90,120.000,timeout,-1,none,duration_cap,120.000,0,0
"working-tree-v11",11,1,36,"Frostline Landing",Normal,0,0.0500,mixed,5,0,[1;2;0;1;2;0],disabled,120.000,timeout,-1,none,duration_cap,120.000,0,0
"working-tree-v11",11,1,36,"Frostline Landing",Normal,7,0.0500,mixed,5,0,[1;2;0;1;2;0],disabled,120.000,timeout,-1,none,duration_cap,120.000,0,0
"working-tree-v11",11,1,36,"Frostline Landing",Normal,1000,0.0500,mixed,5,0,[1;2;0;1;2;0],disabled,120.000,timeout,-1,none,duration_cap,120.000,0,0
"working-tree-v11",11,1,36,"Frostline Landing",Normal,0,0.0500,mixed,5,0,[1;2;0;1;2;0],guarded_anyseat90,120.000,timeout,-1,none,duration_cap,120.000,0,0
"working-tree-v11",11,1,36,"Frostline Landing",Normal,7,0.0500,mixed,5,0,[1;2;0;1;2;0],guarded_anyseat90,120.000,timeout,-1,none,duration_cap,120.000,0,0
"working-tree-v11",11,1,36,"Frostline Landing",Normal,1000,0.0500,mixed,5,0,[1;2;0;1;2;0],guarded_anyseat90,120.000,timeout,-1,none,duration_cap,120.000,0,0
"working-tree-v11",11,1,36,"Frostline Landing",Normal,0,0.0500,mixed,5,1,[2;0;1;2;0;1],disabled,120.000,timeout,-1,none,duration_cap,120.000,0,0
"working-tree-v11",11,1,36,"Frostline Landing",Normal,7,0.0500,mixed,5,1,[2;0;1;2;0;1],disabled,120.000,timeout,-1,none,duration_cap,120.000,0,0
"working-tree-v11",11,1,36,"Frostline Landing",Normal,1000,0.0500,mixed,5,1,[2;0;1;2;0;1],disabled,120.000,timeout,-1,none,duration_cap,120.000,0,0
"working-tree-v11",11,1,36,"Frostline Landing",Normal,0,0.0500,mixed,5,1,[2;0;1;2;0;1],guarded_anyseat90,120.000,timeout,-1,none,duration_cap,120.000,0,0
"working-tree-v11",11,1,36,"Frostline Landing",Normal,7,0.0500,mixed,5,1,[2;0;1;2;0;1],guarded_anyseat90,120.000,timeout,-1,none,duration_cap,120.000,0,0
"working-tree-v11",11,1,36,"Frostline Landing",Normal,1000,0.0500,mixed,5,1,[2;0;1;2;0;1],guarded_anyseat90,120.000,timeout,-1,none,duration_cap,120.000,0,0
"working-tree-v11",11,1,36,"Frostline Landing",Normal,0,0.0500,mixed,5,2,[0;1;2;0;1;2],disabled,120.000,timeout,-1,none,duration_cap,120.000,0,0
"working-tree-v11",11,1,36,"Frostline Landing",Normal,7,0.0500,mixed,5,2,[0;1;2;0;1;2],disabled,120.000,timeout,-1,none,duration_cap,120.000,0,0
"working-tree-v11",11,1,36,"Frostline Landing",Normal,1000,0.0500,mixed,5,2,[0;1;2;0;1;2],disabled,120.000,timeout,-1,none,duration_cap,120.000,0,0
"working-tree-v11",11,1,36,"Frostline Landing",Normal,0,0.0500,mixed,5,2,[0;1;2;0;1;2],guarded_anyseat90,120.000,timeout,-1,none,duration_cap,120.000,0,0
"working-tree-v11",11,1,36,"Frostline Landing",Normal,7,0.0500,mixed,5,2,[0;1;2;0;1;2],guarded_anyseat90,120.000,timeout,-1,none,duration_cap,120.000,0,0
"working-tree-v11",11,1,36,"Frostline Landing",Normal,1000,0.0500,mixed,5,2,[0;1;2;0;1;2],guarded_anyseat90,120.000,timeout,-1,none,duration_cap,120.000,0,0
"working-tree-v11",11,1,36,"Frostline Landing",Normal,0,0.0500,pressure_vs_guardians,0,0,[1;2;2;2;2;2],disabled,120.000,timeout,-1,none,duration_cap,120.000,0,0
"working-tree-v11",11,1,36,"Frostline Landing",Normal,7,0.0500,pressure_vs_guardians,0,0,[1;2;2;2;2;2],disabled,120.000,timeout,-1,none,duration_cap,120.000,0,0
"working-tree-v11",11,1,36,"Frostline Landing",Normal,1000,0.0500,pressure_vs_guardians,0,0,[1;2;2;2;2;2],disabled,120.000,timeout,-1,none,duration_cap,120.000,0,0
"working-tree-v11",11,1,36,"Frostline Landing",Normal,0,0.0500,pressure_vs_guardians,0,0,[1;2;2;2;2;2],guarded_anyseat90,120.000,timeout,-1,none,duration_cap,120.000,0,0
"working-tree-v11",11,1,36,"Frostline Landing",Normal,7,0.0500,pressure_vs_guardians,0,0,[1;2;2;2;2;2],guarded_anyseat90,120.000,timeout,-1,none,duration_cap,120.000,0,0
"working-tree-v11",11,1,36,"Frostline Landing",Normal,1000,0.0500,pressure_vs_guardians,0,0,[1;2;2;2;2;2],guarded_anyseat90,120.000,timeout,-1,none,duration_cap,120.000,0,0
"working-tree-v11",11,1,36,"Frostline Landing",Normal,0,0.0500,pressure_vs_guardians,0,1,[2;0;0;0;0;0],disabled,120.000,timeout,-1,none,duration_cap,120.000,0,0
"working-tree-v11",11,1,36,"Frostline Landing",Normal,7,0.0500,pressure_vs_guardians,0,1,[2;0;0;0;0;0],disabled,120.000,timeout,-1,none,duration_cap,120.000,0,0
"working-tree-v11",11,1,36,"Frostline Landing",Normal,1000,0.0500,pressure_vs_guardians,0,1,[2;0;0;0;0;0],disabled,120.000,timeout,-1,none,duration_cap,120.000,0,0
"working-tree-v11",11,1,36,"Frostline Landing",Normal,0,0.0500,pressure_vs_guardians,0,1,[2;0;0;0;0;0],guarded_anyseat90,120.000,timeout,-1,none,duration_cap,120.000,0,0
"working-tree-v11",11,1,36,"Frostline Landing",Normal,7,0.0500,pressure_vs_guardians,0,1,[2;0;0;0;0;0],guarded_anyseat90,120.000,timeout,-1,none,duration_cap,120.000,0,0
"working-tree-v11",11,1,36,"Frostline Landing",Normal,1000,0.0500,pressure_vs_guardians,0,1,[2;0;0;0;0;0],guarded_anyseat90,120.000,timeout,-1,none,duration_cap,120.000,0,0
"working-tree-v11",11,1,36,"Frostline Landing",Normal,0,0.0500,pressure_vs_guardians,0,2,[0;1;1;1;1;1],disabled,120.000,timeout,-1,none,duration_cap,120.000,0,0
"working-tree-v11",11,1,36,"Frostline Landing",Normal,7,0.0500,pressure_vs_guardians,0,2,[0;1;1;1;1;1],disabled,120.000,timeout,-1,none,duration_cap,120.000,0,0
"working-tree-v11",11,1,36,"Frostline Landing",Normal,1000,0.0500,pressure_vs_guardians,0,2,[0;1;1;1;1;1],disabled,120.000,timeout,-1,none,duration_cap,120.000,0,0
"working-tree-v11",11,1,36,"Frostline Landing",Normal,0,0.0500,pressure_vs_guardians,0,2,[0;1;1;1;1;1],guarded_anyseat90,120.000,timeout,-1,none,duration_cap,120.000,0,0
"working-tree-v11",11,1,36,"Frostline Landing",Normal,7,0.0500,pressure_vs_guardians,0,2,[0;1;1;1;1;1],guarded_anyseat90,120.000,timeout,-1,none,duration_cap,120.000,0,0
"working-tree-v11",11,1,36,"Frostline Landing",Normal,1000,0.0500,pressure_vs_guardians,0,2,[0;1;1;1;1;1],guarded_anyseat90,120.000,timeout,-1,none,duration_cap,120.000,0,0
"working-tree-v11",11,1,36,"Frostline Landing",Normal,0,0.0500,pressure_vs_guardians,1,0,[2;1;2;2;2;2],disabled,120.000,timeout,-1,none,duration_cap,120.000,0,0
"working-tree-v11",11,1,36,"Frostline Landing",Normal,7,0.0500,pressure_vs_guardians,1,0,[2;1;2;2;2;2],disabled,120.000,timeout,-1,none,duration_cap,120.000,0,0
"working-tree-v11",11,1,36,"Frostline Landing",Normal,1000,0.0500,pressure_vs_guardians,1,0,[2;1;2;2;2;2],disabled,120.000,timeout,-1,none,duration_cap,120.000,0,0
"working-tree-v11",11,1,36,"Frostline Landing",Normal,0,0.0500,pressure_vs_guardians,1,0,[2;1;2;2;2;2],guarded_anyseat90,120.000,timeout,-1,none,duration_cap,120.000,0,0
"working-tree-v11",11,1,36,"Frostline Landing",Normal,7,0.0500,pressure_vs_guardians,1,0,[2;1;2;2;2;2],guarded_anyseat90,120.000,timeout,-1,none,duration_cap,120.000,0,0
"working-tree-v11",11,1,36,"Frostline Landing",Normal,1000,0.0500,pressure_vs_guardians,1,0,[2;1;2;2;2;2],guarded_anyseat90,120.000,timeout,-1,none,duration_cap,120.000,0,0
"working-tree-v11",11,1,36,"Frostline Landing",Normal,0,0.0500,pressure_vs_guardians,1,1,[0;2;0;0;0;0],disabled,120.000,timeout,-1,none,duration_cap,120.000,0,0
"working-tree-v11",11,1,36,"Frostline Landing",Normal,7,0.0500,pressure_vs_guardians,1,1,[0;2;0;0;0;0],disabled,120.000,timeout,-1,none,duration_cap,120.000,0,0
"working-tree-v11",11,1,36,"Frostline Landing",Normal,1000,0.0500,pressure_vs_guardians,1,1,[0;2;0;0;0;0],disabled,120.000,timeout,-1,none,duration_cap,120.000,0,0
"working-tree-v11",11,1,36,"Frostline Landing",Normal,0,0.0500,pressure_vs_guardians,1,1,[0;2;0;0;0;0],guarded_anyseat90,120.000,timeout,-1,none,duration_cap,120.000,0,0
"working-tree-v11",11,1,36,"Frostline Landing",Normal,7,0.0500,pressure_vs_guardians,1,1,[0;2;0;0;0;0],guarded_anyseat90,120.000,timeout,-1,none,duration_cap,120.000,0,0
"working-tree-v11",11,1,36,"Frostline Landing",Normal,1000,0.0500,pressure_vs_guardians,1,1,[0;2;0;0;0;0],guarded_anyseat90,120.000,timeout,-1,none,duration_cap,120.000,0,0
"working-tree-v11",11,1,36,"Frostline Landing",Normal,0,0.0500,pressure_vs_guardians,1,2,[1;0;1;1;1;1],disabled,120.000,timeout,-1,none,duration_cap,120.000,0,0
"working-tree-v11",11,1,36,"Frostline Landing",Normal,7,0.0500,pressure_vs_guardians,1,2,[1;0;1;1;1;1],disabled,120.000,timeout,-1,none,duration_cap,120.000,0,0
"working-tree-v11",11,1,36,"Frostline Landing",Normal,1000,0.0500,pressure_vs_guardians,1,2,[1;0;1;1;1;1],disabled,120.000,timeout,-1,none,duration_cap,120.000,0,0
"working-tree-v11",11,1,36,"Frostline Landing",Normal,0,0.0500,pressure_vs_guardians,1,2,[1;0;1;1;1;1],guarded_anyseat90,120.000,timeout,-1,none,duration_cap,120.000,0,0
"working-tree-v11",11,1,36,"Frostline Landing",Normal,7,0.0500,pressure_vs_guardians,1,2,[1;0;1;1;1;1],guarded_anyseat90,120.000,timeout,-1,none,duration_cap,120.000,0,0
"working-tree-v11",11,1,36,"Frostline Landing",Normal,1000,0.0500,pressure_vs_guardians,1,2,[1;0;1;1;1;1],guarded_anyseat90,120.000,timeout,-1,none,duration_cap,120.000,0,0
"working-tree-v11",11,1,36,"Frostline Landing",Normal,0,0.0500,pressure_vs_guardians,2,0,[2;2;1;2;2;2],disabled,120.000,timeout,-1,none,duration_cap,120.000,0,0
"working-tree-v11",11,1,36,"Frostline Landing",Normal,7,0.0500,pressure_vs_guardians,2,0,[2;2;1;2;2;2],disabled,120.000,timeout,-1,none,duration_cap,120.000,0,0
"working-tree-v11",11,1,36,"Frostline Landing",Normal,1000,0.0500,pressure_vs_guardians,2,0,[2;2;1;2;2;2],disabled,120.000,timeout,-1,none,duration_cap,120.000,0,0
"working-tree-v11",11,1,36,"Frostline Landing",Normal,0,0.0500,pressure_vs_guardians,2,0,[2;2;1;2;2;2],guarded_anyseat90,120.000,timeout,-1,none,duration_cap,120.000,0,0
"working-tree-v11",11,1,36,"Frostline Landing",Normal,7,0.0500,pressure_vs_guardians,2,0,[2;2;1;2;2;2],guarded_anyseat90,120.000,timeout,-1,none,duration_cap,120.000,0,0
"working-tree-v11",11,1,36,"Frostline Landing",Normal,1000,0.0500,pressure_vs_guardians,2,0,[2;2;1;2;2;2],guarded_anyseat90,120.000,timeout,-1,none,duration_cap,120.000,0,0
"working-tree-v11",11,1,36,"Frostline Landing",Normal,0,0.0500,pressure_vs_guardians,2,1,[0;0;2;0;0;0],disabled,120.000,timeout,-1,none,duration_cap,120.000,0,0
"working-tree-v11",11,1,36,"Frostline Landing",Normal,7,0.0500,pressure_vs_guardians,2,1,[0;0;2;0;0;0],disabled,120.000,timeout,-1,none,duration_cap,120.000,0,0
"working-tree-v11",11,1,36,"Frostline Landing",Normal,1000,0.0500,pressure_vs_guardians,2,1,[0;0;2;0;0;0],disabled,120.000,timeout,-1,none,duration_cap,120.000,0,0
"working-tree-v11",11,1,36,"Frostline Landing",Normal,0,0.0500,pressure_vs_guardians,2,1,[0;0;2;0;0;0],guarded_anyseat90,120.000,timeout,-1,none,duration_cap,120.000,0,0
"working-tree-v11",11,1,36,"Frostline Landing",Normal,7,0.0500,pressure_vs_guardians,2,1,[0;0;2;0;0;0],guarded_anyseat90,120.000,timeout,-1,none,duration_cap,120.000,0,0
"working-tree-v11",11,1,36,"Frostline Landing",Normal,1000,0.0500,pressure_vs_guardians,2,1,[0;0;2;0;0;0],guarded_anyseat90,120.000,timeout,-1,none,duration_cap,120.000,0,0
"working-tree-v11",11,1,36,"Frostline Landing",Normal,0,0.0500,pressure_vs_guardians,2,2,[1;1;0;1;1;1],disabled,120.000,timeout,-1,none,duration_cap,120.000,0,0
"working-tree-v11",11,1,36,"Frostline Landing",Normal,7,0.0500,pressure_vs_guardians,2,2,[1;1;0;1;1;1],disabled,120.000,timeout,-1,none,duration_cap,120.000,0,0
"working-tree-v11",11,1,36,"Frostline Landing",Normal,1000,0.0500,pressure_vs_guardians,2,2,[1;1;0;1;1;1],disabled,120.000,timeout,-1,none,duration_cap,120.000,0,0
"working-tree-v11",11,1,36,"Frostline Landing",Normal,0,0.0500,pressure_vs_guardians,2,2,[1;1;0;1;1;1],guarded_anyseat90,120.000,timeout,-1,none,duration_cap,120.000,0,0
"working-tree-v11",11,1,36,"Frostline Landing",Normal,7,0.0500,pressure_vs_guardians,2,2,[1;1;0;1;1;1],guarded_anyseat90,120.000,timeout,-1,none,duration_cap,120.000,0,0
"working-tree-v11",11,1,36,"Frostline Landing",Normal,1000,0.0500,pressure_vs_guardians,2,2,[1;1;0;1;1;1],guarded_anyseat90,120.000,timeout,-1,none,duration_cap,120.000,0,0
"working-tree-v11",11,1,36,"Frostline Landing",Normal,0,0.0500,pressure_vs_guardians,3,0,[2;2;2;1;2;2],disabled,120.000,timeout,-1,none,duration_cap,120.000,0,0
"working-tree-v11",11,1,36,"Frostline Landing",Normal,7,0.0500,pressure_vs_guardians,3,0,[2;2;2;1;2;2],disabled,120.000,timeout,-1,none,duration_cap,120.000,0,0
"working-tree-v11",11,1,36,"Frostline Landing",Normal,1000,0.0500,pressure_vs_guardians,3,0,[2;2;2;1;2;2],disabled,120.000,timeout,-1,none,duration_cap,120.000,0,0
"working-tree-v11",11,1,36,"Frostline Landing",Normal,0,0.0500,pressure_vs_guardians,3,0,[2;2;2;1;2;2],guarded_anyseat90,120.000,timeout,-1,none,duration_cap,120.000,0,0
"working-tree-v11",11,1,36,"Frostline Landing",Normal,7,0.0500,pressure_vs_guardians,3,0,[2;2;2;1;2;2],guarded_anyseat90,120.000,timeout,-1,none,duration_cap,120.000,0,0
"working-tree-v11",11,1,36,"Frostline Landing",Normal,1000,0.0500,pressure_vs_guardians,3,0,[2;2;2;1;2;2],guarded_anyseat90,120.000,timeout,-1,none,duration_cap,120.000,0,0
"working-tree-v11",11,1,36,"Frostline Landing",Normal,0,0.0500,pressure_vs_guardians,3,1,[0;0;0;2;0;0],disabled,120.000,timeout,-1,none,duration_cap,120.000,0,0
"working-tree-v11",11,1,36,"Frostline Landing",Normal,7,0.0500,pressure_vs_guardians,3,1,[0;0;0;2;0;0],disabled,120.000,timeout,-1,none,duration_cap,120.000,0,0
"working-tree-v11",11,1,36,"Frostline Landing",Normal,1000,0.0500,pressure_vs_guardians,3,1,[0;0;0;2;0;0],disabled,120.000,timeout,-1,none,duration_cap,120.000,0,0
"working-tree-v11",11,1,36,"Frostline Landing",Normal,0,0.0500,pressure_vs_guardians,3,1,[0;0;0;2;0;0],guarded_anyseat90,120.000,timeout,-1,none,duration_cap,120.000,0,0
"working-tree-v11",11,1,36,"Frostline Landing",Normal,7,0.0500,pressure_vs_guardians,3,1,[0;0;0;2;0;0],guarded_anyseat90,120.000,timeout,-1,none,duration_cap,120.000,0,0
"working-tree-v11",11,1,36,"Frostline Landing",Normal,1000,0.0500,pressure_vs_guardians,3,1,[0;0;0;2;0;0],guarded_anyseat90,120.000,timeout,-1,none,duration_cap,120.000,0,0
"working-tree-v11",11,1,36,"Frostline Landing",Normal,0,0.0500,pressure_vs_guardians,3,2,[1;1;1;0;1;1],disabled,120.000,timeout,-1,none,duration_cap,120.000,0,0
"working-tree-v11",11,1,36,"Frostline Landing",Normal,7,0.0500,pressure_vs_guardians,3,2,[1;1;1;0;1;1],disabled,120.000,timeout,-1,none,duration_cap,120.000,0,0
"working-tree-v11",11,1,36,"Frostline Landing",Normal,1000,0.0500,pressure_vs_guardians,3,2,[1;1;1;0;1;1],disabled,120.000,timeout,-1,none,duration_cap,120.000,0,0
"working-tree-v11",11,1,36,"Frostline Landing",Normal,0,0.0500,pressure_vs_guardians,3,2,[1;1;1;0;1;1],guarded_anyseat90,120.000,timeout,-1,none,duration_cap,120.000,0,0
"working-tree-v11",11,1,36,"Frostline Landing",Normal,7,0.0500,pressure_vs_guardians,3,2,[1;1;1;0;1;1],guarded_anyseat90,120.000,timeout,-1,none,duration_cap,120.000,0,0
"working-tree-v11",11,1,36,"Frostline Landing",Normal,1000,0.0500,pressure_vs_guardians,3,2,[1;1;1;0;1;1],guarded_anyseat90,120.000,timeout,-1,none,duration_cap,120.000,0,0
"working-tree-v11",11,1,36,"Frostline Landing",Normal,0,0.0500,pressure_vs_guardians,4,0,[2;2;2;2;1;2],disabled,120.000,timeout,-1,none,duration_cap,120.000,0,0
"working-tree-v11",11,1,36,"Frostline Landing",Normal,7,0.0500,pressure_vs_guardians,4,0,[2;2;2;2;1;2],disabled,120.000,timeout,-1,none,duration_cap,120.000,0,0
"working-tree-v11",11,1,36,"Frostline Landing",Normal,1000,0.0500,pressure_vs_guardians,4,0,[2;2;2;2;1;2],disabled,120.000,timeout,-1,none,duration_cap,120.000,0,0
"working-tree-v11",11,1,36,"Frostline Landing",Normal,0,0.0500,pressure_vs_guardians,4,0,[2;2;2;2;1;2],guarded_anyseat90,120.000,timeout,-1,none,duration_cap,120.000,0,0
"working-tree-v11",11,1,36,"Frostline Landing",Normal,7,0.0500,pressure_vs_guardians,4,0,[2;2;2;2;1;2],guarded_anyseat90,120.000,timeout,-1,none,duration_cap,120.000,0,0
"working-tree-v11",11,1,36,"Frostline Landing",Normal,1000,0.0500,pressure_vs_guardians,4,0,[2;2;2;2;1;2],guarded_anyseat90,120.000,timeout,-1,none,duration_cap,120.000,0,0
"working-tree-v11",11,1,36,"Frostline Landing",Normal,0,0.0500,pressure_vs_guardians,4,1,[0;0;0;0;2;0],disabled,120.000,timeout,-1,none,duration_cap,120.000,0,0
"working-tree-v11",11,1,36,"Frostline Landing",Normal,7,0.0500,pressure_vs_guardians,4,1,[0;0;0;0;2;0],disabled,120.000,timeout,-1,none,duration_cap,120.000,0,0
"working-tree-v11",11,1,36,"Frostline Landing",Normal,1000,0.0500,pressure_vs_guardians,4,1,[0;0;0;0;2;0],disabled,120.000,timeout,-1,none,duration_cap,120.000,0,0
"working-tree-v11",11,1,36,"Frostline Landing",Normal,0,0.0500,pressure_vs_guardians,4,1,[0;0;0;0;2;0],guarded_anyseat90,120.000,timeout,-1,none,duration_cap,120.000,0,0
"working-tree-v11",11,1,36,"Frostline Landing",Normal,7,0.0500,pressure_vs_guardians,4,1,[0;0;0;0;2;0],guarded_anyseat90,120.000,timeout,-1,none,duration_cap,120.000,0,0
"working-tree-v11",11,1,36,"Frostline Landing",Normal,1000,0.0500,pressure_vs_guardians,4,1,[0;0;0;0;2;0],guarded_anyseat90,120.000,timeout,-1,none,duration_cap,120.000,0,0
"working-tree-v11",11,1,36,"Frostline Landing",Normal,0,0.0500,pressure_vs_guardians,4,2,[1;1;1;1;0;1],disabled,120.000,timeout,-1,none,duration_cap,120.000,0,0
"working-tree-v11",11,1,36,"Frostline Landing",Normal,7,0.0500,pressure_vs_guardians,4,2,[1;1;1;1;0;1],disabled,120.000,timeout,-1,none,duration_cap,120.000,0,0
"working-tree-v11",11,1,36,"Frostline Landing",Normal,1000,0.0500,pressure_vs_guardians,4,2,[1;1;1;1;0;1],disabled,120.000,timeout,-1,none,duration_cap,120.000,0,0
"working-tree-v11",11,1,36,"Frostline Landing",Normal,0,0.0500,pressure_vs_guardians,4,2,[1;1;1;1;0;1],guarded_anyseat90,120.000,timeout,-1,none,duration_cap,120.000,0,0
"working-tree-v11",11,1,36,"Frostline Landing",Normal,7,0.0500,pressure_vs_guardians,4,2,[1;1;1;1;0;1],guarded_anyseat90,120.000,timeout,-1,none,duration_cap,120.000,0,0
"working-tree-v11",11,1,36,"Frostline Landing",Normal,1000,0.0500,pressure_vs_guardians,4,2,[1;1;1;1;0;1],guarded_anyseat90,120.000,timeout,-1,none,duration_cap,120.000,0,0
"working-tree-v11",11,1,36,"Frostline Landing",Normal,0,0.0500,pressure_vs_guardians,5,0,[2;2;2;2;2;1],disabled,120.000,timeout,-1,none,duration_cap,120.000,0,0
"working-tree-v11",11,1,36,"Frostline Landing",Normal,7,0.0500,pressure_vs_guardians,5,0,[2;2;2;2;2;1],disabled,120.000,timeout,-1,none,duration_cap,120.000,0,0
"working-tree-v11",11,1,36,"Frostline Landing",Normal,1000,0.0500,pressure_vs_guardians,5,0,[2;2;2;2;2;1],disabled,120.000,timeout,-1,none,duration_cap,120.000,0,0
"working-tree-v11",11,1,36,"Frostline Landing",Normal,0,0.0500,pressure_vs_guardians,5,0,[2;2;2;2;2;1],guarded_anyseat90,120.000,timeout,-1,none,duration_cap,120.000,0,0
"working-tree-v11",11,1,36,"Frostline Landing",Normal,7,0.0500,pressure_vs_guardians,5,0,[2;2;2;2;2;1],guarded_anyseat90,120.000,timeout,-1,none,duration_cap,120.000,0,0
"working-tree-v11",11,1,36,"Frostline Landing",Normal,1000,0.0500,pressure_vs_guardians,5,0,[2;2;2;2;2;1],guarded_anyseat90,120.000,timeout,-1,none,duration_cap,120.000,0,0
"working-tree-v11",11,1,36,"Frostline Landing",Normal,0,0.0500,pressure_vs_guardians,5,1,[0;0;0;0;0;2],disabled,120.000,timeout,-1,none,duration_cap,120.000,0,0
"working-tree-v11",11,1,36,"Frostline Landing",Normal,7,0.0500,pressure_vs_guardians,5,1,[0;0;0;0;0;2],disabled,120.000,timeout,-1,none,duration_cap,120.000,0,0
"working-tree-v11",11,1,36,"Frostline Landing",Normal,1000,0.0500,pressure_vs_guardians,5,1,[0;0;0;0;0;2],disabled,120.000,timeout,-1,none,duration_cap,120.000,0,0
"working-tree-v11",11,1,36,"Frostline Landing",Normal,0,0.0500,pressure_vs_guardians,5,1,[0;0;0;0;0;2],guarded_anyseat90,120.000,timeout,-1,none,duration_cap,120.000,0,0
"working-tree-v11",11,1,36,"Frostline Landing",Normal,7,0.0500,pressure_vs_guardians,5,1,[0;0;0;0;0;2],guarded_anyseat90,120.000,timeout,-1,none,duration_cap,120.000,0,0
"working-tree-v11",11,1,36,"Frostline Landing",Normal,1000,0.0500,pressure_vs_guardians,5,1,[0;0;0;0;0;2],guarded_anyseat90,120.000,timeout,-1,none,duration_cap,120.000,0,0
"working-tree-v11",11,1,36,"Frostline Landing",Normal,0,0.0500,pressure_vs_guardians,5,2,[1;1;1;1;1;0],disabled,120.000,timeout,-1,none,duration_cap,120.000,0,0
"working-tree-v11",11,1,36,"Frostline Landing",Normal,7,0.0500,pressure_vs_guardians,5,2,[1;1;1;1;1;0],disabled,120.000,timeout,-1,none,duration_cap,120.000,0,0
"working-tree-v11",11,1,36,"Frostline Landing",Normal,1000,0.0500,pressure_vs_guardians,5,2,[1;1;1;1;1;0],disabled,120.000,timeout,-1,none,duration_cap,120.000,0,0
"working-tree-v11",11,1,36,"Frostline Landing",Normal,0,0.0500,pressure_vs_guardians,5,2,[1;1;1;1;1;0],guarded_anyseat90,120.000,timeout,-1,none,duration_cap,120.000,0,0
"working-tree-v11",11,1,36,"Frostline Landing",Normal,7,0.0500,pressure_vs_guardians,5,2,[1;1;1;1;1;0],guarded_anyseat90,120.000,timeout,-1,none,duration_cap,120.000,0,0
"working-tree-v11",11,1,36,"Frostline Landing",Normal,1000,0.0500,pressure_vs_guardians,5,2,[1;1;1;1;1;0],guarded_anyseat90,120.000,timeout,-1,none,duration_cap,120.000,0,0
