revision,pair_id,mode,map_id,map,columns,rows,opponents,rules_version,config_version,routing_version,ai_version,difficulty,seed,step,duration_cap,controller_profile,seat_rotation,style_rotation,focus_seat,focus_style,styles_by_seat,starting_cells,resignation_policy,result,completed,winner_seat,winner_controller,winner_basis,terminal_reason,elapsed,ticks,player_outcome,model_terminal_reason,units_sent,units_lost,captures,intercepted,capped_reinforcements,initial_sha256,final_state_sha256
"working-tree-v11-phase4","0","classic","0","Logistics: Twin Causeways","4","3","1","11","1","0","1","Normal","0","0.05","180.0","mixed","0","0","0","Classic","0;1","0;11","disabled","focus_loss","true","1","1","elimination","lab_elimination","36.299732","726","0","0","123","181","9","0","0","77ef4b720dc13264584e096e212fc66d6d245473a646f11851e3e3512873e239","d85c3a664c18c93437b42abeb3f35b49fe0a9e93c897a5c211d56884665f27b1"
"working-tree-v11-phase4","0","logistics","0","Logistics: Twin Causeways","4","3","1","11","1","1","1","Normal","0","0.05","180.0","mixed","0","0","0","Classic","0;1","0;11","disabled","focus_loss","true","1","1","elimination","lab_elimination","109.00205","2180","0","0","488","665","16","46","0","77ef4b720dc13264584e096e212fc66d6d245473a646f11851e3e3512873e239","a1fbee5fb4b1bf64d7e2b270eb1c1fe80e2f9fed97ab6dfa58133642bb08e27f"
"working-tree-v11-phase4","1","classic","0","Logistics: Twin Causeways","4","3","1","11","1","0","1","Normal","7","0.05","180.0","mixed","0","0","0","Classic","0;1","0;11","disabled","focus_loss","true","1","1","elimination","lab_elimination","48.29955","966","0","0","193","303","10","12","0","7f7a53495199d9588aae805f735b4a48e99502e810c846448b3940a1a4f2c30c","350ad778be8f07b075249aa500b125d4c5b9165a0ac4640183a69534f89a2a90"
"working-tree-v11-phase4","1","logistics","0","Logistics: Twin Causeways","4","3","1","11","1","1","1","Normal","7","0.05","180.0","mixed","0","0","0","Classic","0;1","0;11","disabled","focus_win","true","0","0","elimination","lab_elimination","46.39958","928","0","0","285","251","9","17","0","7f7a53495199d9588aae805f735b4a48e99502e810c846448b3940a1a4f2c30c","96f92cbf8a08112d543cfc878b9a930c68df50016141d060ce196cee154cda5e"
"working-tree-v11-phase4","2","classic","0","Logistics: Twin Causeways","4","3","1","11","1","0","1","Normal","1000","0.05","180.0","mixed","0","0","0","Classic","0;1","0;11","disabled","focus_loss","true","1","1","elimination","lab_elimination","34.59976","692","0","0","86","134","6","7","0","08ff650f1beb7b6acd1be45e32209d8aeddc6e2ebb48b8507e115cf9de005506","5996e8ec878e7fa657dac6390161a09901e5f3c74d089ee8666f82f919e9a8c3"
"working-tree-v11-phase4","2","logistics","0","Logistics: Twin Causeways","4","3","1","11","1","1","1","Normal","1000","0.05","180.0","mixed","0","0","0","Classic","0;1","0;11","disabled","focus_loss","true","1","1","elimination","lab_elimination","137.45378","2749","0","0","742","927","23","49","0","08ff650f1beb7b6acd1be45e32209d8aeddc6e2ebb48b8507e115cf9de005506","7c2f66a5739129b5ad26777688bdeb638f8e4daa2a4f2bd194a8740bc02e9bc9"
"working-tree-v11-phase4","3","classic","0","Logistics: Twin Causeways","4","3","1","11","1","0","1","Normal","0","0.05","180.0","mixed","0","1","0","Pressure","1;2","0;11","disabled","focus_win","true","0","0","elimination","lab_elimination","52.299488","1046","0","0","313","286","15","2","0","77ef4b720dc13264584e096e212fc66d6d245473a646f11851e3e3512873e239","306f8d6da7a955eb60006ea16fa33f306b3332ec318ddb73dbfff9c2121e1851"
"working-tree-v11-phase4","3","logistics","0","Logistics: Twin Causeways","4","3","1","11","1","1","1","Normal","0","0.05","180.0","mixed","0","1","0","Pressure","1;2","0;11","disabled","focus_loss","true","1","1","elimination","lab_elimination","91.60099","1832","0","0","437","595","13","23","0","77ef4b720dc13264584e096e212fc66d6d245473a646f11851e3e3512873e239","4d586fc17fe9fb53a307af341f6827aecb07fcc5cc63362143ad6538772f14b5"
"working-tree-v11-phase4","4","classic","0","Logistics: Twin Causeways","4","3","1","11","1","0","1","Normal","7","0.05","180.0","mixed","0","1","0","Pressure","1;2","0;11","disabled","focus_win","true","0","0","elimination","lab_elimination","41.949646","839","0","0","277","232","12","15","0","7f7a53495199d9588aae805f735b4a48e99502e810c846448b3940a1a4f2c30c","2ca92077ca2e1aea1b067c39ac48452ba2a0c0b6b6acb5c2dc762adb330e65b5"
"working-tree-v11-phase4","4","logistics","0","Logistics: Twin Causeways","4","3","1","11","1","1","1","Normal","7","0.05","180.0","mixed","0","1","0","Pressure","1;2","0;11","disabled","focus_win","true","0","0","elimination","lab_elimination","38.149704","763","0","0","238","187","11","7","0","7f7a53495199d9588aae805f735b4a48e99502e810c846448b3940a1a4f2c30c","8766278d55d844d19c09c8c70c29ceb5bbde6b1dc6366cb92bbe05567e5d03c4"
"working-tree-v11-phase4","5","classic","0","Logistics: Twin Causeways","4","3","1","11","1","0","1","Normal","1000","0.05","180.0","mixed","0","1","0","Pressure","1;2","0;11","disabled","focus_loss","true","1","1","elimination","lab_elimination","71.74978","1435","0","0","333","439","15","19","0","08ff650f1beb7b6acd1be45e32209d8aeddc6e2ebb48b8507e115cf9de005506","9bc5c71bcedd86ad486e44a394188660e93f2480f21af33d38d56c73ba20c034"
"working-tree-v11-phase4","5","logistics","0","Logistics: Twin Causeways","4","3","1","11","1","1","1","Normal","1000","0.05","180.0","mixed","0","1","0","Pressure","1;2","0;11","disabled","focus_win","true","0","0","elimination","lab_elimination","35.04975","701","0","0","208","171","11","2","0","08ff650f1beb7b6acd1be45e32209d8aeddc6e2ebb48b8507e115cf9de005506","ccd50f3cb92e0b43f87ef14e09f8f8653225e35713604cdf22a9fcf385ce1d90"
"working-tree-v11-phase4","6","classic","0","Logistics: Twin Causeways","4","3","1","11","1","0","1","Normal","0","0.05","180.0","mixed","0","2","0","Guardian","2;0","0;11","disabled","focus_win","true","0","0","elimination","lab_elimination","56.69942","1134","0","0","320","322","14","17","0","77ef4b720dc13264584e096e212fc66d6d245473a646f11851e3e3512873e239","c68269f99b8e0c8fdc9f4ac1a346c681d87330f2e613c3c9efc4a9907415d519"
"working-tree-v11-phase4","6","logistics","0","Logistics: Twin Causeways","4","3","1","11","1","1","1","Normal","0","0.05","180.0","mixed","0","2","0","Guardian","2;0","0;11","disabled","focus_win","true","0","0","elimination","lab_elimination","67.79954","1356","0","0","404","373","17","28","0","77ef4b720dc13264584e096e212fc66d6d245473a646f11851e3e3512873e239","2c269a54e0660e5d0591233b46dea3eb7ba6b34dae515f3bf57a88a627e6e52d"
"working-tree-v11-phase4","7","classic","0","Logistics: Twin Causeways","4","3","1","11","1","0","1","Normal","7","0.05","180.0","mixed","0","2","0","Guardian","2;0","0;11","disabled","focus_loss","true","1","1","elimination","lab_elimination","33.24978","665","0","0","120","179","7","7","0","7f7a53495199d9588aae805f735b4a48e99502e810c846448b3940a1a4f2c30c","c126575a25a5b8d80fdfad9f61970533cb512bb3307c8cda3bb28c1e58210768"
"working-tree-v11-phase4","7","logistics","0","Logistics: Twin Causeways","4","3","1","11","1","1","1","Normal","7","0.05","180.0","mixed","0","2","0","Guardian","2;0","0;11","disabled","focus_loss","true","1","1","elimination","lab_elimination","68.69959","1374","0","0","289","423","9","6","0","7f7a53495199d9588aae805f735b4a48e99502e810c846448b3940a1a4f2c30c","2da99bc790c64a09b22452203c5e2e8fdb09250ace6bdf3f702f60cbd03541f0"
"working-tree-v11-phase4","8","classic","0","Logistics: Twin Causeways","4","3","1","11","1","0","1","Normal","1000","0.05","180.0","mixed","0","2","0","Guardian","2;0","0;11","disabled","focus_loss","true","1","1","elimination","lab_elimination","47.64956","953","0","0","171","256","8","0","0","08ff650f1beb7b6acd1be45e32209d8aeddc6e2ebb48b8507e115cf9de005506","fb758ba3031581c9fe87accbf21c4662b420d77dee6591353c781901a36e1311"
"working-tree-v11-phase4","8","logistics","0","Logistics: Twin Causeways","4","3","1","11","1","1","1","Normal","1000","0.05","180.0","mixed","0","2","0","Guardian","2;0","0;11","disabled","focus_win","true","0","0","elimination","lab_elimination","46.549576","931","0","0","251","235","11","3","0","08ff650f1beb7b6acd1be45e32209d8aeddc6e2ebb48b8507e115cf9de005506","00fa0dcecdc69a4e19407a3581d8d8002821c70f5eb4b0ac3ab59a62af92ce91"
"working-tree-v11-phase4","9","classic","0","Logistics: Twin Causeways","4","3","1","11","1","0","1","Normal","0","0.05","180.0","mixed","1","0","1","Classic","1;0","0;11","disabled","focus_win","true","1","0","elimination","lab_elimination","46.749573","935","0","0","173","234","11","0","0","77ef4b720dc13264584e096e212fc66d6d245473a646f11851e3e3512873e239","080835e2e72e4f5f4800b6f372e271423957f548ec057de2c4a0eed073593c93"
"working-tree-v11-phase4","9","logistics","0","Logistics: Twin Causeways","4","3","1","11","1","1","1","Normal","0","0.05","180.0","mixed","1","0","1","Classic","1;0","0;11","disabled","focus_win","true","1","0","elimination","lab_elimination","99.25146","1985","0","0","454","605","15","44","0","77ef4b720dc13264584e096e212fc66d6d245473a646f11851e3e3512873e239","9c1c10a86e5c3f5475df5da8dd99126e99b56906a7161f6b81bebe18df0b7d05"
"working-tree-v11-phase4","10","classic","0","Logistics: Twin Causeways","4","3","1","11","1","0","1","Normal","7","0.05","180.0","mixed","1","0","1","Classic","1;0","0;11","disabled","focus_loss","true","0","1","elimination","lab_elimination","43.149628","863","0","0","264","228","12","17","0","7f7a53495199d9588aae805f735b4a48e99502e810c846448b3940a1a4f2c30c","18389556a8af08dceef279f3e67509f78a8695e606bfee78570c14f107e55a10"
"working-tree-v11-phase4","10","logistics","0","Logistics: Twin Causeways","4","3","1","11","1","1","1","Normal","7","0.05","180.0","mixed","1","0","1","Classic","1;0","0;11","disabled","focus_loss","true","0","1","elimination","lab_elimination","43.69962","874","0","0","274","240","9","20","0","7f7a53495199d9588aae805f735b4a48e99502e810c846448b3940a1a4f2c30c","9d4eb84a118954ac3fe9f62b7bfd154c99488e491eb91ef48e71f339e3f0d96b"
"working-tree-v11-phase4","11","classic","0","Logistics: Twin Causeways","4","3","1","11","1","0","1","Normal","1000","0.05","180.0","mixed","1","0","1","Classic","1;0","0;11","disabled","focus_win","true","1","0","elimination","lab_elimination","69.84966","1397","0","0","334","425","14","3","0","08ff650f1beb7b6acd1be45e32209d8aeddc6e2ebb48b8507e115cf9de005506","faaf2aae8a25acaec063e35413a7584e91348ae2d0c1d29c090e159a730b6555"
"working-tree-v11-phase4","11","logistics","0","Logistics: Twin Causeways","4","3","1","11","1","1","1","Normal","1000","0.05","180.0","mixed","1","0","1","Classic","1;0","0;11","disabled","focus_loss","true","0","1","elimination","lab_elimination","100.75155","2015","0","0","659","661","20","31","0","08ff650f1beb7b6acd1be45e32209d8aeddc6e2ebb48b8507e115cf9de005506","b8735e3bd99994c58b82a69770e940ab418fb0da11c4fdc81a2e0eb85406b399"
"working-tree-v11-phase4","12","classic","0","Logistics: Twin Causeways","4","3","1","11","1","0","1","Normal","0","0.05","180.0","mixed","1","1","1","Pressure","2;1","0;11","disabled","focus_loss","true","0","1","elimination","lab_elimination","56.69942","1134","0","0","320","322","14","17","0","77ef4b720dc13264584e096e212fc66d6d245473a646f11851e3e3512873e239","c68269f99b8e0c8fdc9f4ac1a346c681d87330f2e613c3c9efc4a9907415d519"
"working-tree-v11-phase4","12","logistics","0","Logistics: Twin Causeways","4","3","1","11","1","1","1","Normal","0","0.05","180.0","mixed","1","1","1","Pressure","2;1","0;11","disabled","focus_win","true","1","0","elimination","lab_elimination","140.75398","2815","0","0","666","903","22","55","0","77ef4b720dc13264584e096e212fc66d6d245473a646f11851e3e3512873e239","e40bb110d335ba6371d8a1dd29afe9bf8be381322716e84550d76db2f805dcb7"
"working-tree-v11-phase4","13","classic","0","Logistics: Twin Causeways","4","3","1","11","1","0","1","Normal","7","0.05","180.0","mixed","1","1","1","Pressure","2;1","0;11","disabled","focus_win","true","1","0","elimination","lab_elimination","36.799725","736","0","0","124","185","9","6","0","7f7a53495199d9588aae805f735b4a48e99502e810c846448b3940a1a4f2c30c","430ff59b38c5845ac98bd76e39e711dc5eab2482434117a975247531a23e906a"
"working-tree-v11-phase4","13","logistics","0","Logistics: Twin Causeways","4","3","1","11","1","1","1","Normal","7","0.05","180.0","mixed","1","1","1","Pressure","2;1","0;11","disabled","focus_win","true","1","0","elimination","lab_elimination","69.99967","1400","0","0","311","430","9","11","0","7f7a53495199d9588aae805f735b4a48e99502e810c846448b3940a1a4f2c30c","0edd8471c1a619ba1dca34530b968e3c80718674d10ad863ec8506fd06a01051"
"working-tree-v11-phase4","14","classic","0","Logistics: Twin Causeways","4","3","1","11","1","0","1","Normal","1000","0.05","180.0","mixed","1","1","1","Pressure","2;1","0;11","disabled","focus_win","true","1","0","elimination","lab_elimination","41.64965","833","0","0","138","222","7","4","0","08ff650f1beb7b6acd1be45e32209d8aeddc6e2ebb48b8507e115cf9de005506","f74f89f44f493e965471e30ddeee71e91121b79443321bc9c0920d1106f6934c"
"working-tree-v11-phase4","14","logistics","0","Logistics: Twin Causeways","4","3","1","11","1","1","1","Normal","1000","0.05","180.0","mixed","1","1","1","Pressure","2;1","0;11","disabled","focus_loss","true","0","1","elimination","lab_elimination","46.549576","931","0","0","251","235","11","3","0","08ff650f1beb7b6acd1be45e32209d8aeddc6e2ebb48b8507e115cf9de005506","00fa0dcecdc69a4e19407a3581d8d8002821c70f5eb4b0ac3ab59a62af92ce91"
"working-tree-v11-phase4","15","classic","0","Logistics: Twin Causeways","4","3","1","11","1","0","1","Normal","0","0.05","180.0","mixed","1","2","1","Guardian","0;2","0;11","disabled","focus_loss","true","0","1","elimination","lab_elimination","58.249397","1165","0","0","380","351","15","5","0","77ef4b720dc13264584e096e212fc66d6d245473a646f11851e3e3512873e239","b7589517fe942cbe7b6f99ce0cb050f06760fea444b5538341ef7624665a6760"
"working-tree-v11-phase4","15","logistics","0","Logistics: Twin Causeways","4","3","1","11","1","1","1","Normal","0","0.05","180.0","mixed","1","2","1","Guardian","0;2","0;11","disabled","focus_win","true","1","0","elimination","lab_elimination","91.60099","1832","0","0","437","595","13","23","0","77ef4b720dc13264584e096e212fc66d6d245473a646f11851e3e3512873e239","4d586fc17fe9fb53a307af341f6827aecb07fcc5cc63362143ad6538772f14b5"
"working-tree-v11-phase4","16","classic","0","Logistics: Twin Causeways","4","3","1","11","1","0","1","Normal","7","0.05","180.0","mixed","1","2","1","Guardian","0;2","0;11","disabled","focus_loss","true","0","1","elimination","lab_elimination","55.149445","1103","0","0","337","315","21","4","0","7f7a53495199d9588aae805f735b4a48e99502e810c846448b3940a1a4f2c30c","773d85cc81813977c0aff451f16e9ad45b6f6a583dca3a4e024afe1efc1ec314"
"working-tree-v11-phase4","16","logistics","0","Logistics: Twin Causeways","4","3","1","11","1","1","1","Normal","7","0.05","180.0","mixed","1","2","1","Guardian","0;2","0;11","disabled","focus_loss","true","0","1","elimination","lab_elimination","41.04966","821","0","0","252","201","11","3","0","7f7a53495199d9588aae805f735b4a48e99502e810c846448b3940a1a4f2c30c","cb5ce3e8ee7f849bb8030e30527518394c780005fc370891cde43b5f51c82918"
"working-tree-v11-phase4","17","classic","0","Logistics: Twin Causeways","4","3","1","11","1","0","1","Normal","1000","0.05","180.0","mixed","1","2","1","Guardian","0;2","0;11","disabled","focus_win","true","1","0","elimination","lab_elimination","71.74978","1435","0","0","333","439","15","19","0","08ff650f1beb7b6acd1be45e32209d8aeddc6e2ebb48b8507e115cf9de005506","9bc5c71bcedd86ad486e44a394188660e93f2480f21af33d38d56c73ba20c034"
"working-tree-v11-phase4","17","logistics","0","Logistics: Twin Causeways","4","3","1","11","1","1","1","Normal","1000","0.05","180.0","mixed","1","2","1","Guardian","0;2","0;11","disabled","focus_loss","true","0","1","elimination","lab_elimination","35.499744","710","0","0","217","174","11","3","0","08ff650f1beb7b6acd1be45e32209d8aeddc6e2ebb48b8507e115cf9de005506","af87cef31e45e1b4fa6108dce020ef754cc9b59b2450abc8c4262b19a48d6027"
"working-tree-v11-phase4","18","classic","0","Logistics: Twin Causeways","4","3","1","11","1","0","1","Normal","0","0.05","180.0","pressure_vs_guardians","0","0","0","Pressure","1;2","0;11","disabled","focus_win","true","0","0","elimination","lab_elimination","52.299488","1046","0","0","313","286","15","2","0","77ef4b720dc13264584e096e212fc66d6d245473a646f11851e3e3512873e239","306f8d6da7a955eb60006ea16fa33f306b3332ec318ddb73dbfff9c2121e1851"
"working-tree-v11-phase4","18","logistics","0","Logistics: Twin Causeways","4","3","1","11","1","1","1","Normal","0","0.05","180.0","pressure_vs_guardians","0","0","0","Pressure","1;2","0;11","disabled","focus_loss","true","1","1","elimination","lab_elimination","91.60099","1832","0","0","437","595","13","23","0","77ef4b720dc13264584e096e212fc66d6d245473a646f11851e3e3512873e239","4d586fc17fe9fb53a307af341f6827aecb07fcc5cc63362143ad6538772f14b5"
"working-tree-v11-phase4","19","classic","0","Logistics: Twin Causeways","4","3","1","11","1","0","1","Normal","7","0.05","180.0","pressure_vs_guardians","0","0","0","Pressure","1;2","0;11","disabled","focus_win","true","0","0","elimination","lab_elimination","41.949646","839","0","0","277","232","12","15","0","7f7a53495199d9588aae805f735b4a48e99502e810c846448b3940a1a4f2c30c","2ca92077ca2e1aea1b067c39ac48452ba2a0c0b6b6acb5c2dc762adb330e65b5"
"working-tree-v11-phase4","19","logistics","0","Logistics: Twin Causeways","4","3","1","11","1","1","1","Normal","7","0.05","180.0","pressure_vs_guardians","0","0","0","Pressure","1;2","0;11","disabled","focus_win","true","0","0","elimination","lab_elimination","38.149704","763","0","0","238","187","11","7","0","7f7a53495199d9588aae805f735b4a48e99502e810c846448b3940a1a4f2c30c","8766278d55d844d19c09c8c70c29ceb5bbde6b1dc6366cb92bbe05567e5d03c4"
"working-tree-v11-phase4","20","classic","0","Logistics: Twin Causeways","4","3","1","11","1","0","1","Normal","1000","0.05","180.0","pressure_vs_guardians","0","0","0","Pressure","1;2","0;11","disabled","focus_loss","true","1","1","elimination","lab_elimination","71.74978","1435","0","0","333","439","15","19","0","08ff650f1beb7b6acd1be45e32209d8aeddc6e2ebb48b8507e115cf9de005506","9bc5c71bcedd86ad486e44a394188660e93f2480f21af33d38d56c73ba20c034"
"working-tree-v11-phase4","20","logistics","0","Logistics: Twin Causeways","4","3","1","11","1","1","1","Normal","1000","0.05","180.0","pressure_vs_guardians","0","0","0","Pressure","1;2","0;11","disabled","focus_win","true","0","0","elimination","lab_elimination","35.04975","701","0","0","208","171","11","2","0","08ff650f1beb7b6acd1be45e32209d8aeddc6e2ebb48b8507e115cf9de005506","ccd50f3cb92e0b43f87ef14e09f8f8653225e35713604cdf22a9fcf385ce1d90"
"working-tree-v11-phase4","21","classic","0","Logistics: Twin Causeways","4","3","1","11","1","0","1","Normal","0","0.05","180.0","pressure_vs_guardians","0","1","0","Guardian","2;0","0;11","disabled","focus_win","true","0","0","elimination","lab_elimination","56.69942","1134","0","0","320","322","14","17","0","77ef4b720dc13264584e096e212fc66d6d245473a646f11851e3e3512873e239","c68269f99b8e0c8fdc9f4ac1a346c681d87330f2e613c3c9efc4a9907415d519"
"working-tree-v11-phase4","21","logistics","0","Logistics: Twin Causeways","4","3","1","11","1","1","1","Normal","0","0.05","180.0","pressure_vs_guardians","0","1","0","Guardian","2;0","0;11","disabled","focus_win","true","0","0","elimination","lab_elimination","67.79954","1356","0","0","404","373","17","28","0","77ef4b720dc13264584e096e212fc66d6d245473a646f11851e3e3512873e239","2c269a54e0660e5d0591233b46dea3eb7ba6b34dae515f3bf57a88a627e6e52d"
"working-tree-v11-phase4","22","classic","0","Logistics: Twin Causeways","4","3","1","11","1","0","1","Normal","7","0.05","180.0","pressure_vs_guardians","0","1","0","Guardian","2;0","0;11","disabled","focus_loss","true","1","1","elimination","lab_elimination","33.24978","665","0","0","120","179","7","7","0","7f7a53495199d9588aae805f735b4a48e99502e810c846448b3940a1a4f2c30c","c126575a25a5b8d80fdfad9f61970533cb512bb3307c8cda3bb28c1e58210768"
"working-tree-v11-phase4","22","logistics","0","Logistics: Twin Causeways","4","3","1","11","1","1","1","Normal","7","0.05","180.0","pressure_vs_guardians","0","1","0","Guardian","2;0","0;11","disabled","focus_loss","true","1","1","elimination","lab_elimination","68.69959","1374","0","0","289","423","9","6","0","7f7a53495199d9588aae805f735b4a48e99502e810c846448b3940a1a4f2c30c","2da99bc790c64a09b22452203c5e2e8fdb09250ace6bdf3f702f60cbd03541f0"
"working-tree-v11-phase4","23","classic","0","Logistics: Twin Causeways","4","3","1","11","1","0","1","Normal","1000","0.05","180.0","pressure_vs_guardians","0","1","0","Guardian","2;0","0;11","disabled","focus_loss","true","1","1","elimination","lab_elimination","47.64956","953","0","0","171","256","8","0","0","08ff650f1beb7b6acd1be45e32209d8aeddc6e2ebb48b8507e115cf9de005506","fb758ba3031581c9fe87accbf21c4662b420d77dee6591353c781901a36e1311"
"working-tree-v11-phase4","23","logistics","0","Logistics: Twin Causeways","4","3","1","11","1","1","1","Normal","1000","0.05","180.0","pressure_vs_guardians","0","1","0","Guardian","2;0","0;11","disabled","focus_win","true","0","0","elimination","lab_elimination","46.549576","931","0","0","251","235","11","3","0","08ff650f1beb7b6acd1be45e32209d8aeddc6e2ebb48b8507e115cf9de005506","00fa0dcecdc69a4e19407a3581d8d8002821c70f5eb4b0ac3ab59a62af92ce91"
"working-tree-v11-phase4","24","classic","0","Logistics: Twin Causeways","4","3","1","11","1","0","1","Normal","0","0.05","180.0","pressure_vs_guardians","0","2","0","Classic","0;1","0;11","disabled","focus_loss","true","1","1","elimination","lab_elimination","36.299732","726","0","0","123","181","9","0","0","77ef4b720dc13264584e096e212fc66d6d245473a646f11851e3e3512873e239","d85c3a664c18c93437b42abeb3f35b49fe0a9e93c897a5c211d56884665f27b1"
"working-tree-v11-phase4","24","logistics","0","Logistics: Twin Causeways","4","3","1","11","1","1","1","Normal","0","0.05","180.0","pressure_vs_guardians","0","2","0","Classic","0;1","0;11","disabled","focus_loss","true","1","1","elimination","lab_elimination","109.00205","2180","0","0","488","665","16","46","0","77ef4b720dc13264584e096e212fc66d6d245473a646f11851e3e3512873e239","a1fbee5fb4b1bf64d7e2b270eb1c1fe80e2f9fed97ab6dfa58133642bb08e27f"
"working-tree-v11-phase4","25","classic","0","Logistics: Twin Causeways","4","3","1","11","1","0","1","Normal","7","0.05","180.0","pressure_vs_guardians","0","2","0","Classic","0;1","0;11","disabled","focus_loss","true","1","1","elimination","lab_elimination","48.29955","966","0","0","193","303","10","12","0","7f7a53495199d9588aae805f735b4a48e99502e810c846448b3940a1a4f2c30c","350ad778be8f07b075249aa500b125d4c5b9165a0ac4640183a69534f89a2a90"
"working-tree-v11-phase4","25","logistics","0","Logistics: Twin Causeways","4","3","1","11","1","1","1","Normal","7","0.05","180.0","pressure_vs_guardians","0","2","0","Classic","0;1","0;11","disabled","focus_win","true","0","0","elimination","lab_elimination","46.39958","928","0","0","285","251","9","17","0","7f7a53495199d9588aae805f735b4a48e99502e810c846448b3940a1a4f2c30c","96f92cbf8a08112d543cfc878b9a930c68df50016141d060ce196cee154cda5e"
"working-tree-v11-phase4","26","classic","0","Logistics: Twin Causeways","4","3","1","11","1","0","1","Normal","1000","0.05","180.0","pressure_vs_guardians","0","2","0","Classic","0;1","0;11","disabled","focus_loss","true","1","1","elimination","lab_elimination","34.59976","692","0","0","86","134","6","7","0","08ff650f1beb7b6acd1be45e32209d8aeddc6e2ebb48b8507e115cf9de005506","5996e8ec878e7fa657dac6390161a09901e5f3c74d089ee8666f82f919e9a8c3"
"working-tree-v11-phase4","26","logistics","0","Logistics: Twin Causeways","4","3","1","11","1","1","1","Normal","1000","0.05","180.0","pressure_vs_guardians","0","2","0","Classic","0;1","0;11","disabled","focus_loss","true","1","1","elimination","lab_elimination","137.45378","2749","0","0","742","927","23","49","0","08ff650f1beb7b6acd1be45e32209d8aeddc6e2ebb48b8507e115cf9de005506","7c2f66a5739129b5ad26777688bdeb638f8e4daa2a4f2bd194a8740bc02e9bc9"
"working-tree-v11-phase4","27","classic","0","Logistics: Twin Causeways","4","3","1","11","1","0","1","Normal","0","0.05","180.0","pressure_vs_guardians","1","0","1","Pressure","2;1","0;11","disabled","focus_loss","true","0","1","elimination","lab_elimination","56.69942","1134","0","0","320","322","14","17","0","77ef4b720dc13264584e096e212fc66d6d245473a646f11851e3e3512873e239","c68269f99b8e0c8fdc9f4ac1a346c681d87330f2e613c3c9efc4a9907415d519"
"working-tree-v11-phase4","27","logistics","0","Logistics: Twin Causeways","4","3","1","11","1","1","1","Normal","0","0.05","180.0","pressure_vs_guardians","1","0","1","Pressure","2;1","0;11","disabled","focus_win","true","1","0","elimination","lab_elimination","140.75398","2815","0","0","666","903","22","55","0","77ef4b720dc13264584e096e212fc66d6d245473a646f11851e3e3512873e239","e40bb110d335ba6371d8a1dd29afe9bf8be381322716e84550d76db2f805dcb7"
"working-tree-v11-phase4","28","classic","0","Logistics: Twin Causeways","4","3","1","11","1","0","1","Normal","7","0.05","180.0","pressure_vs_guardians","1","0","1","Pressure","2;1","0;11","disabled","focus_win","true","1","0","elimination","lab_elimination","36.799725","736","0","0","124","185","9","6","0","7f7a53495199d9588aae805f735b4a48e99502e810c846448b3940a1a4f2c30c","430ff59b38c5845ac98bd76e39e711dc5eab2482434117a975247531a23e906a"
"working-tree-v11-phase4","28","logistics","0","Logistics: Twin Causeways","4","3","1","11","1","1","1","Normal","7","0.05","180.0","pressure_vs_guardians","1","0","1","Pressure","2;1","0;11","disabled","focus_win","true","1","0","elimination","lab_elimination","69.99967","1400","0","0","311","430","9","11","0","7f7a53495199d9588aae805f735b4a48e99502e810c846448b3940a1a4f2c30c","0edd8471c1a619ba1dca34530b968e3c80718674d10ad863ec8506fd06a01051"
"working-tree-v11-phase4","29","classic","0","Logistics: Twin Causeways","4","3","1","11","1","0","1","Normal","1000","0.05","180.0","pressure_vs_guardians","1","0","1","Pressure","2;1","0;11","disabled","focus_win","true","1","0","elimination","lab_elimination","41.64965","833","0","0","138","222","7","4","0","08ff650f1beb7b6acd1be45e32209d8aeddc6e2ebb48b8507e115cf9de005506","f74f89f44f493e965471e30ddeee71e91121b79443321bc9c0920d1106f6934c"
"working-tree-v11-phase4","29","logistics","0","Logistics: Twin Causeways","4","3","1","11","1","1","1","Normal","1000","0.05","180.0","pressure_vs_guardians","1","0","1","Pressure","2;1","0;11","disabled","focus_loss","true","0","1","elimination","lab_elimination","46.549576","931","0","0","251","235","11","3","0","08ff650f1beb7b6acd1be45e32209d8aeddc6e2ebb48b8507e115cf9de005506","00fa0dcecdc69a4e19407a3581d8d8002821c70f5eb4b0ac3ab59a62af92ce91"
"working-tree-v11-phase4","30","classic","0","Logistics: Twin Causeways","4","3","1","11","1","0","1","Normal","0","0.05","180.0","pressure_vs_guardians","1","1","1","Guardian","0;2","0;11","disabled","focus_loss","true","0","1","elimination","lab_elimination","58.249397","1165","0","0","380","351","15","5","0","77ef4b720dc13264584e096e212fc66d6d245473a646f11851e3e3512873e239","b7589517fe942cbe7b6f99ce0cb050f06760fea444b5538341ef7624665a6760"
"working-tree-v11-phase4","30","logistics","0","Logistics: Twin Causeways","4","3","1","11","1","1","1","Normal","0","0.05","180.0","pressure_vs_guardians","1","1","1","Guardian","0;2","0;11","disabled","focus_win","true","1","0","elimination","lab_elimination","91.60099","1832","0","0","437","595","13","23","0","77ef4b720dc13264584e096e212fc66d6d245473a646f11851e3e3512873e239","4d586fc17fe9fb53a307af341f6827aecb07fcc5cc63362143ad6538772f14b5"
"working-tree-v11-phase4","31","classic","0","Logistics: Twin Causeways","4","3","1","11","1","0","1","Normal","7","0.05","180.0","pressure_vs_guardians","1","1","1","Guardian","0;2","0;11","disabled","focus_loss","true","0","1","elimination","lab_elimination","55.149445","1103","0","0","337","315","21","4","0","7f7a53495199d9588aae805f735b4a48e99502e810c846448b3940a1a4f2c30c","773d85cc81813977c0aff451f16e9ad45b6f6a583dca3a4e024afe1efc1ec314"
"working-tree-v11-phase4","31","logistics","0","Logistics: Twin Causeways","4","3","1","11","1","1","1","Normal","7","0.05","180.0","pressure_vs_guardians","1","1","1","Guardian","0;2","0;11","disabled","focus_loss","true","0","1","elimination","lab_elimination","41.04966","821","0","0","252","201","11","3","0","7f7a53495199d9588aae805f735b4a48e99502e810c846448b3940a1a4f2c30c","cb5ce3e8ee7f849bb8030e30527518394c780005fc370891cde43b5f51c82918"
"working-tree-v11-phase4","32","classic","0","Logistics: Twin Causeways","4","3","1","11","1","0","1","Normal","1000","0.05","180.0","pressure_vs_guardians","1","1","1","Guardian","0;2","0;11","disabled","focus_win","true","1","0","elimination","lab_elimination","71.74978","1435","0","0","333","439","15","19","0","08ff650f1beb7b6acd1be45e32209d8aeddc6e2ebb48b8507e115cf9de005506","9bc5c71bcedd86ad486e44a394188660e93f2480f21af33d38d56c73ba20c034"
"working-tree-v11-phase4","32","logistics","0","Logistics: Twin Causeways","4","3","1","11","1","1","1","Normal","1000","0.05","180.0","pressure_vs_guardians","1","1","1","Guardian","0;2","0;11","disabled","focus_loss","true","0","1","elimination","lab_elimination","35.499744","710","0","0","217","174","11","3","0","08ff650f1beb7b6acd1be45e32209d8aeddc6e2ebb48b8507e115cf9de005506","af87cef31e45e1b4fa6108dce020ef754cc9b59b2450abc8c4262b19a48d6027"
"working-tree-v11-phase4","33","classic","0","Logistics: Twin Causeways","4","3","1","11","1","0","1","Normal","0","0.05","180.0","pressure_vs_guardians","1","2","1","Classic","1;0","0;11","disabled","focus_win","true","1","0","elimination","lab_elimination","46.749573","935","0","0","173","234","11","0","0","77ef4b720dc13264584e096e212fc66d6d245473a646f11851e3e3512873e239","080835e2e72e4f5f4800b6f372e271423957f548ec057de2c4a0eed073593c93"
"working-tree-v11-phase4","33","logistics","0","Logistics: Twin Causeways","4","3","1","11","1","1","1","Normal","0","0.05","180.0","pressure_vs_guardians","1","2","1","Classic","1;0","0;11","disabled","focus_win","true","1","0","elimination","lab_elimination","99.25146","1985","0","0","454","605","15","44","0","77ef4b720dc13264584e096e212fc66d6d245473a646f11851e3e3512873e239","9c1c10a86e5c3f5475df5da8dd99126e99b56906a7161f6b81bebe18df0b7d05"
"working-tree-v11-phase4","34","classic","0","Logistics: Twin Causeways","4","3","1","11","1","0","1","Normal","7","0.05","180.0","pressure_vs_guardians","1","2","1","Classic","1;0","0;11","disabled","focus_loss","true","0","1","elimination","lab_elimination","43.149628","863","0","0","264","228","12","17","0","7f7a53495199d9588aae805f735b4a48e99502e810c846448b3940a1a4f2c30c","18389556a8af08dceef279f3e67509f78a8695e606bfee78570c14f107e55a10"
"working-tree-v11-phase4","34","logistics","0","Logistics: Twin Causeways","4","3","1","11","1","1","1","Normal","7","0.05","180.0","pressure_vs_guardians","1","2","1","Classic","1;0","0;11","disabled","focus_loss","true","0","1","elimination","lab_elimination","43.69962","874","0","0","274","240","9","20","0","7f7a53495199d9588aae805f735b4a48e99502e810c846448b3940a1a4f2c30c","9d4eb84a118954ac3fe9f62b7bfd154c99488e491eb91ef48e71f339e3f0d96b"
"working-tree-v11-phase4","35","classic","0","Logistics: Twin Causeways","4","3","1","11","1","0","1","Normal","1000","0.05","180.0","pressure_vs_guardians","1","2","1","Classic","1;0","0;11","disabled","focus_win","true","1","0","elimination","lab_elimination","69.84966","1397","0","0","334","425","14","3","0","08ff650f1beb7b6acd1be45e32209d8aeddc6e2ebb48b8507e115cf9de005506","faaf2aae8a25acaec063e35413a7584e91348ae2d0c1d29c090e159a730b6555"
"working-tree-v11-phase4","35","logistics","0","Logistics: Twin Causeways","4","3","1","11","1","1","1","Normal","1000","0.05","180.0","pressure_vs_guardians","1","2","1","Classic","1;0","0;11","disabled","focus_loss","true","0","1","elimination","lab_elimination","100.75155","2015","0","0","659","661","20","31","0","08ff650f1beb7b6acd1be45e32209d8aeddc6e2ebb48b8507e115cf9de005506","b8735e3bd99994c58b82a69770e940ab418fb0da11c4fdc81a2e0eb85406b399"
"working-tree-v11-phase4","36","classic","1","Logistics: Broken Junction","5","4","2","11","1","0","1","Normal","0","0.05","180.0","mixed","0","0","0","Classic","0;1;2","0;4;17","disabled","timeout","false","-1","-1","none","duration_cap","180.0","3600","0","0","1382","1603","54","16","0","db0eee92fe386b8d948a682c1bbd96533583c080bf499de1d5ed848abbc58a52","87c3e02c43bc9195835dc0116bef35e1477e3bce6c233a30ff9383495d8398c0"
"working-tree-v11-phase4","36","logistics","1","Logistics: Broken Junction","5","4","2","11","1","1","1","Normal","0","0.05","180.0","mixed","0","0","0","Classic","0;1;2","0;4;17","disabled","focus_win","true","0","0","elimination","lab_elimination","128.90326","2578","0","0","966","1021","39","48","0","db0eee92fe386b8d948a682c1bbd96533583c080bf499de1d5ed848abbc58a52","80e8aae8f265792d93f29d1aaecdda53b858668815d2fc2628f2836e5c5749f1"
"working-tree-v11-phase4","37","classic","1","Logistics: Broken Junction","5","4","2","11","1","0","1","Normal","7","0.05","180.0","mixed","0","0","0","Classic","0;1;2","0;4;17","disabled","focus_loss","true","1","1","elimination","lab_elimination","134.6036","2692","0","0","503","666","21","58","0","da945a2f570f8a38441cdfd94101b0f8b907996946edb2f59166befc92f17adb","5f6ab44c12060ec2267d3ed485fa61d59b46415c476336ccba6787ef22f35178"
"working-tree-v11-phase4","37","logistics","1","Logistics: Broken Junction","5","4","2","11","1","1","1","Normal","7","0.05","180.0","mixed","0","0","0","Classic","0;1;2","0;4;17","disabled","timeout","false","-1","-1","none","duration_cap","180.0","3600","0","0","1439","1605","38","132","0","da945a2f570f8a38441cdfd94101b0f8b907996946edb2f59166befc92f17adb","4b45378a70f0c4b84f05f5db476b7c013b404a8bdb039c3b057b5a83ffa72128"
"working-tree-v11-phase4","38","classic","1","Logistics: Broken Junction","5","4","2","11","1","0","1","Normal","1000","0.05","180.0","mixed","0","0","0","Classic","0;1;2","0;4;17","disabled","focus_loss","true","1","1","elimination","lab_elimination","108.402016","2168","0","0","161","232","10","32","0","bccc4474cfe0c918216fe23b8b4b43030f8b65a04e92438ff04e9fd6188d8a67","c2c0d416cfc896df2e84860e2eb78d01a7cc43f70b96c443feaa9ed52ac992a2"
"working-tree-v11-phase4","38","logistics","1","Logistics: Broken Junction","5","4","2","11","1","1","1","Normal","1000","0.05","180.0","mixed","0","0","0","Classic","0;1;2","0;4;17","disabled","focus_win","true","0","0","elimination","lab_elimination","154.2548","3085","0","0","1165","1277","38","63","0","bccc4474cfe0c918216fe23b8b4b43030f8b65a04e92438ff04e9fd6188d8a67","a5a2defed894f8b11ab632f3aac34eb4e63e810fe9481b78db11fe52a8dc29eb"
"working-tree-v11-phase4","39","classic","1","Logistics: Broken Junction","5","4","2","11","1","0","1","Normal","0","0.05","180.0","mixed","0","1","0","Pressure","1;2;0","0;4;17","disabled","focus_win","true","0","0","elimination","lab_elimination","54.599453","1092","0","0","421","335","21","12","0","db0eee92fe386b8d948a682c1bbd96533583c080bf499de1d5ed848abbc58a52","2305826b9512c16ab8940cc08dbd0a913d9fbe3b2394ea079e3adac449d9e5ae"
"working-tree-v11-phase4","39","logistics","1","Logistics: Broken Junction","5","4","2","11","1","1","1","Normal","0","0.05","180.0","mixed","0","1","0","Pressure","1;2;0","0;4;17","disabled","focus_win","true","0","0","elimination","lab_elimination","102.35165","2047","0","0","808","789","27","81","0","db0eee92fe386b8d948a682c1bbd96533583c080bf499de1d5ed848abbc58a52","f7a1c28ab8563f6a70ae33857d38e485e1796377e5a39eedeb3698631c47a587"
"working-tree-v11-phase4","40","classic","1","Logistics: Broken Junction","5","4","2","11","1","0","1","Normal","7","0.05","180.0","mixed","0","1","0","Pressure","1;2;0","0;4;17","disabled","focus_win","true","0","0","elimination","lab_elimination","63.149323","1263","0","0","472","384","25","0","0","da945a2f570f8a38441cdfd94101b0f8b907996946edb2f59166befc92f17adb","b4065440c47d69defd935b70e72a96c86b55f3ee946cb4d12e32e6115382414f"
"working-tree-v11-phase4","40","logistics","1","Logistics: Broken Junction","5","4","2","11","1","1","1","Normal","7","0.05","180.0","mixed","0","1","0","Pressure","1;2;0","0;4;17","disabled","focus_loss","true","2","2","elimination","lab_elimination","117.252556","2345","0","0","505","670","24","39","0","da945a2f570f8a38441cdfd94101b0f8b907996946edb2f59166befc92f17adb","4306f4b4567f3ad409f7a41beb6355cf09314c0a0121fb7548c4de33c431606d"
"working-tree-v11-phase4","41","classic","1","Logistics: Broken Junction","5","4","2","11","1","0","1","Normal","1000","0.05","180.0","mixed","0","1","0","Pressure","1;2;0","0;4;17","disabled","focus_win","true","0","0","elimination","lab_elimination","52.399487","1048","0","0","425","332","20","7","0","bccc4474cfe0c918216fe23b8b4b43030f8b65a04e92438ff04e9fd6188d8a67","a3625553d5d041d4e1dfb1a8bdea2e07a33e728dae6aa4d6cdd77eaa6b9c2381"
"working-tree-v11-phase4","41","logistics","1","Logistics: Broken Junction","5","4","2","11","1","1","1","Normal","1000","0.05","180.0","mixed","0","1","0","Pressure","1;2;0","0;4;17","disabled","focus_win","true","0","0","elimination","lab_elimination","67.44952","1349","0","0","495","437","24","9","0","bccc4474cfe0c918216fe23b8b4b43030f8b65a04e92438ff04e9fd6188d8a67","65ad51ef1f2fb1ea3e12addf4edfb688f545cdeb2bccf65a40a4834e94851f41"
"working-tree-v11-phase4","42","classic","1","Logistics: Broken Junction","5","4","2","11","1","0","1","Normal","0","0.05","180.0","mixed","0","2","0","Guardian","2;0;1","0;4;17","disabled","timeout","false","-1","-1","none","duration_cap","180.0","3600","0","0","1420","1674","49","32","0","db0eee92fe386b8d948a682c1bbd96533583c080bf499de1d5ed848abbc58a52","e3cf301b89c7166e1f5e5af10e33410d4e4cdafd222840e7169d44a8c9e295cf"
"working-tree-v11-phase4","42","logistics","1","Logistics: Broken Junction","5","4","2","11","1","1","1","Normal","0","0.05","180.0","mixed","0","2","0","Guardian","2;0;1","0;4;17","disabled","timeout","false","-1","-1","none","duration_cap","180.0","3600","0","0","1394","1580","39","97","0","db0eee92fe386b8d948a682c1bbd96533583c080bf499de1d5ed848abbc58a52","02f64270c3bf64500b6ef35449962736a6ad35f07bb438732ce399befb8dd12f"
"working-tree-v11-phase4","43","classic","1","Logistics: Broken Junction","5","4","2","11","1","0","1","Normal","7","0.05","180.0","mixed","0","2","0","Guardian","2;0;1","0;4;17","disabled","focus_loss","true","1","1","elimination","lab_elimination","149.80453","2996","0","0","946","1200","41","19","0","da945a2f570f8a38441cdfd94101b0f8b907996946edb2f59166befc92f17adb","f679ff713c03105cd5e6379642797555b7e87bc7c4b9bbcba8409d56f5cd8ec9"
"working-tree-v11-phase4","43","logistics","1","Logistics: Broken Junction","5","4","2","11","1","1","1","Normal","7","0.05","180.0","mixed","0","2","0","Guardian","2;0;1","0;4;17","disabled","timeout","false","-1","-1","none","duration_cap","180.0","3600","0","0","1383","1627","37","47","0","da945a2f570f8a38441cdfd94101b0f8b907996946edb2f59166befc92f17adb","efdd8fb67bc49cfd2d0e0c1273a9fa83e2d23dea806f00aeaae6af602c0c316b"
"working-tree-v11-phase4","44","classic","1","Logistics: Broken Junction","5","4","2","11","1","0","1","Normal","1000","0.05","180.0","mixed","0","2","0","Guardian","2;0;1","0;4;17","disabled","timeout","false","-1","-1","none","duration_cap","180.0","3600","0","0","262","363","15","16","0","bccc4474cfe0c918216fe23b8b4b43030f8b65a04e92438ff04e9fd6188d8a67","695473ec2e9495f06d7cfd2f53eef3caf61f0d1344cdb6230607e882451da034"
"working-tree-v11-phase4","44","logistics","1","Logistics: Broken Junction","5","4","2","11","1","1","1","Normal","1000","0.05","180.0","mixed","0","2","0","Guardian","2;0;1","0;4;17","disabled","focus_win","true","0","0","elimination","lab_elimination","67.1495","1343","0","0","459","369","22","7","0","bccc4474cfe0c918216fe23b8b4b43030f8b65a04e92438ff04e9fd6188d8a67","8a214683ea8e88f672ae5413545b43b18e230d3a550d112545920f986a9e5ff4"
"working-tree-v11-phase4","45","classic","1","Logistics: Broken Junction","5","4","2","11","1","0","1","Normal","0","0.05","180.0","mixed","1","0","1","Classic","2;0;1","0;4;17","disabled","timeout","false","-1","-1","none","duration_cap","180.0","3600","0","0","1420","1674","49","32","0","db0eee92fe386b8d948a682c1bbd96533583c080bf499de1d5ed848abbc58a52","e3cf301b89c7166e1f5e5af10e33410d4e4cdafd222840e7169d44a8c9e295cf"
"working-tree-v11-phase4","45","logistics","1","Logistics: Broken Junction","5","4","2","11","1","1","1","Normal","0","0.05","180.0","mixed","1","0","1","Classic","2;0;1","0;4;17","disabled","timeout","false","-1","-1","none","duration_cap","180.0","3600","0","0","1394","1580","39","97","0","db0eee92fe386b8d948a682c1bbd96533583c080bf499de1d5ed848abbc58a52","02f64270c3bf64500b6ef35449962736a6ad35f07bb438732ce399befb8dd12f"
"working-tree-v11-phase4","46","classic","1","Logistics: Broken Junction","5","4","2","11","1","0","1","Normal","7","0.05","180.0","mixed","1","0","1","Classic","2;0;1","0;4;17","disabled","focus_win","true","1","0","elimination","lab_elimination","149.80453","2996","0","0","946","1200","41","19","0","da945a2f570f8a38441cdfd94101b0f8b907996946edb2f59166befc92f17adb","f679ff713c03105cd5e6379642797555b7e87bc7c4b9bbcba8409d56f5cd8ec9"
"working-tree-v11-phase4","46","logistics","1","Logistics: Broken Junction","5","4","2","11","1","1","1","Normal","7","0.05","180.0","mixed","1","0","1","Classic","2;0;1","0;4;17","disabled","timeout","false","-1","-1","none","duration_cap","180.0","3600","0","0","1383","1627","37","47","0","da945a2f570f8a38441cdfd94101b0f8b907996946edb2f59166befc92f17adb","efdd8fb67bc49cfd2d0e0c1273a9fa83e2d23dea806f00aeaae6af602c0c316b"
"working-tree-v11-phase4","47","classic","1","Logistics: Broken Junction","5","4","2","11","1","0","1","Normal","1000","0.05","180.0","mixed","1","0","1","Classic","2;0;1","0;4;17","disabled","timeout","false","-1","-1","none","duration_cap","180.0","3600","0","0","262","363","15","16","0","bccc4474cfe0c918216fe23b8b4b43030f8b65a04e92438ff04e9fd6188d8a67","695473ec2e9495f06d7cfd2f53eef3caf61f0d1344cdb6230607e882451da034"
"working-tree-v11-phase4","47","logistics","1","Logistics: Broken Junction","5","4","2","11","1","1","1","Normal","1000","0.05","180.0","mixed","1","0","1","Classic","2;0;1","0;4;17","disabled","focus_loss","true","0","2","elimination","lab_elimination","67.1495","1343","0","0","459","369","22","7","0","bccc4474cfe0c918216fe23b8b4b43030f8b65a04e92438ff04e9fd6188d8a67","8a214683ea8e88f672ae5413545b43b18e230d3a550d112545920f986a9e5ff4"
"working-tree-v11-phase4","48","classic","1","Logistics: Broken Junction","5","4","2","11","1","0","1","Normal","0","0.05","180.0","mixed","1","1","1","Pressure","0;1;2","0;4;17","disabled","timeout","false","-1","-1","none","duration_cap","180.0","3600","0","0","1382","1603","54","16","0","db0eee92fe386b8d948a682c1bbd96533583c080bf499de1d5ed848abbc58a52","87c3e02c43bc9195835dc0116bef35e1477e3bce6c233a30ff9383495d8398c0"
"working-tree-v11-phase4","48","logistics","1","Logistics: Broken Junction","5","4","2","11","1","1","1","Normal","0","0.05","180.0","mixed","1","1","1","Pressure","0;1;2","0;4;17","disabled","focus_loss","true","0","2","elimination","lab_elimination","128.90326","2578","0","0","966","1021","39","48","0","db0eee92fe386b8d948a682c1bbd96533583c080bf499de1d5ed848abbc58a52","80e8aae8f265792d93f29d1aaecdda53b858668815d2fc2628f2836e5c5749f1"
"working-tree-v11-phase4","49","classic","1","Logistics: Broken Junction","5","4","2","11","1","0","1","Normal","7","0.05","180.0","mixed","1","1","1","Pressure","0;1;2","0;4;17","disabled","focus_win","true","1","0","elimination","lab_elimination","134.6036","2692","0","0","503","666","21","58","0","da945a2f570f8a38441cdfd94101b0f8b907996946edb2f59166befc92f17adb","5f6ab44c12060ec2267d3ed485fa61d59b46415c476336ccba6787ef22f35178"
"working-tree-v11-phase4","49","logistics","1","Logistics: Broken Junction","5","4","2","11","1","1","1","Normal","7","0.05","180.0","mixed","1","1","1","Pressure","0;1;2","0;4;17","disabled","timeout","false","-1","-1","none","duration_cap","180.0","3600","0","0","1439","1605","38","132","0","da945a2f570f8a38441cdfd94101b0f8b907996946edb2f59166befc92f17adb","4b45378a70f0c4b84f05f5db476b7c013b404a8bdb039c3b057b5a83ffa72128"
"working-tree-v11-phase4","50","classic","1","Logistics: Broken Junction","5","4","2","11","1","0","1","Normal","1000","0.05","180.0","mixed","1","1","1","Pressure","0;1;2","0;4;17","disabled","focus_win","true","1","0","elimination","lab_elimination","108.402016","2168","0","0","161","232","10","32","0","bccc4474cfe0c918216fe23b8b4b43030f8b65a04e92438ff04e9fd6188d8a67","c2c0d416cfc896df2e84860e2eb78d01a7cc43f70b96c443feaa9ed52ac992a2"
"working-tree-v11-phase4","50","logistics","1","Logistics: Broken Junction","5","4","2","11","1","1","1","Normal","1000","0.05","180.0","mixed","1","1","1","Pressure","0;1;2","0;4;17","disabled","focus_loss","true","0","2","elimination","lab_elimination","154.2548","3085","0","0","1165","1277","38","63","0","bccc4474cfe0c918216fe23b8b4b43030f8b65a04e92438ff04e9fd6188d8a67","a5a2defed894f8b11ab632f3aac34eb4e63e810fe9481b78db11fe52a8dc29eb"
"working-tree-v11-phase4","51","classic","1","Logistics: Broken Junction","5","4","2","11","1","0","1","Normal","0","0.05","180.0","mixed","1","2","1","Guardian","1;2;0","0;4;17","disabled","focus_loss","true","0","2","elimination","lab_elimination","54.599453","1092","0","0","421","335","21","12","0","db0eee92fe386b8d948a682c1bbd96533583c080bf499de1d5ed848abbc58a52","2305826b9512c16ab8940cc08dbd0a913d9fbe3b2394ea079e3adac449d9e5ae"
"working-tree-v11-phase4","51","logistics","1","Logistics: Broken Junction","5","4","2","11","1","1","1","Normal","0","0.05","180.0","mixed","1","2","1","Guardian","1;2;0","0;4;17","disabled","focus_loss","true","0","2","elimination","lab_elimination","102.35165","2047","0","0","808","789","27","81","0","db0eee92fe386b8d948a682c1bbd96533583c080bf499de1d5ed848abbc58a52","f7a1c28ab8563f6a70ae33857d38e485e1796377e5a39eedeb3698631c47a587"
"working-tree-v11-phase4","52","classic","1","Logistics: Broken Junction","5","4","2","11","1","0","1","Normal","7","0.05","180.0","mixed","1","2","1","Guardian","1;2;0","0;4;17","disabled","focus_loss","true","0","2","elimination","lab_elimination","63.149323","1263","0","0","472","384","25","0","0","da945a2f570f8a38441cdfd94101b0f8b907996946edb2f59166befc92f17adb","b4065440c47d69defd935b70e72a96c86b55f3ee946cb4d12e32e6115382414f"
"working-tree-v11-phase4","52","logistics","1","Logistics: Broken Junction","5","4","2","11","1","1","1","Normal","7","0.05","180.0","mixed","1","2","1","Guardian","1;2;0","0;4;17","disabled","focus_loss","true","2","1","elimination","lab_elimination","117.252556","2345","0","0","505","670","24","39","0","da945a2f570f8a38441cdfd94101b0f8b907996946edb2f59166befc92f17adb","4306f4b4567f3ad409f7a41beb6355cf09314c0a0121fb7548c4de33c431606d"
"working-tree-v11-phase4","53","classic","1","Logistics: Broken Junction","5","4","2","11","1","0","1","Normal","1000","0.05","180.0","mixed","1","2","1","Guardian","1;2;0","0;4;17","disabled","focus_loss","true","0","2","elimination","lab_elimination","52.399487","1048","0","0","425","332","20","7","0","bccc4474cfe0c918216fe23b8b4b43030f8b65a04e92438ff04e9fd6188d8a67","a3625553d5d041d4e1dfb1a8bdea2e07a33e728dae6aa4d6cdd77eaa6b9c2381"
"working-tree-v11-phase4","53","logistics","1","Logistics: Broken Junction","5","4","2","11","1","1","1","Normal","1000","0.05","180.0","mixed","1","2","1","Guardian","1;2;0","0;4;17","disabled","focus_loss","true","0","2","elimination","lab_elimination","67.44952","1349","0","0","495","437","24","9","0","bccc4474cfe0c918216fe23b8b4b43030f8b65a04e92438ff04e9fd6188d8a67","65ad51ef1f2fb1ea3e12addf4edfb688f545cdeb2bccf65a40a4834e94851f41"
"working-tree-v11-phase4","54","classic","1","Logistics: Broken Junction","5","4","2","11","1","0","1","Normal","0","0.05","180.0","mixed","2","0","2","Classic","1;2;0","0;4;17","disabled","focus_loss","true","0","1","elimination","lab_elimination","54.599453","1092","0","0","421","335","21","12","0","db0eee92fe386b8d948a682c1bbd96533583c080bf499de1d5ed848abbc58a52","2305826b9512c16ab8940cc08dbd0a913d9fbe3b2394ea079e3adac449d9e5ae"
"working-tree-v11-phase4","54","logistics","1","Logistics: Broken Junction","5","4","2","11","1","1","1","Normal","0","0.05","180.0","mixed","2","0","2","Classic","1;2;0","0;4;17","disabled","focus_loss","true","0","1","elimination","lab_elimination","102.35165","2047","0","0","808","789","27","81","0","db0eee92fe386b8d948a682c1bbd96533583c080bf499de1d5ed848abbc58a52","f7a1c28ab8563f6a70ae33857d38e485e1796377e5a39eedeb3698631c47a587"
"working-tree-v11-phase4","55","classic","1","Logistics: Broken Junction","5","4","2","11","1","0","1","Normal","7","0.05","180.0","mixed","2","0","2","Classic","1;2;0","0;4;17","disabled","focus_loss","true","0","1","elimination","lab_elimination","63.149323","1263","0","0","472","384","25","0","0","da945a2f570f8a38441cdfd94101b0f8b907996946edb2f59166befc92f17adb","b4065440c47d69defd935b70e72a96c86b55f3ee946cb4d12e32e6115382414f"
"working-tree-v11-phase4","55","logistics","1","Logistics: Broken Junction","5","4","2","11","1","1","1","Normal","7","0.05","180.0","mixed","2","0","2","Classic","1;2;0","0;4;17","disabled","focus_win","true","2","0","elimination","lab_elimination","117.252556","2345","0","0","505","670","24","39","0","da945a2f570f8a38441cdfd94101b0f8b907996946edb2f59166befc92f17adb","4306f4b4567f3ad409f7a41beb6355cf09314c0a0121fb7548c4de33c431606d"
"working-tree-v11-phase4","56","classic","1","Logistics: Broken Junction","5","4","2","11","1","0","1","Normal","1000","0.05","180.0","mixed","2","0","2","Classic","1;2;0","0;4;17","disabled","focus_loss","true","0","1","elimination","lab_elimination","52.399487","1048","0","0","425","332","20","7","0","bccc4474cfe0c918216fe23b8b4b43030f8b65a04e92438ff04e9fd6188d8a67","a3625553d5d041d4e1dfb1a8bdea2e07a33e728dae6aa4d6cdd77eaa6b9c2381"
"working-tree-v11-phase4","56","logistics","1","Logistics: Broken Junction","5","4","2","11","1","1","1","Normal","1000","0.05","180.0","mixed","2","0","2","Classic","1;2;0","0;4;17","disabled","focus_loss","true","0","1","elimination","lab_elimination","67.44952","1349","0","0","495","437","24","9","0","bccc4474cfe0c918216fe23b8b4b43030f8b65a04e92438ff04e9fd6188d8a67","65ad51ef1f2fb1ea3e12addf4edfb688f545cdeb2bccf65a40a4834e94851f41"
"working-tree-v11-phase4","57","classic","1","Logistics: Broken Junction","5","4","2","11","1","0","1","Normal","0","0.05","180.0","mixed","2","1","2","Pressure","2;0;1","0;4;17","disabled","timeout","false","-1","-1","none","duration_cap","180.0","3600","0","0","1420","1674","49","32","0","db0eee92fe386b8d948a682c1bbd96533583c080bf499de1d5ed848abbc58a52","e3cf301b89c7166e1f5e5af10e33410d4e4cdafd222840e7169d44a8c9e295cf"
"working-tree-v11-phase4","57","logistics","1","Logistics: Broken Junction","5","4","2","11","1","1","1","Normal","0","0.05","180.0","mixed","2","1","2","Pressure","2;0;1","0;4;17","disabled","timeout","false","-1","-1","none","duration_cap","180.0","3600","0","0","1394","1580","39","97","0","db0eee92fe386b8d948a682c1bbd96533583c080bf499de1d5ed848abbc58a52","02f64270c3bf64500b6ef35449962736a6ad35f07bb438732ce399befb8dd12f"
"working-tree-v11-phase4","58","classic","1","Logistics: Broken Junction","5","4","2","11","1","0","1","Normal","7","0.05","180.0","mixed","2","1","2","Pressure","2;0;1","0;4;17","disabled","focus_loss","true","1","2","elimination","lab_elimination","149.80453","2996","0","0","946","1200","41","19","0","da945a2f570f8a38441cdfd94101b0f8b907996946edb2f59166befc92f17adb","f679ff713c03105cd5e6379642797555b7e87bc7c4b9bbcba8409d56f5cd8ec9"
"working-tree-v11-phase4","58","logistics","1","Logistics: Broken Junction","5","4","2","11","1","1","1","Normal","7","0.05","180.0","mixed","2","1","2","Pressure","2;0;1","0;4;17","disabled","timeout","false","-1","-1","none","duration_cap","180.0","3600","0","0","1383","1627","37","47","0","da945a2f570f8a38441cdfd94101b0f8b907996946edb2f59166befc92f17adb","efdd8fb67bc49cfd2d0e0c1273a9fa83e2d23dea806f00aeaae6af602c0c316b"
"working-tree-v11-phase4","59","classic","1","Logistics: Broken Junction","5","4","2","11","1","0","1","Normal","1000","0.05","180.0","mixed","2","1","2","Pressure","2;0;1","0;4;17","disabled","timeout","false","-1","-1","none","duration_cap","180.0","3600","0","0","262","363","15","16","0","bccc4474cfe0c918216fe23b8b4b43030f8b65a04e92438ff04e9fd6188d8a67","695473ec2e9495f06d7cfd2f53eef3caf61f0d1344cdb6230607e882451da034"
"working-tree-v11-phase4","59","logistics","1","Logistics: Broken Junction","5","4","2","11","1","1","1","Normal","1000","0.05","180.0","mixed","2","1","2","Pressure","2;0;1","0;4;17","disabled","focus_loss","true","0","1","elimination","lab_elimination","67.1495","1343","0","0","459","369","22","7","0","bccc4474cfe0c918216fe23b8b4b43030f8b65a04e92438ff04e9fd6188d8a67","8a214683ea8e88f672ae5413545b43b18e230d3a550d112545920f986a9e5ff4"
"working-tree-v11-phase4","60","classic","1","Logistics: Broken Junction","5","4","2","11","1","0","1","Normal","0","0.05","180.0","mixed","2","2","2","Guardian","0;1;2","0;4;17","disabled","timeout","false","-1","-1","none","duration_cap","180.0","3600","0","0","1382","1603","54","16","0","db0eee92fe386b8d948a682c1bbd96533583c080bf499de1d5ed848abbc58a52","87c3e02c43bc9195835dc0116bef35e1477e3bce6c233a30ff9383495d8398c0"
"working-tree-v11-phase4","60","logistics","1","Logistics: Broken Junction","5","4","2","11","1","1","1","Normal","0","0.05","180.0","mixed","2","2","2","Guardian","0;1;2","0;4;17","disabled","focus_loss","true","0","1","elimination","lab_elimination","128.90326","2578","0","0","966","1021","39","48","0","db0eee92fe386b8d948a682c1bbd96533583c080bf499de1d5ed848abbc58a52","80e8aae8f265792d93f29d1aaecdda53b858668815d2fc2628f2836e5c5749f1"
"working-tree-v11-phase4","61","classic","1","Logistics: Broken Junction","5","4","2","11","1","0","1","Normal","7","0.05","180.0","mixed","2","2","2","Guardian","0;1;2","0;4;17","disabled","focus_loss","true","1","2","elimination","lab_elimination","134.6036","2692","0","0","503","666","21","58","0","da945a2f570f8a38441cdfd94101b0f8b907996946edb2f59166befc92f17adb","5f6ab44c12060ec2267d3ed485fa61d59b46415c476336ccba6787ef22f35178"
"working-tree-v11-phase4","61","logistics","1","Logistics: Broken Junction","5","4","2","11","1","1","1","Normal","7","0.05","180.0","mixed","2","2","2","Guardian","0;1;2","0;4;17","disabled","timeout","false","-1","-1","none","duration_cap","180.0","3600","0","0","1439","1605","38","132","0","da945a2f570f8a38441cdfd94101b0f8b907996946edb2f59166befc92f17adb","4b45378a70f0c4b84f05f5db476b7c013b404a8bdb039c3b057b5a83ffa72128"
"working-tree-v11-phase4","62","classic","1","Logistics: Broken Junction","5","4","2","11","1","0","1","Normal","1000","0.05","180.0","mixed","2","2","2","Guardian","0;1;2","0;4;17","disabled","focus_loss","true","1","2","elimination","lab_elimination","108.402016","2168","0","0","161","232","10","32","0","bccc4474cfe0c918216fe23b8b4b43030f8b65a04e92438ff04e9fd6188d8a67","c2c0d416cfc896df2e84860e2eb78d01a7cc43f70b96c443feaa9ed52ac992a2"
"working-tree-v11-phase4","62","logistics","1","Logistics: Broken Junction","5","4","2","11","1","1","1","Normal","1000","0.05","180.0","mixed","2","2","2","Guardian","0;1;2","0;4;17","disabled","focus_loss","true","0","1","elimination","lab_elimination","154.2548","3085","0","0","1165","1277","38","63","0","bccc4474cfe0c918216fe23b8b4b43030f8b65a04e92438ff04e9fd6188d8a67","a5a2defed894f8b11ab632f3aac34eb4e63e810fe9481b78db11fe52a8dc29eb"
"working-tree-v11-phase4","63","classic","1","Logistics: Broken Junction","5","4","2","11","1","0","1","Normal","0","0.05","180.0","pressure_vs_guardians","0","0","0","Pressure","1;2;2","0;4;17","disabled","focus_win","true","0","0","elimination","lab_elimination","58.74939","1175","0","0","469","379","21","5","0","db0eee92fe386b8d948a682c1bbd96533583c080bf499de1d5ed848abbc58a52","0e6a36a8403dadc91b79945fb67f0531c26e7e9a9cc2c1c21bcb39edcc7b9e3d"
"working-tree-v11-phase4","63","logistics","1","Logistics: Broken Junction","5","4","2","11","1","1","1","Normal","0","0.05","180.0","pressure_vs_guardians","0","0","0","Pressure","1;2;2","0;4;17","disabled","focus_win","true","0","0","elimination","lab_elimination","129.35329","2587","0","0","1012","1049","32","100","0","db0eee92fe386b8d948a682c1bbd96533583c080bf499de1d5ed848abbc58a52","ea184a16c618648c9e31af437728aa4a9969049719c121b5dfa1c2a0a536499b"
"working-tree-v11-phase4","64","classic","1","Logistics: Broken Junction","5","4","2","11","1","0","1","Normal","7","0.05","180.0","pressure_vs_guardians","0","0","0","Pressure","1;2;2","0;4;17","disabled","focus_win","true","0","0","elimination","lab_elimination","94.20115","1884","0","0","750","717","33","12","0","da945a2f570f8a38441cdfd94101b0f8b907996946edb2f59166befc92f17adb","3a44e2c256a7afa784c90009f8987cafddb1edeb7105c43fd022c3bf9446f199"
"working-tree-v11-phase4","64","logistics","1","Logistics: Broken Junction","5","4","2","11","1","1","1","Normal","7","0.05","180.0","pressure_vs_guardians","0","0","0","Pressure","1;2;2","0;4;17","disabled","focus_loss","true","1","1","elimination","lab_elimination","100.10151","2002","0","0","306","408","13","16","0","da945a2f570f8a38441cdfd94101b0f8b907996946edb2f59166befc92f17adb","9d89590ca419137cf8a3ef5f3d8d9959cf7eccf198e33d8ada9c310b8c67f481"
"working-tree-v11-phase4","65","classic","1","Logistics: Broken Junction","5","4","2","11","1","0","1","Normal","1000","0.05","180.0","pressure_vs_guardians","0","0","0","Pressure","1;2;2","0;4;17","disabled","timeout","false","-1","-1","none","duration_cap","180.0","3600","0","0","1533","1698","53","76","0","bccc4474cfe0c918216fe23b8b4b43030f8b65a04e92438ff04e9fd6188d8a67","d758f6adf0ed305a030c89e48fd7e941149b20a2c8a6812f0365fb8b85729d38"
"working-tree-v11-phase4","65","logistics","1","Logistics: Broken Junction","5","4","2","11","1","1","1","Normal","1000","0.05","180.0","pressure_vs_guardians","0","0","0","Pressure","1;2;2","0;4;17","disabled","focus_win","true","0","0","elimination","lab_elimination","82.000404","1640","0","0","587","550","26","12","0","bccc4474cfe0c918216fe23b8b4b43030f8b65a04e92438ff04e9fd6188d8a67","f78f3f07dcfa70fe8cc89def283c1d488556e792fdefa10a5c879bee94fc456b"
"working-tree-v11-phase4","66","classic","1","Logistics: Broken Junction","5","4","2","11","1","0","1","Normal","0","0.05","180.0","pressure_vs_guardians","0","1","0","Guardian","2;0;0","0;4;17","disabled","timeout","false","-1","-1","none","duration_cap","180.0","3600","0","0","1383","1552","50","53","0","db0eee92fe386b8d948a682c1bbd96533583c080bf499de1d5ed848abbc58a52","db49ede4815ba445f865cef28b78e6a588989a55e72b232773291151b6c17e27"
"working-tree-v11-phase4","66","logistics","1","Logistics: Broken Junction","5","4","2","11","1","1","1","Normal","0","0.05","180.0","pressure_vs_guardians","0","1","0","Guardian","2;0;0","0;4;17","disabled","focus_win","true","0","0","elimination","lab_elimination","102.35165","2047","0","0","677","647","30","39","0","db0eee92fe386b8d948a682c1bbd96533583c080bf499de1d5ed848abbc58a52","d0a11662884260f61d7b033d8ba91f293c3d0b11cf3f9fac5516baf5e1a156b7"
"working-tree-v11-phase4","67","classic","1","Logistics: Broken Junction","5","4","2","11","1","0","1","Normal","7","0.05","180.0","pressure_vs_guardians","0","1","0","Guardian","2;0;0","0;4;17","disabled","focus_loss","true","1","1","elimination","lab_elimination","149.80453","2996","0","0","946","1200","41","19","0","da945a2f570f8a38441cdfd94101b0f8b907996946edb2f59166befc92f17adb","f679ff713c03105cd5e6379642797555b7e87bc7c4b9bbcba8409d56f5cd8ec9"
"working-tree-v11-phase4","67","logistics","1","Logistics: Broken Junction","5","4","2","11","1","1","1","Normal","7","0.05","180.0","pressure_vs_guardians","0","1","0","Guardian","2;0;0","0;4;17","disabled","timeout","false","-1","-1","none","duration_cap","180.0","3600","0","0","1383","1627","37","47","0","da945a2f570f8a38441cdfd94101b0f8b907996946edb2f59166befc92f17adb","efdd8fb67bc49cfd2d0e0c1273a9fa83e2d23dea806f00aeaae6af602c0c316b"
"working-tree-v11-phase4","68","classic","1","Logistics: Broken Junction","5","4","2","11","1","0","1","Normal","1000","0.05","180.0","pressure_vs_guardians","0","1","0","Guardian","2;0;0","0;4;17","disabled","focus_loss","true","1","1","elimination","lab_elimination","172.75594","3455","0","0","631","849","37","28","0","bccc4474cfe0c918216fe23b8b4b43030f8b65a04e92438ff04e9fd6188d8a67","0486c5ed3ff3967649cf2ca4ed5a8578104434637bc4c0c2ec9e367becbe79c1"
"working-tree-v11-phase4","68","logistics","1","Logistics: Broken Junction","5","4","2","11","1","1","1","Normal","1000","0.05","180.0","pressure_vs_guardians","0","1","0","Guardian","2;0;0","0;4;17","disabled","focus_win","true","0","0","elimination","lab_elimination","91.851006","1837","0","0","601","527","25","17","0","bccc4474cfe0c918216fe23b8b4b43030f8b65a04e92438ff04e9fd6188d8a67","b1aa53416dfba442a2827d981bdb4c1d67280a031ec96155a5e5368e0ca7b494"
"working-tree-v11-phase4","69","classic","1","Logistics: Broken Junction","5","4","2","11","1","0","1","Normal","0","0.05","180.0","pressure_vs_guardians","0","2","0","Classic","0;1;1","0;4;17","disabled","focus_loss","true","2","2","elimination","lab_elimination","146.0043","2920","0","0","1015","1341","23","37","0","db0eee92fe386b8d948a682c1bbd96533583c080bf499de1d5ed848abbc58a52","24abc0e40613dfb93e9b0eb3eda7c365f103585f94fa45b99e5b46bf6ad3ec51"
"working-tree-v11-phase4","69","logistics","1","Logistics: Broken Junction","5","4","2","11","1","1","1","Normal","0","0.05","180.0","pressure_vs_guardians","0","2","0","Classic","0;1;1","0;4;17","disabled","timeout","false","-1","-1","none","duration_cap","180.0","3600","0","0","1297","1439","38","135","0","db0eee92fe386b8d948a682c1bbd96533583c080bf499de1d5ed848abbc58a52","54d374671bbcca97da324bf51694a824bab5bbea90a83a35e1add4f43c6348bf"
"working-tree-v11-phase4","70","classic","1","Logistics: Broken Junction","5","4","2","11","1","0","1","Normal","7","0.05","180.0","pressure_vs_guardians","0","2","0","Classic","0;1;1","0;4;17","disabled","focus_loss","true","2","2","elimination","lab_elimination","63.149323","1263","0","0","70","100","5","1","0","da945a2f570f8a38441cdfd94101b0f8b907996946edb2f59166befc92f17adb","6e25fe1c4a743a1ae2fb324d491d82507c9635f63857c020298c06caa141744c"
"working-tree-v11-phase4","70","logistics","1","Logistics: Broken Junction","5","4","2","11","1","1","1","Normal","7","0.05","180.0","pressure_vs_guardians","0","2","0","Classic","0;1;1","0;4;17","disabled","timeout","false","-1","-1","none","duration_cap","180.0","3600","0","0","1402","1673","35","105","0","da945a2f570f8a38441cdfd94101b0f8b907996946edb2f59166befc92f17adb","b289cf629c839649f8513030fb38aaba0c85fd5592785b5b2f377e24ff0f5195"
"working-tree-v11-phase4","71","classic","1","Logistics: Broken Junction","5","4","2","11","1","0","1","Normal","1000","0.05","180.0","pressure_vs_guardians","0","2","0","Classic","0;1;1","0;4;17","disabled","focus_loss","true","2","2","elimination","lab_elimination","64.54934","1291","0","0","149","217","11","7","0","bccc4474cfe0c918216fe23b8b4b43030f8b65a04e92438ff04e9fd6188d8a67","b1bf746d1d476a2280bec77d555519ca988c404074b6261145bf729f53662ea3"
"working-tree-v11-phase4","71","logistics","1","Logistics: Broken Junction","5","4","2","11","1","1","1","Normal","1000","0.05","180.0","pressure_vs_guardians","0","2","0","Classic","0;1;1","0;4;17","disabled","focus_win","true","0","0","elimination","lab_elimination","103.40171","2068","0","0","723","690","30","53","0","bccc4474cfe0c918216fe23b8b4b43030f8b65a04e92438ff04e9fd6188d8a67","1d51c1151848516f1f8dbcf38f676830c6662a777aabe7a6a5c43844ae47ee30"
"working-tree-v11-phase4","72","classic","1","Logistics: Broken Junction","5","4","2","11","1","0","1","Normal","0","0.05","180.0","pressure_vs_guardians","1","0","1","Pressure","2;1;2","0;4;17","disabled","focus_loss","true","0","2","elimination","lab_elimination","96.30128","1926","0","0","668","612","35","28","0","db0eee92fe386b8d948a682c1bbd96533583c080bf499de1d5ed848abbc58a52","51bf4008d4a8adab81140455abbee8904ea324d7535f1250c46ba06c78bd1123"
"working-tree-v11-phase4","72","logistics","1","Logistics: Broken Junction","5","4","2","11","1","1","1","Normal","0","0.05","180.0","pressure_vs_guardians","1","0","1","Pressure","2;1;2","0;4;17","disabled","focus_loss","true","0","2","elimination","lab_elimination","102.75167","2055","0","0","698","682","26","49","0","db0eee92fe386b8d948a682c1bbd96533583c080bf499de1d5ed848abbc58a52","2754289dfc4a3886af2980b1726181d1c9016cb5f772e20b36ccd0a15eac94f9"
"working-tree-v11-phase4","73","classic","1","Logistics: Broken Junction","5","4","2","11","1","0","1","Normal","7","0.05","180.0","pressure_vs_guardians","1","0","1","Pressure","2;1;2","0;4;17","disabled","timeout","false","-1","-1","none","duration_cap","180.0","3600","0","0","1129","1455","41","66","0","da945a2f570f8a38441cdfd94101b0f8b907996946edb2f59166befc92f17adb","013025f5b5fda790d7d69ff4b893114fed0998f43051210574aa3b836748404b"
"working-tree-v11-phase4","73","logistics","1","Logistics: Broken Junction","5","4","2","11","1","1","1","Normal","7","0.05","180.0","pressure_vs_guardians","1","0","1","Pressure","2;1;2","0;4;17","disabled","timeout","false","-1","-1","none","duration_cap","180.0","3600","0","0","1284","1548","35","91","0","da945a2f570f8a38441cdfd94101b0f8b907996946edb2f59166befc92f17adb","d43e3233fd1a9883e65913d993fa7ee13c351a1f80b4c50f4c80286c0213a7c6"
"working-tree-v11-phase4","74","classic","1","Logistics: Broken Junction","5","4","2","11","1","0","1","Normal","1000","0.05","180.0","pressure_vs_guardians","1","0","1","Pressure","2;1;2","0;4;17","disabled","focus_win","true","1","0","elimination","lab_elimination","74.49995","1490","0","0","238","359","13","13","0","bccc4474cfe0c918216fe23b8b4b43030f8b65a04e92438ff04e9fd6188d8a67","b534cc4305f2d8a3b74bc2a85e15a620c749a1d7aebe014f6e6941327a17796a"
"working-tree-v11-phase4","74","logistics","1","Logistics: Broken Junction","5","4","2","11","1","1","1","Normal","1000","0.05","180.0","pressure_vs_guardians","1","0","1","Pressure","2;1;2","0;4;17","disabled","timeout","false","-1","-1","none","duration_cap","180.0","3600","0","0","1361","1561","43","76","0","bccc4474cfe0c918216fe23b8b4b43030f8b65a04e92438ff04e9fd6188d8a67","3d0fa6d873e7f6bd73c6dfa99fa1f8fae1498bc917279e22a60ce9358d5161f1"
"working-tree-v11-phase4","75","classic","1","Logistics: Broken Junction","5","4","2","11","1","0","1","Normal","0","0.05","180.0","pressure_vs_guardians","1","1","1","Guardian","0;2;0","0;4;17","disabled","focus_loss","true","0","2","elimination","lab_elimination","139.00388","2780","0","0","1050","1091","44","21","0","db0eee92fe386b8d948a682c1bbd96533583c080bf499de1d5ed848abbc58a52","9b94816dc64d68d1e4610fa1da6e5cdc2ea269c34a2f3a3350f76cbc2f85ab45"
"working-tree-v11-phase4","75","logistics","1","Logistics: Broken Junction","5","4","2","11","1","1","1","Normal","0","0.05","180.0","pressure_vs_guardians","1","1","1","Guardian","0;2;0","0;4;17","disabled","focus_loss","true","0","2","elimination","lab_elimination","120.852776","2417","0","0","861","864","34","44","0","db0eee92fe386b8d948a682c1bbd96533583c080bf499de1d5ed848abbc58a52","496bafa9564f43b8f0faa966f3bedf8792c968f73c1b13be1b2fbe22ed12542f"
"working-tree-v11-phase4","76","classic","1","Logistics: Broken Junction","5","4","2","11","1","0","1","Normal","7","0.05","180.0","pressure_vs_guardians","1","1","1","Guardian","0;2;0","0;4;17","disabled","timeout","false","-1","-1","none","duration_cap","180.0","3600","0","0","1328","1482","49","67","0","da945a2f570f8a38441cdfd94101b0f8b907996946edb2f59166befc92f17adb","401958c1d7f48315642cf0d742415623b1fba3e54165c803280a14e677cd025b"
"working-tree-v11-phase4","76","logistics","1","Logistics: Broken Junction","5","4","2","11","1","1","1","Normal","7","0.05","180.0","pressure_vs_guardians","1","1","1","Guardian","0;2;0","0;4;17","disabled","focus_loss","true","0","2","elimination","lab_elimination","166.90558","3338","0","0","1223","1306","43","84","0","da945a2f570f8a38441cdfd94101b0f8b907996946edb2f59166befc92f17adb","2e572bd1645e244d355a957f5b0d7e0d372b2c386f99ebe753ae2a4d7425ce68"
"working-tree-v11-phase4","77","classic","1","Logistics: Broken Junction","5","4","2","11","1","0","1","Normal","1000","0.05","180.0","pressure_vs_guardians","1","1","1","Guardian","0;2;0","0;4;17","disabled","focus_loss","true","0","2","elimination","lab_elimination","72.849846","1457","0","0","529","443","29","0","0","bccc4474cfe0c918216fe23b8b4b43030f8b65a04e92438ff04e9fd6188d8a67","d9bc122054ae27747905026c6b579419593ae4539c7d803cb27dc356875b18b1"
"working-tree-v11-phase4","77","logistics","1","Logistics: Broken Junction","5","4","2","11","1","1","1","Normal","1000","0.05","180.0","pressure_vs_guardians","1","1","1","Guardian","0;2;0","0;4;17","disabled","focus_loss","true","0","2","elimination","lab_elimination","71.64977","1433","0","0","512","414","21","13","0","bccc4474cfe0c918216fe23b8b4b43030f8b65a04e92438ff04e9fd6188d8a67","2fc96d30b0fbaa52866c8e2676cb557f7fac59c0737c6ceed42093e598109928"
"working-tree-v11-phase4","78","classic","1","Logistics: Broken Junction","5","4","2","11","1","0","1","Normal","0","0.05","180.0","pressure_vs_guardians","1","2","1","Classic","1;0;1","0;4;17","disabled","focus_loss","true","0","2","elimination","lab_elimination","85.65063","1713","0","0","663","648","27","34","0","db0eee92fe386b8d948a682c1bbd96533583c080bf499de1d5ed848abbc58a52","bf843a4a12893c790e8debfb1aae12279e3481de278e237ba6ddb4eeba12acac"
"working-tree-v11-phase4","78","logistics","1","Logistics: Broken Junction","5","4","2","11","1","1","1","Normal","0","0.05","180.0","pressure_vs_guardians","1","2","1","Classic","1;0;1","0;4;17","disabled","focus_loss","true","0","2","elimination","lab_elimination","123.05291","2461","0","0","900","986","32","39","0","db0eee92fe386b8d948a682c1bbd96533583c080bf499de1d5ed848abbc58a52","a5772f71689b0d30af2e4dc2768588c6a23215cf1ec1878c759768273e6591f4"
"working-tree-v11-phase4","79","classic","1","Logistics: Broken Junction","5","4","2","11","1","0","1","Normal","7","0.05","180.0","pressure_vs_guardians","1","2","1","Classic","1;0;1","0;4;17","disabled","focus_loss","true","2","1","elimination","lab_elimination","56.349426","1127","0","0","154","226","10","14","0","da945a2f570f8a38441cdfd94101b0f8b907996946edb2f59166befc92f17adb","45af3881b9c618a9e26177f6d9dcb450793fb6538e78641c9b2de9c0c35918df"
"working-tree-v11-phase4","79","logistics","1","Logistics: Broken Junction","5","4","2","11","1","1","1","Normal","7","0.05","180.0","pressure_vs_guardians","1","2","1","Classic","1;0;1","0;4;17","disabled","timeout","false","-1","-1","none","duration_cap","180.0","3600","0","0","1434","1717","36","135","0","da945a2f570f8a38441cdfd94101b0f8b907996946edb2f59166befc92f17adb","592bdf853e8c919e6badb0d4f7e2cf46e8a37d4eac9a26d5c7d78f521817b63a"
"working-tree-v11-phase4","80","classic","1","Logistics: Broken Junction","5","4","2","11","1","0","1","Normal","1000","0.05","180.0","pressure_vs_guardians","1","2","1","Classic","1;0;1","0;4;17","disabled","focus_loss","true","2","1","elimination","lab_elimination","54.999447","1100","0","0","110","165","6","0","0","bccc4474cfe0c918216fe23b8b4b43030f8b65a04e92438ff04e9fd6188d8a67","3f5294f126169f09f9ecca7832385ca5f73d9cc1c5f7ecda87d05ef4a9f95713"
"working-tree-v11-phase4","80","logistics","1","Logistics: Broken Junction","5","4","2","11","1","1","1","Normal","1000","0.05","180.0","pressure_vs_guardians","1","2","1","Classic","1;0;1","0;4;17","disabled","focus_loss","true","0","2","elimination","lab_elimination","98.10139","1962","0","0","712","737","29","14","0","bccc4474cfe0c918216fe23b8b4b43030f8b65a04e92438ff04e9fd6188d8a67","bcca43bb6a00fa8db44f38d33cc1690dd812d57682ffa44107bde3c24a189ce0"
"working-tree-v11-phase4","81","classic","1","Logistics: Broken Junction","5","4","2","11","1","0","1","Normal","0","0.05","180.0","pressure_vs_guardians","2","0","2","Pressure","2;2;1","0;4;17","disabled","focus_win","true","2","0","elimination","lab_elimination","60.849358","1217","0","0","231","308","13","15","0","db0eee92fe386b8d948a682c1bbd96533583c080bf499de1d5ed848abbc58a52","e36db72835e9716f5699a46e26291e0fd25a2ef03e22dcd333aa4e99ae76f2b6"
"working-tree-v11-phase4","81","logistics","1","Logistics: Broken Junction","5","4","2","11","1","1","1","Normal","0","0.05","180.0","pressure_vs_guardians","2","0","2","Pressure","2;2;1","0;4;17","disabled","timeout","false","-1","-1","none","duration_cap","180.0","3600","0","0","1521","1684","35","71","0","db0eee92fe386b8d948a682c1bbd96533583c080bf499de1d5ed848abbc58a52","f652d0e87283f4f84f0925d6c8f40453767c35be82587c852928df4c9b794bc5"
"working-tree-v11-phase4","82","classic","1","Logistics: Broken Junction","5","4","2","11","1","0","1","Normal","7","0.05","180.0","pressure_vs_guardians","2","0","2","Pressure","2;2;1","0;4;17","disabled","timeout","false","-1","-1","none","duration_cap","180.0","3600","0","0","1177","1615","42","59","0","da945a2f570f8a38441cdfd94101b0f8b907996946edb2f59166befc92f17adb","595824f42b8e9548a7c42fd028c4600101dbdd569f45bc0c682de818bd2780c6"
"working-tree-v11-phase4","82","logistics","1","Logistics: Broken Junction","5","4","2","11","1","1","1","Normal","7","0.05","180.0","pressure_vs_guardians","2","0","2","Pressure","2;2;1","0;4;17","disabled","focus_loss","true","0","1","elimination","lab_elimination","104.35177","2087","0","0","720","701","26","29","0","da945a2f570f8a38441cdfd94101b0f8b907996946edb2f59166befc92f17adb","3be2e607db24434d34be15a6f79e2a586e6589c35eeb00f8e344a37f16167a33"
"working-tree-v11-phase4","83","classic","1","Logistics: Broken Junction","5","4","2","11","1","0","1","Normal","1000","0.05","180.0","pressure_vs_guardians","2","0","2","Pressure","2;2;1","0;4;17","disabled","focus_loss","true","0","1","elimination","lab_elimination","88.35079","1767","0","0","623","556","32","6","0","bccc4474cfe0c918216fe23b8b4b43030f8b65a04e92438ff04e9fd6188d8a67","233f6ee2e96d8b69dd279c5363b29fb2769f2765ca6fce7ad79f5210989f0e09"
"working-tree-v11-phase4","83","logistics","1","Logistics: Broken Junction","5","4","2","11","1","1","1","Normal","1000","0.05","180.0","pressure_vs_guardians","2","0","2","Pressure","2;2;1","0;4;17","disabled","timeout","false","-1","-1","none","duration_cap","180.0","3600","0","0","1287","1384","39","72","0","bccc4474cfe0c918216fe23b8b4b43030f8b65a04e92438ff04e9fd6188d8a67","6de09a7aafa4642d22a532083f5a756b77784c8d4aae1a2295eea4d7920cb014"
"working-tree-v11-phase4","84","classic","1","Logistics: Broken Junction","5","4","2","11","1","0","1","Normal","0","0.05","180.0","pressure_vs_guardians","2","1","2","Guardian","0;0;2","0;4;17","disabled","timeout","false","-1","-1","none","duration_cap","180.0","3600","0","0","1400","1556","63","112","0","db0eee92fe386b8d948a682c1bbd96533583c080bf499de1d5ed848abbc58a52","3584fd929a3705490a2c34b755437e7109be0e80d58b807d085270ef4633ddc4"
"working-tree-v11-phase4","84","logistics","1","Logistics: Broken Junction","5","4","2","11","1","1","1","Normal","0","0.05","180.0","pressure_vs_guardians","2","1","2","Guardian","0;0;2","0;4;17","disabled","timeout","false","-1","-1","none","duration_cap","180.0","3600","0","0","1256","1463","31","162","0","db0eee92fe386b8d948a682c1bbd96533583c080bf499de1d5ed848abbc58a52","9b75c6553275e375f5f52edb1c25dd0a300dec00b280cc207cc4acbae181a786"
"working-tree-v11-phase4","85","classic","1","Logistics: Broken Junction","5","4","2","11","1","0","1","Normal","7","0.05","180.0","pressure_vs_guardians","2","1","2","Guardian","0;0;2","0;4;17","disabled","focus_loss","true","0","1","elimination","lab_elimination","163.55537","3271","0","0","1166","1171","56","23","0","da945a2f570f8a38441cdfd94101b0f8b907996946edb2f59166befc92f17adb","73c82e17ca492370c939b9c41cea597f147408a74baeb302d6f5dd2ae2bff9f5"
"working-tree-v11-phase4","85","logistics","1","Logistics: Broken Junction","5","4","2","11","1","1","1","Normal","7","0.05","180.0","pressure_vs_guardians","2","1","2","Guardian","0;0;2","0;4;17","disabled","timeout","false","-1","-1","none","duration_cap","180.0","3600","0","0","1374","1609","32","66","0","da945a2f570f8a38441cdfd94101b0f8b907996946edb2f59166befc92f17adb","3d0480dc8f8d18ff55d0749a5fccdbfeec57aa169ced267a1db73e3f05b7602f"
"working-tree-v11-phase4","86","classic","1","Logistics: Broken Junction","5","4","2","11","1","0","1","Normal","1000","0.05","180.0","pressure_vs_guardians","2","1","2","Guardian","0;0;2","0;4;17","disabled","focus_loss","true","0","1","elimination","lab_elimination","116.80253","2336","0","0","907","859","35","37","0","bccc4474cfe0c918216fe23b8b4b43030f8b65a04e92438ff04e9fd6188d8a67","e904df11227369275b3d8fe97affcdfbebccbeee43bfac4abb31a6d95050f59f"
"working-tree-v11-phase4","86","logistics","1","Logistics: Broken Junction","5","4","2","11","1","1","1","Normal","1000","0.05","180.0","pressure_vs_guardians","2","1","2","Guardian","0;0;2","0;4;17","disabled","timeout","false","-1","-1","none","duration_cap","180.0","3600","0","0","1338","1539","41","71","0","bccc4474cfe0c918216fe23b8b4b43030f8b65a04e92438ff04e9fd6188d8a67","082f4553430fd39919336924145c204f126e83dc1c0797c4dcf4ea8e0d542cea"
"working-tree-v11-phase4","87","classic","1","Logistics: Broken Junction","5","4","2","11","1","0","1","Normal","0","0.05","180.0","pressure_vs_guardians","2","2","2","Classic","1;1;0","0;4;17","disabled","timeout","false","-1","-1","none","duration_cap","180.0","3600","0","0","1378","1585","33","113","0","db0eee92fe386b8d948a682c1bbd96533583c080bf499de1d5ed848abbc58a52","150614738e528accbcb27049f020c1653a1515b190c0b582946b369d590e05b1"
"working-tree-v11-phase4","87","logistics","1","Logistics: Broken Junction","5","4","2","11","1","1","1","Normal","0","0.05","180.0","pressure_vs_guardians","2","2","2","Classic","1;1;0","0;4;17","disabled","focus_loss","true","0","1","elimination","lab_elimination","88.05077","1761","0","0","617","597","26","24","0","db0eee92fe386b8d948a682c1bbd96533583c080bf499de1d5ed848abbc58a52","5ca0b3d71d252ac02442a6dc916ff4df5a433add22e947b2c3d87b6ec9a8ee7c"
"working-tree-v11-phase4","88","classic","1","Logistics: Broken Junction","5","4","2","11","1","0","1","Normal","7","0.05","180.0","pressure_vs_guardians","2","2","2","Classic","1;1;0","0;4;17","disabled","focus_loss","true","1","2","elimination","lab_elimination","62.74933","1255","0","0","152","214","11","3","0","da945a2f570f8a38441cdfd94101b0f8b907996946edb2f59166befc92f17adb","a24b8b91f96541240321989eae7b8584dd392ec7568f15589b7fd633ab34d94c"
"working-tree-v11-phase4","88","logistics","1","Logistics: Broken Junction","5","4","2","11","1","1","1","Normal","7","0.05","180.0","pressure_vs_guardians","2","2","2","Classic","1;1;0","0;4;17","disabled","timeout","false","-1","-1","none","duration_cap","180.0","3600","0","0","1347","1474","42","110","0","da945a2f570f8a38441cdfd94101b0f8b907996946edb2f59166befc92f17adb","d0548b1d445bf6f203cd0a48739db2b4cee766d3e2864260e34df2c57e3e2291"
"working-tree-v11-phase4","89","classic","1","Logistics: Broken Junction","5","4","2","11","1","0","1","Normal","1000","0.05","180.0","pressure_vs_guardians","2","2","2","Classic","1;1;0","0;4;17","disabled","focus_loss","true","1","2","elimination","lab_elimination","78.6502","1573","0","0","259","365","15","8","0","bccc4474cfe0c918216fe23b8b4b43030f8b65a04e92438ff04e9fd6188d8a67","df5412da617c83647f7f7e28a68f50349f4b4c05c2c548afa2afdb507ca1584b"
"working-tree-v11-phase4","89","logistics","1","Logistics: Broken Junction","5","4","2","11","1","1","1","Normal","1000","0.05","180.0","pressure_vs_guardians","2","2","2","Classic","1;1;0","0;4;17","disabled","focus_loss","true","0","1","elimination","lab_elimination","73.19987","1464","0","0","498","422","24","5","0","bccc4474cfe0c918216fe23b8b4b43030f8b65a04e92438ff04e9fd6188d8a67","336f2ddc98a4d43d3c46c3f24f53e795d811e3ff36673c8994be2e29bb915d11"
"working-tree-v11-phase4","90","classic","2","Logistics: Crown Circuit","6","4","3","11","1","0","1","Normal","0","0.05","180.0","mixed","0","0","0","Classic","0;1;2;0","0;23;5;18","disabled","timeout","false","-1","-1","none","duration_cap","180.0","3600","0","0","256","330","12","23","0","7b434e119a8d6072d92700903c98b80520244d94e77677befa20bbd314e8eab9","042ef3dc88393617a8b90d6fc48d340de943dedff01e50fd1b670909af1546c6"
"working-tree-v11-phase4","90","logistics","2","Logistics: Crown Circuit","6","4","3","11","1","1","1","Normal","0","0.05","180.0","mixed","0","0","0","Classic","0;1;2;0","0;23;5;18","disabled","focus_win","true","0","0","elimination","lab_elimination","120.55276","2411","0","0","864","784","37","41","0","7b434e119a8d6072d92700903c98b80520244d94e77677befa20bbd314e8eab9","bbe04328045b59ddade37d4945590e7bba7db7eb33768c40cfead7570973524f"
"working-tree-v11-phase4","91","classic","2","Logistics: Crown Circuit","6","4","3","11","1","0","1","Normal","7","0.05","180.0","mixed","0","0","0","Classic","0;1;2;0","0;23;5;18","disabled","focus_win","true","0","0","elimination","lab_elimination","142.10406","2842","0","0","972","1000","39","42","0","c0ea46800e96ebf1ed6345af63ba9a695430152b08e0cc37ff1c3105b893a3a2","104705d657209c0a7bf58b5d9b0231e235f07542d49b94aa7364a1dc42e5dbb5"
"working-tree-v11-phase4","91","logistics","2","Logistics: Crown Circuit","6","4","3","11","1","1","1","Normal","7","0.05","180.0","mixed","0","0","0","Classic","0;1;2;0","0;23;5;18","disabled","focus_loss","true","1","1","elimination","lab_elimination","111.30219","2226","0","0","331","487","18","7","0","c0ea46800e96ebf1ed6345af63ba9a695430152b08e0cc37ff1c3105b893a3a2","04502554e1601da7c542fae1582a706255de736fa2cc8ef9a6aa415813848e53"
"working-tree-v11-phase4","92","classic","2","Logistics: Crown Circuit","6","4","3","11","1","0","1","Normal","1000","0.05","180.0","mixed","0","0","0","Classic","0;1;2;0","0;23;5;18","disabled","timeout","false","-1","-1","none","duration_cap","180.0","3600","0","0","129","176","6","1","0","e2d8595b3bf059d8c997f5d50418df202533626b25e38ae7b5fee4f838113370","57f0a57f2808d24be0aefe04da1737e35966aa2b444215b015d07d265f046fb4"
"working-tree-v11-phase4","92","logistics","2","Logistics: Crown Circuit","6","4","3","11","1","1","1","Normal","1000","0.05","180.0","mixed","0","0","0","Classic","0;1;2;0","0;23;5;18","disabled","timeout","false","-1","-1","none","duration_cap","180.0","3600","0","0","1438","1488","39","79","0","e2d8595b3bf059d8c997f5d50418df202533626b25e38ae7b5fee4f838113370","2b40b7f55708ff22c0d73eac3ccb0e28200d2d6e945d021f133be542844ce69c"
"working-tree-v11-phase4","93","classic","2","Logistics: Crown Circuit","6","4","3","11","1","0","1","Normal","0","0.05","180.0","mixed","0","1","0","Pressure","1;2;0;1","0;23;5;18","disabled","timeout","false","-1","-1","none","duration_cap","180.0","3600","0","0","91","157","3","6","0","7b434e119a8d6072d92700903c98b80520244d94e77677befa20bbd314e8eab9","821224f008dc596f46ae32af00a0cdaa686fba1eb4924ffc17a18baf6e8f196f"
"working-tree-v11-phase4","93","logistics","2","Logistics: Crown Circuit","6","4","3","11","1","1","1","Normal","0","0.05","180.0","mixed","0","1","0","Pressure","1;2;0;1","0;23;5;18","disabled","focus_win","true","0","0","elimination","lab_elimination","126.50312","2530","0","0","971","974","34","83","0","7b434e119a8d6072d92700903c98b80520244d94e77677befa20bbd314e8eab9","71fe1a1dd721945219388a32cbf29b3a136e91dde3f543a2baf7e4d2c83aa0e4"
"working-tree-v11-phase4","94","classic","2","Logistics: Crown Circuit","6","4","3","11","1","0","1","Normal","7","0.05","180.0","mixed","0","1","0","Pressure","1;2;0;1","0;23;5;18","disabled","focus_loss","true","3","3","elimination","lab_elimination","74.19993","1484","0","0","142","205","10","6","0","c0ea46800e96ebf1ed6345af63ba9a695430152b08e0cc37ff1c3105b893a3a2","ecd958754ecaf3a2c51cd36d575a4bb3e130d20c76dc5ad4e1b6940b961ccff0"
"working-tree-v11-phase4","94","logistics","2","Logistics: Crown Circuit","6","4","3","11","1","1","1","Normal","7","0.05","180.0","mixed","0","1","0","Pressure","1;2;0;1","0;23;5;18","disabled","focus_win","true","0","0","elimination","lab_elimination","131.2034","2624","0","0","1044","1054","35","62","0","c0ea46800e96ebf1ed6345af63ba9a695430152b08e0cc37ff1c3105b893a3a2","356eba88c53728bae04cb104dbe09c93664eaeefc409a11713d983331095fa6e"
"working-tree-v11-phase4","95","classic","2","Logistics: Crown Circuit","6","4","3","11","1","0","1","Normal","1000","0.05","180.0","mixed","0","1","0","Pressure","1;2;0;1","0;23;5;18","disabled","focus_loss","true","3","3","elimination","lab_elimination","76.25005","1525","0","0","236","362","10","4","0","e2d8595b3bf059d8c997f5d50418df202533626b25e38ae7b5fee4f838113370","4fab7c46aa4159d0b68c468479540b559ab5125600febd8160651d5872bf5e7a"
"working-tree-v11-phase4","95","logistics","2","Logistics: Crown Circuit","6","4","3","11","1","1","1","Normal","1000","0.05","180.0","mixed","0","1","0","Pressure","1;2;0;1","0;23;5;18","disabled","timeout","false","-1","-1","none","duration_cap","180.0","3600","0","0","203","280","10","14","0","e2d8595b3bf059d8c997f5d50418df202533626b25e38ae7b5fee4f838113370","7b60e98342197d83e8ac0b7c31221bbda231522408009f08ef5a8a159b54c8c1"
"working-tree-v11-phase4","96","classic","2","Logistics: Crown Circuit","6","4","3","11","1","0","1","Normal","0","0.05","180.0","mixed","0","2","0","Guardian","2;0;1;2","0;23;5;18","disabled","timeout","false","-1","-1","none","duration_cap","180.0","3600","0","0","170","238","9","0","0","7b434e119a8d6072d92700903c98b80520244d94e77677befa20bbd314e8eab9","9dd023778e790d4ef87a4d688a19deffb6118051954aac7f3f8ec08965e245d4"
"working-tree-v11-phase4","96","logistics","2","Logistics: Crown Circuit","6","4","3","11","1","1","1","Normal","0","0.05","180.0","mixed","0","2","0","Guardian","2;0;1;2","0;23;5;18","disabled","timeout","false","-1","-1","none","duration_cap","180.0","3600","0","0","1248","1536","35","150","0","7b434e119a8d6072d92700903c98b80520244d94e77677befa20bbd314e8eab9","4e1f8a93dd5bf689a59612d8f9b96ad553455f3ed9bf6d8bc2ef4aff822d19d9"
"working-tree-v11-phase4","97","classic","2","Logistics: Crown Circuit","6","4","3","11","1","0","1","Normal","7","0.05","180.0","mixed","0","2","0","Guardian","2;0;1;2","0;23;5;18","disabled","focus_loss","true","2","2","elimination","lab_elimination","58.449394","1169","0","0","225","328","13","12","0","c0ea46800e96ebf1ed6345af63ba9a695430152b08e0cc37ff1c3105b893a3a2","63bb32cf6d076067c0ffdc4696e5e03a9fb29eb1a24d85913dfa4032541224da"
"working-tree-v11-phase4","97","logistics","2","Logistics: Crown Circuit","6","4","3","11","1","1","1","Normal","7","0.05","180.0","mixed","0","2","0","Guardian","2;0;1;2","0;23;5;18","disabled","timeout","false","-1","-1","none","duration_cap","180.0","3600","0","0","1235","1404","33","57","0","c0ea46800e96ebf1ed6345af63ba9a695430152b08e0cc37ff1c3105b893a3a2","47c65bf5fa5b23cb0fb6457d59c40b3d3dac526a27e29904a38f4f2d927dca6d"
"working-tree-v11-phase4","98","classic","2","Logistics: Crown Circuit","6","4","3","11","1","0","1","Normal","1000","0.05","180.0","mixed","0","2","0","Guardian","2;0;1;2","0;23;5;18","disabled","timeout","false","-1","-1","none","duration_cap","180.0","3600","0","0","1281","1622","42","81","0","e2d8595b3bf059d8c997f5d50418df202533626b25e38ae7b5fee4f838113370","d6b52467f395b43a1a1e91033a897506fc0c20e2d498be17fbd921abb38c0394"
"working-tree-v11-phase4","98","logistics","2","Logistics: Crown Circuit","6","4","3","11","1","1","1","Normal","1000","0.05","180.0","mixed","0","2","0","Guardian","2;0;1;2","0;23;5;18","disabled","timeout","false","-1","-1","none","duration_cap","180.0","3600","0","0","371","485","18","34","0","e2d8595b3bf059d8c997f5d50418df202533626b25e38ae7b5fee4f838113370","be6271ea9c84dd135dde76663d048a79a545fc99f7ee20e0465361b73feda0de"
"working-tree-v11-phase4","99","classic","2","Logistics: Crown Circuit","6","4","3","11","1","0","1","Normal","0","0.05","180.0","mixed","1","0","1","Classic","0;0;1;2","0;23;5;18","disabled","focus_loss","true","0","3","elimination","lab_elimination","107.751976","2155","0","0","777","765","34","39","0","7b434e119a8d6072d92700903c98b80520244d94e77677befa20bbd314e8eab9","15d0e0e320cbb7c9fac14e7dc645e84012bef8c45fcfee5995e5c121f520e818"
"working-tree-v11-phase4","99","logistics","2","Logistics: Crown Circuit","6","4","3","11","1","1","1","Normal","0","0.05","180.0","mixed","1","0","1","Classic","0;0;1;2","0;23;5;18","disabled","timeout","false","-1","-1","none","duration_cap","180.0","3600","0","0","545","706","22","67","0","7b434e119a8d6072d92700903c98b80520244d94e77677befa20bbd314e8eab9","c0e98b6f7852aa2a6e06f47007167c93befe5a4935ef8a9aace515a21bcb46dd"
"working-tree-v11-phase4","100","classic","2","Logistics: Crown Circuit","6","4","3","11","1","0","1","Normal","7","0.05","180.0","mixed","1","0","1","Classic","0;0;1;2","0;23;5;18","disabled","focus_loss","true","2","1","elimination","lab_elimination","85.2506","1705","0","0","178","291","7","11","0","c0ea46800e96ebf1ed6345af63ba9a695430152b08e0cc37ff1c3105b893a3a2","5fa98baa5359ee5128dc27ed12d06fd40664a16cb867fb2e8f8127daaef7bb61"
"working-tree-v11-phase4","100","logistics","2","Logistics: Crown Circuit","6","4","3","11","1","1","1","Normal","7","0.05","180.0","mixed","1","0","1","Classic","0;0;1;2","0;23;5;18","disabled","focus_win","true","1","0","elimination","lab_elimination","106.5519","2131","0","0","433","542","21","25","0","c0ea46800e96ebf1ed6345af63ba9a695430152b08e0cc37ff1c3105b893a3a2","e7ef8b8bc1b322ded604531ba217c9a7b785d0da5b3edfd5b277758a00eff4c3"
"working-tree-v11-phase4","101","classic","2","Logistics: Crown Circuit","6","4","3","11","1","0","1","Normal","1000","0.05","180.0","mixed","1","0","1","Classic","0;0;1;2","0;23;5;18","disabled","focus_loss","true","2","1","elimination","lab_elimination","68.7996","1376","0","0","225","314","14","3","0","e2d8595b3bf059d8c997f5d50418df202533626b25e38ae7b5fee4f838113370","bf4796446801a7c69968e4a35a830f110ed8f00e7444cbdaf0fe4baa464fb884"
"working-tree-v11-phase4","101","logistics","2","Logistics: Crown Circuit","6","4","3","11","1","1","1","Normal","1000","0.05","180.0","mixed","1","0","1","Classic","0;0;1;2","0;23;5;18","disabled","timeout","false","-1","-1","none","duration_cap","180.0","3600","0","0","331","448","14","43","0","e2d8595b3bf059d8c997f5d50418df202533626b25e38ae7b5fee4f838113370","686aededb92f4a695fea31a0d5954f6992bce728b0be2e4f558bf0a5201b31c7"
"working-tree-v11-phase4","102","classic","2","Logistics: Crown Circuit","6","4","3","11","1","0","1","Normal","0","0.05","180.0","mixed","1","1","1","Pressure","1;1;2;0","0;23;5;18","disabled","focus_loss","true","0","3","elimination","lab_elimination","120.90278","2418","0","0","1043","1162","41","43","0","7b434e119a8d6072d92700903c98b80520244d94e77677befa20bbd314e8eab9","9d9ddaf3c40bd488b3a0e04215f9d0bb267626269a77a9f79821af03a05fe943"
"working-tree-v11-phase4","102","logistics","2","Logistics: Crown Circuit","6","4","3","11","1","1","1","Normal","0","0.05","180.0","mixed","1","1","1","Pressure","1;1;2;0","0;23;5;18","disabled","focus_loss","true","0","3","elimination","lab_elimination","88.75082","1775","0","0","594","528","28","42","0","7b434e119a8d6072d92700903c98b80520244d94e77677befa20bbd314e8eab9","e586f9af72013ad95eccc747d09cefca4a55f527d8d12325ba54e63a03abae0a"
"working-tree-v11-phase4","103","classic","2","Logistics: Crown Circuit","6","4","3","11","1","0","1","Normal","7","0.05","180.0","mixed","1","1","1","Pressure","1;1;2;0","0;23;5;18","disabled","focus_loss","true","0","3","elimination","lab_elimination","103.301704","2066","0","0","839","813","34","19","0","c0ea46800e96ebf1ed6345af63ba9a695430152b08e0cc37ff1c3105b893a3a2","fb3b75690c5e06c0f722c7c1ca424fa9e6f8e75817801bba1a7aa9246304d9b3"
"working-tree-v11-phase4","103","logistics","2","Logistics: Crown Circuit","6","4","3","11","1","1","1","Normal","7","0.05","180.0","mixed","1","1","1","Pressure","1;1;2;0","0;23;5;18","disabled","focus_win","true","1","0","elimination","lab_elimination","111.30219","2226","0","0","331","487","18","7","0","c0ea46800e96ebf1ed6345af63ba9a695430152b08e0cc37ff1c3105b893a3a2","04502554e1601da7c542fae1582a706255de736fa2cc8ef9a6aa415813848e53"
"working-tree-v11-phase4","104","classic","2","Logistics: Crown Circuit","6","4","3","11","1","0","1","Normal","1000","0.05","180.0","mixed","1","1","1","Pressure","1;1;2;0","0;23;5;18","disabled","timeout","false","-1","-1","none","duration_cap","180.0","3600","0","0","129","176","6","1","0","e2d8595b3bf059d8c997f5d50418df202533626b25e38ae7b5fee4f838113370","57f0a57f2808d24be0aefe04da1737e35966aa2b444215b015d07d265f046fb4"
"working-tree-v11-phase4","104","logistics","2","Logistics: Crown Circuit","6","4","3","11","1","1","1","Normal","1000","0.05","180.0","mixed","1","1","1","Pressure","1;1;2;0","0;23;5;18","disabled","focus_loss","true","0","3","elimination","lab_elimination","76.55007","1531","0","0","588","470","21","4","0","e2d8595b3bf059d8c997f5d50418df202533626b25e38ae7b5fee4f838113370","35c3c68cf6a5e25e369fc377129280ab4206c5e458b83600ee8934ce77d3001e"
"working-tree-v11-phase4","105","classic","2","Logistics: Crown Circuit","6","4","3","11","1","0","1","Normal","0","0.05","180.0","mixed","1","2","1","Guardian","2;2;0;1","0;23;5;18","disabled","focus_loss","true","3","2","elimination","lab_elimination","161.55525","3231","0","0","63","101","5","0","0","7b434e119a8d6072d92700903c98b80520244d94e77677befa20bbd314e8eab9","f0cba52a2bac6af2d1e9597eaa7adfe4c056e0bcab42cea8572312f67bfc5fc4"
"working-tree-v11-phase4","105","logistics","2","Logistics: Crown Circuit","6","4","3","11","1","1","1","Normal","0","0.05","180.0","mixed","1","2","1","Guardian","2;2;0;1","0;23;5;18","disabled","timeout","false","-1","-1","none","duration_cap","180.0","3600","0","0","273","375","14","9","0","7b434e119a8d6072d92700903c98b80520244d94e77677befa20bbd314e8eab9","02c37aaab61ce0276c46b73884a4ca1c1443806bcf5aabaaf07529bbb18089ad"
"working-tree-v11-phase4","106","classic","2","Logistics: Crown Circuit","6","4","3","11","1","0","1","Normal","7","0.05","180.0","mixed","1","2","1","Guardian","2;2;0;1","0;23;5;18","disabled","timeout","false","-1","-1","none","duration_cap","180.0","3600","0","0","1337","1525","38","55","0","c0ea46800e96ebf1ed6345af63ba9a695430152b08e0cc37ff1c3105b893a3a2","c4dfc989725c5d37d835a7149115f474ee99002d4bdd912d44454bcb05c1abdc"
"working-tree-v11-phase4","106","logistics","2","Logistics: Crown Circuit","6","4","3","11","1","1","1","Normal","7","0.05","180.0","mixed","1","2","1","Guardian","2;2;0;1","0;23;5;18","disabled","timeout","false","-1","-1","none","duration_cap","180.0","3600","0","0","265","383","13","2","0","c0ea46800e96ebf1ed6345af63ba9a695430152b08e0cc37ff1c3105b893a3a2","65988ef48b918f68d8f639921c077c61fa48636f3c701b2ca309cee64f1ced55"
"working-tree-v11-phase4","107","classic","2","Logistics: Crown Circuit","6","4","3","11","1","0","1","Normal","1000","0.05","180.0","mixed","1","2","1","Guardian","2;2;0;1","0;23;5;18","disabled","timeout","false","-1","-1","none","duration_cap","180.0","3600","0","0","300","404","15","28","0","e2d8595b3bf059d8c997f5d50418df202533626b25e38ae7b5fee4f838113370","764b209fa4517144f6b1d51e848c4b9dce746e0552f2882773821db9c5a26462"
"working-tree-v11-phase4","107","logistics","2","Logistics: Crown Circuit","6","4","3","11","1","1","1","Normal","1000","0.05","180.0","mixed","1","2","1","Guardian","2;2;0;1","0;23;5;18","disabled","timeout","false","-1","-1","none","duration_cap","180.0","3600","0","0","217","298","9","16","0","e2d8595b3bf059d8c997f5d50418df202533626b25e38ae7b5fee4f838113370","5f5f8b37e17fc257f09ab609759e9a9db104da410ed57ea96ad10504a216d17b"
"working-tree-v11-phase4","108","classic","2","Logistics: Crown Circuit","6","4","3","11","1","0","1","Normal","0","0.05","180.0","mixed","2","0","2","Classic","2;0;0;1","0;23;5;18","disabled","focus_loss","true","0","2","elimination","lab_elimination","98.75143","1975","0","0","705","619","30","11","0","7b434e119a8d6072d92700903c98b80520244d94e77677befa20bbd314e8eab9","7a3446983387b069897d2024d2841596a5680f13b2b27dd45c43ddd2f8b4b7d3"
"working-tree-v11-phase4","108","logistics","2","Logistics: Crown Circuit","6","4","3","11","1","1","1","Normal","0","0.05","180.0","mixed","2","0","2","Classic","2;0;0;1","0;23;5;18","disabled","timeout","false","-1","-1","none","duration_cap","180.0","3600","0","0","320","443","18","20","0","7b434e119a8d6072d92700903c98b80520244d94e77677befa20bbd314e8eab9","1b430b3e01fadabaf50969e2617f6f298c3bc5d86b8cbe5c9bbb9ffb9065c7ff"
"working-tree-v11-phase4","109","classic","2","Logistics: Crown Circuit","6","4","3","11","1","0","1","Normal","7","0.05","180.0","mixed","2","0","2","Classic","2;0;0;1","0;23;5;18","disabled","timeout","false","-1","-1","none","duration_cap","180.0","3600","0","0","1301","1537","56","52","0","c0ea46800e96ebf1ed6345af63ba9a695430152b08e0cc37ff1c3105b893a3a2","44887050b8d0c90d181b018a3fb571a15ecbfd02f1d88d283692e2c408a1310f"
"working-tree-v11-phase4","109","logistics","2","Logistics: Crown Circuit","6","4","3","11","1","1","1","Normal","7","0.05","180.0","mixed","2","0","2","Classic","2;0;0;1","0;23;5;18","disabled","timeout","false","-1","-1","none","duration_cap","180.0","3600","0","0","1438","1587","33","135","0","c0ea46800e96ebf1ed6345af63ba9a695430152b08e0cc37ff1c3105b893a3a2","b6be51a2037669bbdf21c8f69f7939fd4df0742d541d33bdf6f4a166abd317b4"
"working-tree-v11-phase4","110","classic","2","Logistics: Crown Circuit","6","4","3","11","1","0","1","Normal","1000","0.05","180.0","mixed","2","0","2","Classic","2;0;0;1","0;23;5;18","disabled","timeout","false","-1","-1","none","duration_cap","180.0","3600","0","0","1415","1674","45","26","0","e2d8595b3bf059d8c997f5d50418df202533626b25e38ae7b5fee4f838113370","8e4ad5027c0dca3e57c2a12325f309e2cc539e5a44c2b9be32f3b76a1c3c17ec"
"working-tree-v11-phase4","110","logistics","2","Logistics: Crown Circuit","6","4","3","11","1","1","1","Normal","1000","0.05","180.0","mixed","2","0","2","Classic","2;0;0;1","0;23;5;18","disabled","timeout","false","-1","-1","none","duration_cap","180.0","3600","0","0","457","599","21","44","0","e2d8595b3bf059d8c997f5d50418df202533626b25e38ae7b5fee4f838113370","463b32e708bd486336e71a608428f1a85e9a08311ec128fd369ea2d64ca2501c"
"working-tree-v11-phase4","111","classic","2","Logistics: Crown Circuit","6","4","3","11","1","0","1","Normal","0","0.05","180.0","mixed","2","1","2","Pressure","0;1;1;2","0;23;5;18","disabled","focus_loss","true","1","3","elimination","lab_elimination","138.80386","2776","0","0","699","953","31","41","0","7b434e119a8d6072d92700903c98b80520244d94e77677befa20bbd314e8eab9","5b98fcb6f3faf236acf97b8390ad7aebff3a60ca060bcbf85c138065fabd5da9"
"working-tree-v11-phase4","111","logistics","2","Logistics: Crown Circuit","6","4","3","11","1","1","1","Normal","0","0.05","180.0","mixed","2","1","2","Pressure","0;1;1;2","0;23;5;18","disabled","timeout","false","-1","-1","none","duration_cap","180.0","3600","0","0","536","689","23","52","0","7b434e119a8d6072d92700903c98b80520244d94e77677befa20bbd314e8eab9","d10aad427173ef92e30c696086c4de2a1d4254aaeb57d81f42d1724cf8075ab8"
"working-tree-v11-phase4","112","classic","2","Logistics: Crown Circuit","6","4","3","11","1","0","1","Normal","7","0.05","180.0","mixed","2","1","2","Pressure","0;1;1;2","0;23;5;18","disabled","focus_win","true","2","0","elimination","lab_elimination","85.2506","1705","0","0","178","291","7","11","0","c0ea46800e96ebf1ed6345af63ba9a695430152b08e0cc37ff1c3105b893a3a2","5fa98baa5359ee5128dc27ed12d06fd40664a16cb867fb2e8f8127daaef7bb61"
"working-tree-v11-phase4","112","logistics","2","Logistics: Crown Circuit","6","4","3","11","1","1","1","Normal","7","0.05","180.0","mixed","2","1","2","Pressure","0;1;1;2","0;23;5;18","disabled","timeout","false","-1","-1","none","duration_cap","180.0","3600","0","0","227","327","10","7","0","c0ea46800e96ebf1ed6345af63ba9a695430152b08e0cc37ff1c3105b893a3a2","8df0f513e3f996d1abc96e43cde80a093e8e3f062ed4a65da0ee2a179077bb34"
"working-tree-v11-phase4","113","classic","2","Logistics: Crown Circuit","6","4","3","11","1","0","1","Normal","1000","0.05","180.0","mixed","2","1","2","Pressure","0;1;1;2","0;23;5;18","disabled","focus_win","true","2","0","elimination","lab_elimination","68.7996","1376","0","0","225","314","14","3","0","e2d8595b3bf059d8c997f5d50418df202533626b25e38ae7b5fee4f838113370","bf4796446801a7c69968e4a35a830f110ed8f00e7444cbdaf0fe4baa464fb884"
"working-tree-v11-phase4","113","logistics","2","Logistics: Crown Circuit","6","4","3","11","1","1","1","Normal","1000","0.05","180.0","mixed","2","1","2","Pressure","0;1;1;2","0;23;5;18","disabled","timeout","false","-1","-1","none","duration_cap","180.0","3600","0","0","331","448","14","43","0","e2d8595b3bf059d8c997f5d50418df202533626b25e38ae7b5fee4f838113370","686aededb92f4a695fea31a0d5954f6992bce728b0be2e4f558bf0a5201b31c7"
"working-tree-v11-phase4","114","classic","2","Logistics: Crown Circuit","6","4","3","11","1","0","1","Normal","0","0.05","180.0","mixed","2","2","2","Guardian","1;2;2;0","0;23;5;18","disabled","focus_loss","true","0","2","elimination","lab_elimination","54.599453","1092","0","0","457","346","21","6","0","7b434e119a8d6072d92700903c98b80520244d94e77677befa20bbd314e8eab9","3823cd5b4dec7a90f5d3d613bac60265437927130c0f62a9886da1b71638e893"
"working-tree-v11-phase4","114","logistics","2","Logistics: Crown Circuit","6","4","3","11","1","1","1","Normal","0","0.05","180.0","mixed","2","2","2","Guardian","1;2;2;0","0;23;5;18","disabled","timeout","false","-1","-1","none","duration_cap","180.0","3600","0","0","1285","1438","38","112","0","7b434e119a8d6072d92700903c98b80520244d94e77677befa20bbd314e8eab9","1f022916878f8b3957e973510a5da80d6382d2f38a6f93a020e64e1f878f1428"
"working-tree-v11-phase4","115","classic","2","Logistics: Crown Circuit","6","4","3","11","1","0","1","Normal","7","0.05","180.0","mixed","2","2","2","Guardian","1;2;2;0","0;23;5;18","disabled","focus_loss","true","1","3","elimination","lab_elimination","133.85356","2677","0","0","914","1121","29","37","0","c0ea46800e96ebf1ed6345af63ba9a695430152b08e0cc37ff1c3105b893a3a2","3cd73a099c58b6daa51947bbb9e4d01f4617515bdb35a6276e3d2cf0534e388d"
"working-tree-v11-phase4","115","logistics","2","Logistics: Crown Circuit","6","4","3","11","1","1","1","Normal","7","0.05","180.0","mixed","2","2","2","Guardian","1;2;2;0","0;23;5;18","disabled","timeout","false","-1","-1","none","duration_cap","180.0","3600","0","0","1272","1372","29","66","0","c0ea46800e96ebf1ed6345af63ba9a695430152b08e0cc37ff1c3105b893a3a2","1656c7455287b26a388748d078eac424b12ef612a7a3400ced98ec897bf8a6b6"
"working-tree-v11-phase4","116","classic","2","Logistics: Crown Circuit","6","4","3","11","1","0","1","Normal","1000","0.05","180.0","mixed","2","2","2","Guardian","1;2;2;0","0;23;5;18","disabled","timeout","false","-1","-1","none","duration_cap","180.0","3600","0","0","1529","1718","35","135","0","e2d8595b3bf059d8c997f5d50418df202533626b25e38ae7b5fee4f838113370","de3658684be668d6355128ad0b04bbd9c1da848a1dafe3514cd74ad2963cdc83"
"working-tree-v11-phase4","116","logistics","2","Logistics: Crown Circuit","6","4","3","11","1","1","1","Normal","1000","0.05","180.0","mixed","2","2","2","Guardian","1;2;2;0","0;23;5;18","disabled","timeout","false","-1","-1","none","duration_cap","180.0","3600","0","0","1311","1459","34","71","0","e2d8595b3bf059d8c997f5d50418df202533626b25e38ae7b5fee4f838113370","44065ecc8c858211a97b758e021e02127dcb5180549b2fd57a7dc3779cf83d3c"
"working-tree-v11-phase4","117","classic","2","Logistics: Crown Circuit","6","4","3","11","1","0","1","Normal","0","0.05","180.0","mixed","3","0","3","Classic","1;2;0;0","0;23;5;18","disabled","focus_loss","true","0","1","elimination","lab_elimination","92.001015","1840","0","0","751","725","31","8","0","7b434e119a8d6072d92700903c98b80520244d94e77677befa20bbd314e8eab9","7bcac2ac0d8e933a31a585db1ed3fc4c8dc30d4bdbc7cd21ed7acaf3ac6962ec"
"working-tree-v11-phase4","117","logistics","2","Logistics: Crown Circuit","6","4","3","11","1","1","1","Normal","0","0.05","180.0","mixed","3","0","3","Classic","1;2;0;0","0;23;5;18","disabled","focus_loss","true","0","1","elimination","lab_elimination","126.50312","2530","0","0","971","974","34","83","0","7b434e119a8d6072d92700903c98b80520244d94e77677befa20bbd314e8eab9","71fe1a1dd721945219388a32cbf29b3a136e91dde3f543a2baf7e4d2c83aa0e4"
"working-tree-v11-phase4","118","classic","2","Logistics: Crown Circuit","6","4","3","11","1","0","1","Normal","7","0.05","180.0","mixed","3","0","3","Classic","1;2;0;0","0;23;5;18","disabled","focus_loss","true","0","1","elimination","lab_elimination","82.650444","1653","0","0","724","685","27","35","0","c0ea46800e96ebf1ed6345af63ba9a695430152b08e0cc37ff1c3105b893a3a2","5dc596e2cc9820a5e3e97aeb21d5b65b0fefbccac5cc3a8d6c41e55461b00218"
"working-tree-v11-phase4","118","logistics","2","Logistics: Crown Circuit","6","4","3","11","1","1","1","Normal","7","0.05","180.0","mixed","3","0","3","Classic","1;2;0;0","0;23;5;18","disabled","focus_loss","true","0","1","elimination","lab_elimination","131.2034","2624","0","0","1044","1054","35","62","0","c0ea46800e96ebf1ed6345af63ba9a695430152b08e0cc37ff1c3105b893a3a2","356eba88c53728bae04cb104dbe09c93664eaeefc409a11713d983331095fa6e"
"working-tree-v11-phase4","119","classic","2","Logistics: Crown Circuit","6","4","3","11","1","0","1","Normal","1000","0.05","180.0","mixed","3","0","3","Classic","1;2;0;0","0;23;5;18","disabled","timeout","false","-1","-1","none","duration_cap","180.0","3600","0","0","225","302","10","35","0","e2d8595b3bf059d8c997f5d50418df202533626b25e38ae7b5fee4f838113370","a7fa4bafab5955cffc6923b220521e80ad41340adf95217648ed657cb7c86d51"
"working-tree-v11-phase4","119","logistics","2","Logistics: Crown Circuit","6","4","3","11","1","1","1","Normal","1000","0.05","180.0","mixed","3","0","3","Classic","1;2;0;0","0;23;5;18","disabled","timeout","false","-1","-1","none","duration_cap","180.0","3600","0","0","251","327","9","33","0","e2d8595b3bf059d8c997f5d50418df202533626b25e38ae7b5fee4f838113370","141f509b84dd6bd70257764e5f6e2c016581efa44787901f75a73ad3d0f8a53d"
"working-tree-v11-phase4","120","classic","2","Logistics: Crown Circuit","6","4","3","11","1","0","1","Normal","0","0.05","180.0","mixed","3","1","3","Pressure","2;0;1;1","0;23;5;18","disabled","focus_loss","true","0","1","elimination","lab_elimination","115.50245","2310","0","0","883","879","32","21","0","7b434e119a8d6072d92700903c98b80520244d94e77677befa20bbd314e8eab9","52a19a5ad01e0a5a9b2799eaaae63a2fc571d4d885a8c91a254de9a5f2dfd596"
"working-tree-v11-phase4","120","logistics","2","Logistics: Crown Circuit","6","4","3","11","1","1","1","Normal","0","0.05","180.0","mixed","3","1","3","Pressure","2;0;1;1","0;23;5;18","disabled","timeout","false","-1","-1","none","duration_cap","180.0","3600","0","0","320","443","18","20","0","7b434e119a8d6072d92700903c98b80520244d94e77677befa20bbd314e8eab9","1b430b3e01fadabaf50969e2617f6f298c3bc5d86b8cbe5c9bbb9ffb9065c7ff"
"working-tree-v11-phase4","121","classic","2","Logistics: Crown Circuit","6","4","3","11","1","0","1","Normal","7","0.05","180.0","mixed","3","1","3","Pressure","2;0;1;1","0;23;5;18","disabled","timeout","false","-1","-1","none","duration_cap","180.0","3600","0","0","1378","1546","45","19","0","c0ea46800e96ebf1ed6345af63ba9a695430152b08e0cc37ff1c3105b893a3a2","599e366774962148764af20027c83226be9a1e76b210ab44ec4d319eca1b3e55"
"working-tree-v11-phase4","121","logistics","2","Logistics: Crown Circuit","6","4","3","11","1","1","1","Normal","7","0.05","180.0","mixed","3","1","3","Pressure","2;0;1;1","0;23;5;18","disabled","timeout","false","-1","-1","none","duration_cap","180.0","3600","0","0","1438","1587","33","135","0","c0ea46800e96ebf1ed6345af63ba9a695430152b08e0cc37ff1c3105b893a3a2","b6be51a2037669bbdf21c8f69f7939fd4df0742d541d33bdf6f4a166abd317b4"
"working-tree-v11-phase4","122","classic","2","Logistics: Crown Circuit","6","4","3","11","1","0","1","Normal","1000","0.05","180.0","mixed","3","1","3","Pressure","2;0;1;1","0;23;5;18","disabled","focus_loss","true","2","3","elimination","lab_elimination","107.80198","2156","0","0","628","904","25","43","0","e2d8595b3bf059d8c997f5d50418df202533626b25e38ae7b5fee4f838113370","bd4223563d8b4b13dfb44d2473f7cdec75798a4ac990e00f0127b0e04b21253f"
"working-tree-v11-phase4","122","logistics","2","Logistics: Crown Circuit","6","4","3","11","1","1","1","Normal","1000","0.05","180.0","mixed","3","1","3","Pressure","2;0;1;1","0;23;5;18","disabled","timeout","false","-1","-1","none","duration_cap","180.0","3600","0","0","457","599","21","44","0","e2d8595b3bf059d8c997f5d50418df202533626b25e38ae7b5fee4f838113370","463b32e708bd486336e71a608428f1a85e9a08311ec128fd369ea2d64ca2501c"
"working-tree-v11-phase4","123","classic","2","Logistics: Crown Circuit","6","4","3","11","1","0","1","Normal","0","0.05","180.0","mixed","3","2","3","Guardian","0;1;2;2","0;23;5;18","disabled","focus_loss","true","2","3","elimination","lab_elimination","157.70502","3154","0","0","818","1022","37","49","0","7b434e119a8d6072d92700903c98b80520244d94e77677befa20bbd314e8eab9","50335e658e3a9d66d18f6d7e888c559c85ffb5fbde5dc8dd1538b7253ed90c02"
"working-tree-v11-phase4","123","logistics","2","Logistics: Crown Circuit","6","4","3","11","1","1","1","Normal","0","0.05","180.0","mixed","3","2","3","Guardian","0;1;2;2","0;23;5;18","disabled","focus_win","true","3","0","elimination","lab_elimination","162.50531","3250","0","0","637","834","25","42","0","7b434e119a8d6072d92700903c98b80520244d94e77677befa20bbd314e8eab9","1bc7a286111373121b01b27990d7821dc12867626626a2a64106cb864e5ba848"
"working-tree-v11-phase4","124","classic","2","Logistics: Crown Circuit","6","4","3","11","1","0","1","Normal","7","0.05","180.0","mixed","3","2","3","Guardian","0;1;2;2","0;23;5;18","disabled","focus_loss","true","2","3","elimination","lab_elimination","111.352196","2227","0","0","531","668","21","20","0","c0ea46800e96ebf1ed6345af63ba9a695430152b08e0cc37ff1c3105b893a3a2","0639ea224653078db9b09f9a97bd06a41baacaeae8fb4d8f59c1c6e8229fa5cc"
"working-tree-v11-phase4","124","logistics","2","Logistics: Crown Circuit","6","4","3","11","1","1","1","Normal","7","0.05","180.0","mixed","3","2","3","Guardian","0;1;2;2","0;23;5;18","disabled","focus_loss","true","2","3","elimination","lab_elimination","156.20493","3124","0","0","479","596","21","36","0","c0ea46800e96ebf1ed6345af63ba9a695430152b08e0cc37ff1c3105b893a3a2","5c1ac945dd50567d9e57cf6a7935db6b6bf50012b9cb06a58b084109c650bf31"
"working-tree-v11-phase4","125","classic","2","Logistics: Crown Circuit","6","4","3","11","1","0","1","Normal","1000","0.05","180.0","mixed","3","2","3","Guardian","0;1;2;2","0;23;5;18","disabled","timeout","false","-1","-1","none","duration_cap","180.0","3600","0","0","188","255","7","18","0","e2d8595b3bf059d8c997f5d50418df202533626b25e38ae7b5fee4f838113370","e30cde4111690d9f69d77ab081b59a656cdb4b7b8f9a5164a75b877ff2b0648f"
"working-tree-v11-phase4","125","logistics","2","Logistics: Crown Circuit","6","4","3","11","1","1","1","Normal","1000","0.05","180.0","mixed","3","2","3","Guardian","0;1;2;2","0;23;5;18","disabled","focus_loss","true","0","1","elimination","lab_elimination","152.25468","3045","0","0","1070","1087","43","76","0","e2d8595b3bf059d8c997f5d50418df202533626b25e38ae7b5fee4f838113370","d6563d61c048032e78eb8d45202d51bd0a548990f7d270d4bc7da341dcd68a8d"
"working-tree-v11-phase4","126","classic","2","Logistics: Crown Circuit","6","4","3","11","1","0","1","Normal","0","0.05","180.0","pressure_vs_guardians","0","0","0","Pressure","1;2;2;2","0;23;5;18","disabled","focus_loss","true","1","1","elimination","lab_elimination","105.70185","2114","0","0","280","340","14","41","0","7b434e119a8d6072d92700903c98b80520244d94e77677befa20bbd314e8eab9","c2f8316c24f94895fa08b1b6d93f0e83ee1422630d3e47eaea4988d87df3fa4a"
"working-tree-v11-phase4","126","logistics","2","Logistics: Crown Circuit","6","4","3","11","1","1","1","Normal","0","0.05","180.0","pressure_vs_guardians","0","0","0","Pressure","1;2;2;2","0;23;5;18","disabled","timeout","false","-1","-1","none","duration_cap","180.0","3600","0","0","621","805","21","41","0","7b434e119a8d6072d92700903c98b80520244d94e77677befa20bbd314e8eab9","0647afa7fd4d5377ed639ae56393dac807584af4aeb0058d5cfb6a9ad8f29113"
"working-tree-v11-phase4","127","classic","2","Logistics: Crown Circuit","6","4","3","11","1","0","1","Normal","7","0.05","180.0","pressure_vs_guardians","0","0","0","Pressure","1;2;2;2","0;23;5;18","disabled","focus_win","true","0","0","elimination","lab_elimination","70.199684","1404","0","0","571","477","23","23","0","c0ea46800e96ebf1ed6345af63ba9a695430152b08e0cc37ff1c3105b893a3a2","e159768f2027d3b5bdaf6c056e15e5471b2082cd2a6d979cac5b658e5c016af3"
"working-tree-v11-phase4","127","logistics","2","Logistics: Crown Circuit","6","4","3","11","1","1","1","Normal","7","0.05","180.0","pressure_vs_guardians","0","0","0","Pressure","1;2;2;2","0;23;5;18","disabled","focus_win","true","0","0","elimination","lab_elimination","131.75343","2635","0","0","907","898","35","57","0","c0ea46800e96ebf1ed6345af63ba9a695430152b08e0cc37ff1c3105b893a3a2","5426fc4d53b9b6990277b72a1656fdce759e337a623f3570113c3050c54dfa91"
"working-tree-v11-phase4","128","classic","2","Logistics: Crown Circuit","6","4","3","11","1","0","1","Normal","1000","0.05","180.0","pressure_vs_guardians","0","0","0","Pressure","1;2;2;2","0;23;5;18","disabled","timeout","false","-1","-1","none","duration_cap","180.0","3600","0","0","410","517","23","17","0","e2d8595b3bf059d8c997f5d50418df202533626b25e38ae7b5fee4f838113370","ebd550c7217e048a78943e542f199219e6160bbd5d3940d6421786d9508e2a3a"
"working-tree-v11-phase4","128","logistics","2","Logistics: Crown Circuit","6","4","3","11","1","1","1","Normal","1000","0.05","180.0","pressure_vs_guardians","0","0","0","Pressure","1;2;2;2","0;23;5;18","disabled","timeout","false","-1","-1","none","duration_cap","180.0","3600","0","0","1263","1464","32","140","0","e2d8595b3bf059d8c997f5d50418df202533626b25e38ae7b5fee4f838113370","ca281788e8f9af091817f4e950cc0f0e9dcb943a8f8120a9a0b3176f259b89fc"
"working-tree-v11-phase4","129","classic","2","Logistics: Crown Circuit","6","4","3","11","1","0","1","Normal","0","0.05","180.0","pressure_vs_guardians","0","1","0","Guardian","2;0;0;0","0;23;5;18","disabled","focus_win","true","0","0","elimination","lab_elimination","98.75143","1975","0","0","705","619","30","11","0","7b434e119a8d6072d92700903c98b80520244d94e77677befa20bbd314e8eab9","7a3446983387b069897d2024d2841596a5680f13b2b27dd45c43ddd2f8b4b7d3"
"working-tree-v11-phase4","129","logistics","2","Logistics: Crown Circuit","6","4","3","11","1","1","1","Normal","0","0.05","180.0","pressure_vs_guardians","0","1","0","Guardian","2;0;0;0","0;23;5;18","disabled","timeout","false","-1","-1","none","duration_cap","180.0","3600","0","0","764","952","31","73","0","7b434e119a8d6072d92700903c98b80520244d94e77677befa20bbd314e8eab9","cfb928bf38673c0f73350572399bacc0f806cd001325d6931d7aa26d46f94707"
"working-tree-v11-phase4","130","classic","2","Logistics: Crown Circuit","6","4","3","11","1","0","1","Normal","7","0.05","180.0","pressure_vs_guardians","0","1","0","Guardian","2;0;0;0","0;23;5;18","disabled","timeout","false","-1","-1","none","duration_cap","180.0","3600","0","0","1301","1537","56","52","0","c0ea46800e96ebf1ed6345af63ba9a695430152b08e0cc37ff1c3105b893a3a2","44887050b8d0c90d181b018a3fb571a15ecbfd02f1d88d283692e2c408a1310f"
"working-tree-v11-phase4","130","logistics","2","Logistics: Crown Circuit","6","4","3","11","1","1","1","Normal","7","0.05","180.0","pressure_vs_guardians","0","1","0","Guardian","2;0;0;0","0;23;5;18","disabled","timeout","false","-1","-1","none","duration_cap","180.0","3600","0","0","1438","1587","33","135","0","c0ea46800e96ebf1ed6345af63ba9a695430152b08e0cc37ff1c3105b893a3a2","b6be51a2037669bbdf21c8f69f7939fd4df0742d541d33bdf6f4a166abd317b4"
"working-tree-v11-phase4","131","classic","2","Logistics: Crown Circuit","6","4","3","11","1","0","1","Normal","1000","0.05","180.0","pressure_vs_guardians","0","1","0","Guardian","2;0;0;0","0;23;5;18","disabled","timeout","false","-1","-1","none","duration_cap","180.0","3600","0","0","1415","1674","45","26","0","e2d8595b3bf059d8c997f5d50418df202533626b25e38ae7b5fee4f838113370","8e4ad5027c0dca3e57c2a12325f309e2cc539e5a44c2b9be32f3b76a1c3c17ec"
"working-tree-v11-phase4","131","logistics","2","Logistics: Crown Circuit","6","4","3","11","1","1","1","Normal","1000","0.05","180.0","pressure_vs_guardians","0","1","0","Guardian","2;0;0;0","0;23;5;18","disabled","timeout","false","-1","-1","none","duration_cap","180.0","3600","0","0","331","453","16","26","0","e2d8595b3bf059d8c997f5d50418df202533626b25e38ae7b5fee4f838113370","8ddb39eee6b50f52d963ee6ff1eb45d14b9fa2083b13ffa0c976e0adf8288121"
"working-tree-v11-phase4","132","classic","2","Logistics: Crown Circuit","6","4","3","11","1","0","1","Normal","0","0.05","180.0","pressure_vs_guardians","0","2","0","Classic","0;1;1;1","0;23;5;18","disabled","focus_loss","true","3","3","elimination","lab_elimination","74.149925","1483","0","0","104","173","5","6","0","7b434e119a8d6072d92700903c98b80520244d94e77677befa20bbd314e8eab9","21e4d2cbdcb3a053e1d541c9f770bdd2c283d4b315f6afd6bfbda1c8f76dfb20"
"working-tree-v11-phase4","132","logistics","2","Logistics: Crown Circuit","6","4","3","11","1","1","1","Normal","0","0.05","180.0","pressure_vs_guardians","0","2","0","Classic","0;1;1;1","0;23;5;18","disabled","timeout","false","-1","-1","none","duration_cap","180.0","3600","0","0","1355","1686","34","148","0","7b434e119a8d6072d92700903c98b80520244d94e77677befa20bbd314e8eab9","52eaf8c24491e587f45a2dfa0d36246e696f570a1ccb3d4d4fa8bf86235b7e73"
"working-tree-v11-phase4","133","classic","2","Logistics: Crown Circuit","6","4","3","11","1","0","1","Normal","7","0.05","180.0","pressure_vs_guardians","0","2","0","Classic","0;1;1;1","0;23;5;18","disabled","focus_loss","true","2","2","elimination","lab_elimination","66.34945","1327","0","0","220","313","10","10","0","c0ea46800e96ebf1ed6345af63ba9a695430152b08e0cc37ff1c3105b893a3a2","3aa1acef80c2fc2ee59943bb5029e0be525b97ed49a77fd74be8f75e40e7d5d0"
"working-tree-v11-phase4","133","logistics","2","Logistics: Crown Circuit","6","4","3","11","1","1","1","Normal","7","0.05","180.0","pressure_vs_guardians","0","2","0","Classic","0;1;1;1","0;23;5;18","disabled","focus_loss","true","1","1","elimination","lab_elimination","167.50562","3350","0","0","1185","1456","32","136","0","c0ea46800e96ebf1ed6345af63ba9a695430152b08e0cc37ff1c3105b893a3a2","1941ebd4ede27c3095d2523bbb89a6e52a7e01c35c8f5ca78b0bd4cac7c70dd1"
"working-tree-v11-phase4","134","classic","2","Logistics: Crown Circuit","6","4","3","11","1","0","1","Normal","1000","0.05","180.0","pressure_vs_guardians","0","2","0","Classic","0;1;1;1","0;23;5;18","disabled","focus_loss","true","3","3","elimination","lab_elimination","112.652275","2253","0","0","296","413","13","13","0","e2d8595b3bf059d8c997f5d50418df202533626b25e38ae7b5fee4f838113370","6224c2a24d13985b0402c10f9e66e4d463fe08eb923df7f1511330379069336c"
"working-tree-v11-phase4","134","logistics","2","Logistics: Crown Circuit","6","4","3","11","1","1","1","Normal","1000","0.05","180.0","pressure_vs_guardians","0","2","0","Classic","0;1;1;1","0;23;5;18","disabled","focus_loss","true","2","2","elimination","lab_elimination","114.00236","2280","0","0","234","342","13","9","0","e2d8595b3bf059d8c997f5d50418df202533626b25e38ae7b5fee4f838113370","eb5afebd18ae10e0cc08cfd3138edd6d311353551edde6962860c0b9537e52e9"
"working-tree-v11-phase4","135","classic","2","Logistics: Crown Circuit","6","4","3","11","1","0","1","Normal","0","0.05","180.0","pressure_vs_guardians","1","0","1","Pressure","2;1;2;2","0;23;5;18","disabled","timeout","false","-1","-1","none","duration_cap","180.0","3600","0","0","1316","1406","55","73","0","7b434e119a8d6072d92700903c98b80520244d94e77677befa20bbd314e8eab9","c277cf2f721eb0f332b7bbd5ed789c61d84be2e6f696bc312a7058dff0ae989c"
"working-tree-v11-phase4","135","logistics","2","Logistics: Crown Circuit","6","4","3","11","1","1","1","Normal","0","0.05","180.0","pressure_vs_guardians","1","0","1","Pressure","2;1;2;2","0;23;5;18","disabled","focus_loss","true","0","3","elimination","lab_elimination","113.25231","2265","0","0","768","769","33","41","0","7b434e119a8d6072d92700903c98b80520244d94e77677befa20bbd314e8eab9","b6e7ff0585438b0443700a542b44c7f531f952f22eb338eec04f52f877164a52"
"working-tree-v11-phase4","136","classic","2","Logistics: Crown Circuit","6","4","3","11","1","0","1","Normal","7","0.05","180.0","pressure_vs_guardians","1","0","1","Pressure","2;1;2;2","0;23;5;18","disabled","timeout","false","-1","-1","none","duration_cap","180.0","3600","0","0","1218","1591","41","77","0","c0ea46800e96ebf1ed6345af63ba9a695430152b08e0cc37ff1c3105b893a3a2","93e2eabe11b54a39dab016eb328e0cfad0771eedb25606aaa8e6b0db1d25141b"
"working-tree-v11-phase4","136","logistics","2","Logistics: Crown Circuit","6","4","3","11","1","1","1","Normal","7","0.05","180.0","pressure_vs_guardians","1","0","1","Pressure","2;1;2;2","0;23;5;18","disabled","timeout","false","-1","-1","none","duration_cap","180.0","3600","0","0","218","305","10","20","0","c0ea46800e96ebf1ed6345af63ba9a695430152b08e0cc37ff1c3105b893a3a2","62a416b1e81ec4ee8bb87895efd48c69b8e2d05c9d2bb084513498db6b75f6e2"
"working-tree-v11-phase4","137","classic","2","Logistics: Crown Circuit","6","4","3","11","1","0","1","Normal","1000","0.05","180.0","pressure_vs_guardians","1","0","1","Pressure","2;1;2;2","0;23;5;18","disabled","focus_loss","true","3","2","elimination","lab_elimination","155.8549","3117","0","0","251","330","13","2","0","e2d8595b3bf059d8c997f5d50418df202533626b25e38ae7b5fee4f838113370","dd0fdd8baac1f6d2f667256b18ba5f6e2b565a458ecff6baa0d5ca86dfbafaac"
"working-tree-v11-phase4","137","logistics","2","Logistics: Crown Circuit","6","4","3","11","1","1","1","Normal","1000","0.05","180.0","pressure_vs_guardians","1","0","1","Pressure","2;1;2;2","0;23;5;18","disabled","focus_win","true","1","0","elimination","lab_elimination","109.25207","2185","0","0","391","533","19","15","0","e2d8595b3bf059d8c997f5d50418df202533626b25e38ae7b5fee4f838113370","677b2e23c66895085c68c4c18428002b38b50768075cd1c461483deca354f5cc"
"working-tree-v11-phase4","138","classic","2","Logistics: Crown Circuit","6","4","3","11","1","0","1","Normal","0","0.05","180.0","pressure_vs_guardians","1","1","1","Guardian","0;2;0;0","0;23;5;18","disabled","focus_loss","true","0","3","elimination","lab_elimination","102.70167","2054","0","0","737","664","35","17","0","7b434e119a8d6072d92700903c98b80520244d94e77677befa20bbd314e8eab9","cf950f5941b32621399977857748a6b230a7669322ecf2f4cf38c93779158a74"
"working-tree-v11-phase4","138","logistics","2","Logistics: Crown Circuit","6","4","3","11","1","1","1","Normal","0","0.05","180.0","pressure_vs_guardians","1","1","1","Guardian","0;2;0;0","0;23;5;18","disabled","focus_loss","true","0","3","elimination","lab_elimination","144.60422","2892","0","0","1045","1012","38","85","0","7b434e119a8d6072d92700903c98b80520244d94e77677befa20bbd314e8eab9","6b4efede66111edfbfef81e6fa5cb25c7f6ab01f6013141d203c5e6d4c22bf80"
"working-tree-v11-phase4","139","classic","2","Logistics: Crown Circuit","6","4","3","11","1","0","1","Normal","7","0.05","180.0","pressure_vs_guardians","1","1","1","Guardian","0;2;0;0","0;23;5;18","disabled","focus_loss","true","0","3","elimination","lab_elimination","118.15261","2363","0","0","870","830","33","27","0","c0ea46800e96ebf1ed6345af63ba9a695430152b08e0cc37ff1c3105b893a3a2","dcaa2154ed423a8cbe4fc5be88ac0ff0bd048b81126a8e8fc18f89f8439352a3"
"working-tree-v11-phase4","139","logistics","2","Logistics: Crown Circuit","6","4","3","11","1","1","1","Normal","7","0.05","180.0","pressure_vs_guardians","1","1","1","Guardian","0;2;0;0","0;23;5;18","disabled","focus_loss","true","0","3","elimination","lab_elimination","118.202614","2364","0","0","866","780","35","60","0","c0ea46800e96ebf1ed6345af63ba9a695430152b08e0cc37ff1c3105b893a3a2","1d1d1bd8cf303ccff732c7aea7236da923501a51889a7cf3254bc6f72c6305b7"
"working-tree-v11-phase4","140","classic","2","Logistics: Crown Circuit","6","4","3","11","1","0","1","Normal","1000","0.05","180.0","pressure_vs_guardians","1","1","1","Guardian","0;2;0;0","0;23;5;18","disabled","timeout","false","-1","-1","none","duration_cap","180.0","3600","0","0","225","302","10","35","0","e2d8595b3bf059d8c997f5d50418df202533626b25e38ae7b5fee4f838113370","a7fa4bafab5955cffc6923b220521e80ad41340adf95217648ed657cb7c86d51"
"working-tree-v11-phase4","140","logistics","2","Logistics: Crown Circuit","6","4","3","11","1","1","1","Normal","1000","0.05","180.0","pressure_vs_guardians","1","1","1","Guardian","0;2;0;0","0;23;5;18","disabled","timeout","false","-1","-1","none","duration_cap","180.0","3600","0","0","251","327","9","33","0","e2d8595b3bf059d8c997f5d50418df202533626b25e38ae7b5fee4f838113370","141f509b84dd6bd70257764e5f6e2c016581efa44787901f75a73ad3d0f8a53d"
"working-tree-v11-phase4","141","classic","2","Logistics: Crown Circuit","6","4","3","11","1","0","1","Normal","0","0.05","180.0","pressure_vs_guardians","1","2","1","Classic","1;0;1;1","0;23;5;18","disabled","focus_loss","true","3","2","elimination","lab_elimination","73.34988","1467","0","0","77","137","4","6","0","7b434e119a8d6072d92700903c98b80520244d94e77677befa20bbd314e8eab9","f2969ea553d73030f32f883464cac45d3cb30a5aaba71ffd00352c14d24dcac8"
"working-tree-v11-phase4","141","logistics","2","Logistics: Crown Circuit","6","4","3","11","1","1","1","Normal","0","0.05","180.0","pressure_vs_guardians","1","2","1","Classic","1;0;1;1","0;23;5;18","disabled","timeout","false","-1","-1","none","duration_cap","180.0","3600","0","0","1296","1631","39","89","0","7b434e119a8d6072d92700903c98b80520244d94e77677befa20bbd314e8eab9","3f1ec8ab2c1585ee04e9db2b499607ad58be09604092c4efa434a202fd9f2dd2"
"working-tree-v11-phase4","142","classic","2","Logistics: Crown Circuit","6","4","3","11","1","0","1","Normal","7","0.05","180.0","pressure_vs_guardians","1","2","1","Classic","1;0;1;1","0;23;5;18","disabled","focus_loss","true","2","1","elimination","lab_elimination","77.35012","1547","0","0","276","389","12","11","0","c0ea46800e96ebf1ed6345af63ba9a695430152b08e0cc37ff1c3105b893a3a2","ad4b7db08c17008620fd3bd180dad5676bb36e1cc25f6246c8ab8c55f479a333"
"working-tree-v11-phase4","142","logistics","2","Logistics: Crown Circuit","6","4","3","11","1","1","1","Normal","7","0.05","180.0","pressure_vs_guardians","1","2","1","Classic","1;0;1;1","0;23;5;18","disabled","timeout","false","-1","-1","none","duration_cap","180.0","3600","0","0","1427","1620","44","105","0","c0ea46800e96ebf1ed6345af63ba9a695430152b08e0cc37ff1c3105b893a3a2","a4ba4d59ce2bea9a9003eec1e7740786e8404cae939482dfb055bf52e67e6b72"
"working-tree-v11-phase4","143","classic","2","Logistics: Crown Circuit","6","4","3","11","1","0","1","Normal","1000","0.05","180.0","pressure_vs_guardians","1","2","1","Classic","1;0;1;1","0;23;5;18","disabled","focus_loss","true","3","2","elimination","lab_elimination","112.652275","2253","0","0","296","413","13","13","0","e2d8595b3bf059d8c997f5d50418df202533626b25e38ae7b5fee4f838113370","6224c2a24d13985b0402c10f9e66e4d463fe08eb923df7f1511330379069336c"
"working-tree-v11-phase4","143","logistics","2","Logistics: Crown Circuit","6","4","3","11","1","1","1","Normal","1000","0.05","180.0","pressure_vs_guardians","1","2","1","Classic","1;0;1;1","0;23;5;18","disabled","focus_loss","true","2","1","elimination","lab_elimination","114.00236","2280","0","0","234","342","13","9","0","e2d8595b3bf059d8c997f5d50418df202533626b25e38ae7b5fee4f838113370","eb5afebd18ae10e0cc08cfd3138edd6d311353551edde6962860c0b9537e52e9"
"working-tree-v11-phase4","144","classic","2","Logistics: Crown Circuit","6","4","3","11","1","0","1","Normal","0","0.05","180.0","pressure_vs_guardians","2","0","2","Pressure","2;2;1;2","0;23;5;18","disabled","timeout","false","-1","-1","none","duration_cap","180.0","3600","0","0","195","276","14","5","0","7b434e119a8d6072d92700903c98b80520244d94e77677befa20bbd314e8eab9","2db889f5440b3a388869d038548b3d381d51884982e124bc1ef12c469a2cc05f"
"working-tree-v11-phase4","144","logistics","2","Logistics: Crown Circuit","6","4","3","11","1","1","1","Normal","0","0.05","180.0","pressure_vs_guardians","2","0","2","Pressure","2;2;1;2","0;23;5;18","disabled","timeout","false","-1","-1","none","duration_cap","180.0","3600","0","0","1355","1508","38","104","0","7b434e119a8d6072d92700903c98b80520244d94e77677befa20bbd314e8eab9","39ed7b12fb40a5d86858fccf6d47ef4e45fc81efa2fb38fdf1fce55873dc48e9"
"working-tree-v11-phase4","145","classic","2","Logistics: Crown Circuit","6","4","3","11","1","0","1","Normal","7","0.05","180.0","pressure_vs_guardians","2","0","2","Pressure","2;2;1;2","0;23;5;18","disabled","focus_loss","true","3","1","elimination","lab_elimination","153.00473","3060","0","0","197","259","13","3","0","c0ea46800e96ebf1ed6345af63ba9a695430152b08e0cc37ff1c3105b893a3a2","515450897dfef73d4cf79d3665e47e27e9366b3a8646d597760af774d6845588"
"working-tree-v11-phase4","145","logistics","2","Logistics: Crown Circuit","6","4","3","11","1","1","1","Normal","7","0.05","180.0","pressure_vs_guardians","2","0","2","Pressure","2;2;1;2","0;23;5;18","disabled","focus_loss","true","1","3","elimination","lab_elimination","146.85435","2937","0","0","811","1082","24","55","0","c0ea46800e96ebf1ed6345af63ba9a695430152b08e0cc37ff1c3105b893a3a2","f089f7bf47c37bab29b485a63099db90c3aff5fa7f87a3e5aeff9bfae793242a"
"working-tree-v11-phase4","146","classic","2","Logistics: Crown Circuit","6","4","3","11","1","0","1","Normal","1000","0.05","180.0","pressure_vs_guardians","2","0","2","Pressure","2;2;1;2","0;23;5;18","disabled","focus_win","true","2","0","elimination","lab_elimination","99.15145","1983","0","0","340","472","24","10","0","e2d8595b3bf059d8c997f5d50418df202533626b25e38ae7b5fee4f838113370","dcae6ab6e32284930a159dcf8f4ae16da2228504480492fb238d98a6d9f70260"
"working-tree-v11-phase4","146","logistics","2","Logistics: Crown Circuit","6","4","3","11","1","1","1","Normal","1000","0.05","180.0","pressure_vs_guardians","2","0","2","Pressure","2;2;1;2","0;23;5;18","disabled","timeout","false","-1","-1","none","duration_cap","180.0","3600","0","0","320","440","15","22","0","e2d8595b3bf059d8c997f5d50418df202533626b25e38ae7b5fee4f838113370","7469b1d6fa3a84c94c07772f10c6658fa61d4b779a6a59d83508f7d53dc07ca6"
"working-tree-v11-phase4","147","classic","2","Logistics: Crown Circuit","6","4","3","11","1","0","1","Normal","0","0.05","180.0","pressure_vs_guardians","2","1","2","Guardian","0;0;2;0","0;23;5;18","disabled","timeout","false","-1","-1","none","duration_cap","180.0","3600","0","0","256","330","12","23","0","7b434e119a8d6072d92700903c98b80520244d94e77677befa20bbd314e8eab9","042ef3dc88393617a8b90d6fc48d340de943dedff01e50fd1b670909af1546c6"
"working-tree-v11-phase4","147","logistics","2","Logistics: Crown Circuit","6","4","3","11","1","1","1","Normal","0","0.05","180.0","pressure_vs_guardians","2","1","2","Guardian","0;0;2;0","0;23;5;18","disabled","focus_loss","true","0","2","elimination","lab_elimination","120.55276","2411","0","0","864","784","37","41","0","7b434e119a8d6072d92700903c98b80520244d94e77677befa20bbd314e8eab9","bbe04328045b59ddade37d4945590e7bba7db7eb33768c40cfead7570973524f"
"working-tree-v11-phase4","148","classic","2","Logistics: Crown Circuit","6","4","3","11","1","0","1","Normal","7","0.05","180.0","pressure_vs_guardians","2","1","2","Guardian","0;0;2;0","0;23;5;18","disabled","focus_loss","true","0","2","elimination","lab_elimination","161.80527","3236","0","0","1138","1155","54","20","0","c0ea46800e96ebf1ed6345af63ba9a695430152b08e0cc37ff1c3105b893a3a2","910e059c8a91e4aca02367c6664b148ae32c606099cbeaf4904a83624adb3a2c"
"working-tree-v11-phase4","148","logistics","2","Logistics: Crown Circuit","6","4","3","11","1","1","1","Normal","7","0.05","180.0","pressure_vs_guardians","2","1","2","Guardian","0;0;2;0","0;23;5;18","disabled","focus_loss","true","1","3","elimination","lab_elimination","140.20395","2804","0","0","638","781","29","44","0","c0ea46800e96ebf1ed6345af63ba9a695430152b08e0cc37ff1c3105b893a3a2","f85e3cf0e402425dcbf2524df20f84fd2002c2c7367ebfcc78ceeacf904b0827"
"working-tree-v11-phase4","149","classic","2","Logistics: Crown Circuit","6","4","3","11","1","0","1","Normal","1000","0.05","180.0","pressure_vs_guardians","2","1","2","Guardian","0;0;2;0","0;23;5;18","disabled","focus_loss","true","1","3","elimination","lab_elimination","120.65276","2413","0","0","340","413","17","14","0","e2d8595b3bf059d8c997f5d50418df202533626b25e38ae7b5fee4f838113370","d6effc6636c52c9bbd31958c2153882dacb032e316130881ee6159fb7ee17d3f"
"working-tree-v11-phase4","149","logistics","2","Logistics: Crown Circuit","6","4","3","11","1","1","1","Normal","1000","0.05","180.0","pressure_vs_guardians","2","1","2","Guardian","0;0;2;0","0;23;5;18","disabled","timeout","false","-1","-1","none","duration_cap","180.0","3600","0","0","1438","1488","39","79","0","e2d8595b3bf059d8c997f5d50418df202533626b25e38ae7b5fee4f838113370","2b40b7f55708ff22c0d73eac3ccb0e28200d2d6e945d021f133be542844ce69c"
"working-tree-v11-phase4","150","classic","2","Logistics: Crown Circuit","6","4","3","11","1","0","1","Normal","0","0.05","180.0","pressure_vs_guardians","2","2","2","Classic","1;1;0;1","0;23;5;18","disabled","focus_loss","true","3","1","elimination","lab_elimination","62.449333","1249","0","0","62","104","3","6","0","7b434e119a8d6072d92700903c98b80520244d94e77677befa20bbd314e8eab9","4f54152fed8000251329309a29d88948360b8bcd143750b23215fb863e806b73"
"working-tree-v11-phase4","150","logistics","2","Logistics: Crown Circuit","6","4","3","11","1","1","1","Normal","0","0.05","180.0","pressure_vs_guardians","2","2","2","Classic","1;1;0;1","0;23;5;18","disabled","timeout","false","-1","-1","none","duration_cap","180.0","3600","0","0","1564","1688","44","115","0","7b434e119a8d6072d92700903c98b80520244d94e77677befa20bbd314e8eab9","56ed6641998fd75d1d6cae9734e7b78c2476ed29caf76cd4effe19f7d1dedf08"
"working-tree-v11-phase4","151","classic","2","Logistics: Crown Circuit","6","4","3","11","1","0","1","Normal","7","0.05","180.0","pressure_vs_guardians","2","2","2","Classic","1;1;0;1","0;23;5;18","disabled","focus_loss","true","3","1","elimination","lab_elimination","85.600624","1712","0","0","114","170","5","6","0","c0ea46800e96ebf1ed6345af63ba9a695430152b08e0cc37ff1c3105b893a3a2","50305e189da875361776347baab3d13513202b0ecf5062104ba37a9256b76d37"
"working-tree-v11-phase4","151","logistics","2","Logistics: Crown Circuit","6","4","3","11","1","1","1","Normal","7","0.05","180.0","pressure_vs_guardians","2","2","2","Classic","1;1;0;1","0;23;5;18","disabled","timeout","false","-1","-1","none","duration_cap","180.0","3600","0","0","1211","1632","34","135","0","c0ea46800e96ebf1ed6345af63ba9a695430152b08e0cc37ff1c3105b893a3a2","2ff36b83477b3bb20e9126d8ecaa2417d1b6bee8c6cabdf5b2fd793d6c5f38a3"
"working-tree-v11-phase4","152","classic","2","Logistics: Crown Circuit","6","4","3","11","1","0","1","Normal","1000","0.05","180.0","pressure_vs_guardians","2","2","2","Classic","1;1;0;1","0;23;5;18","disabled","focus_loss","true","3","1","elimination","lab_elimination","74.299934","1486","0","0","124","202","8","5","0","e2d8595b3bf059d8c997f5d50418df202533626b25e38ae7b5fee4f838113370","55f6a911e844b8f81efbe648ac4b394df914144d303f1c5235883c800574ef83"
"working-tree-v11-phase4","152","logistics","2","Logistics: Crown Circuit","6","4","3","11","1","1","1","Normal","1000","0.05","180.0","pressure_vs_guardians","2","2","2","Classic","1;1;0;1","0;23;5;18","disabled","timeout","false","-1","-1","none","duration_cap","180.0","3600","0","0","1461","1597","42","75","0","e2d8595b3bf059d8c997f5d50418df202533626b25e38ae7b5fee4f838113370","e908bf727d6ee939454b06063619b88fec1485db9450425f1d702742c4733a5a"
"working-tree-v11-phase4","153","classic","2","Logistics: Crown Circuit","6","4","3","11","1","0","1","Normal","0","0.05","180.0","pressure_vs_guardians","3","0","3","Pressure","2;2;2;1","0;23;5;18","disabled","focus_win","true","3","0","elimination","lab_elimination","104.301765","2086","0","0","209","321","10","16","0","7b434e119a8d6072d92700903c98b80520244d94e77677befa20bbd314e8eab9","a0c1db4c7646c3521b5cffd5f604b600bc067780ae1e4c19cabb9a8798dcb0f4"
"working-tree-v11-phase4","153","logistics","2","Logistics: Crown Circuit","6","4","3","11","1","1","1","Normal","0","0.05","180.0","pressure_vs_guardians","3","0","3","Pressure","2;2;2;1","0;23;5;18","disabled","timeout","false","-1","-1","none","duration_cap","180.0","3600","0","0","206","292","10","11","0","7b434e119a8d6072d92700903c98b80520244d94e77677befa20bbd314e8eab9","4424a5e576fde86a61053c4df8b88ef3a52c873c796505acbaaead0c14667f50"
"working-tree-v11-phase4","154","classic","2","Logistics: Crown Circuit","6","4","3","11","1","0","1","Normal","7","0.05","180.0","pressure_vs_guardians","3","0","3","Pressure","2;2;2;1","0;23;5;18","disabled","timeout","false","-1","-1","none","duration_cap","180.0","3600","0","0","1211","1463","44","49","0","c0ea46800e96ebf1ed6345af63ba9a695430152b08e0cc37ff1c3105b893a3a2","19494d532b48ce923e4e46d6b1e99f347df1992a9804d2cd5c49197137876394"
"working-tree-v11-phase4","154","logistics","2","Logistics: Crown Circuit","6","4","3","11","1","1","1","Normal","7","0.05","180.0","pressure_vs_guardians","3","0","3","Pressure","2;2;2;1","0;23;5;18","disabled","timeout","false","-1","-1","none","duration_cap","180.0","3600","0","0","1210","1263","34","85","0","c0ea46800e96ebf1ed6345af63ba9a695430152b08e0cc37ff1c3105b893a3a2","318d74657bef01179ba5a29025cb37606f3d42cc70031a250d0bee178b1dbdb2"
"working-tree-v11-phase4","155","classic","2","Logistics: Crown Circuit","6","4","3","11","1","0","1","Normal","1000","0.05","180.0","pressure_vs_guardians","3","0","3","Pressure","2;2;2;1","0;23;5;18","disabled","focus_loss","true","0","1","elimination","lab_elimination","91.500984","1830","0","0","608","509","26","32","0","e2d8595b3bf059d8c997f5d50418df202533626b25e38ae7b5fee4f838113370","1be4f3c3c0e65c17656023aba0fd6818987b680c2528f883c4383b65bee32f16"
"working-tree-v11-phase4","155","logistics","2","Logistics: Crown Circuit","6","4","3","11","1","1","1","Normal","1000","0.05","180.0","pressure_vs_guardians","3","0","3","Pressure","2;2;2;1","0;23;5;18","disabled","timeout","false","-1","-1","none","duration_cap","180.0","3600","0","0","175","240","9","9","0","e2d8595b3bf059d8c997f5d50418df202533626b25e38ae7b5fee4f838113370","28fccaa2cde1c0db54719c1c2fa1f7d1f6b57fc3010e556b1a54fbca013d6ca7"
"working-tree-v11-phase4","156","classic","2","Logistics: Crown Circuit","6","4","3","11","1","0","1","Normal","0","0.05","180.0","pressure_vs_guardians","3","1","3","Guardian","0;0;0;2","0;23;5;18","disabled","timeout","false","-1","-1","none","duration_cap","180.0","3600","0","0","1389","1589","40","12","0","7b434e119a8d6072d92700903c98b80520244d94e77677befa20bbd314e8eab9","62121dff033ee13ef968d8e811ea558b292a4e154b0a43f57c5a0991e0d338e0"
"working-tree-v11-phase4","156","logistics","2","Logistics: Crown Circuit","6","4","3","11","1","1","1","Normal","0","0.05","180.0","pressure_vs_guardians","3","1","3","Guardian","0;0;0;2","0;23;5;18","disabled","timeout","false","-1","-1","none","duration_cap","180.0","3600","0","0","545","706","22","67","0","7b434e119a8d6072d92700903c98b80520244d94e77677befa20bbd314e8eab9","c0e98b6f7852aa2a6e06f47007167c93befe5a4935ef8a9aace515a21bcb46dd"
"working-tree-v11-phase4","157","classic","2","Logistics: Crown Circuit","6","4","3","11","1","0","1","Normal","7","0.05","180.0","pressure_vs_guardians","3","1","3","Guardian","0;0;0;2","0;23;5;18","disabled","focus_loss","true","2","3","elimination","lab_elimination","128.70325","2574","0","0","483","605","30","24","0","c0ea46800e96ebf1ed6345af63ba9a695430152b08e0cc37ff1c3105b893a3a2","fb927268d26865541a9c68435ecc33a12827f94b9733a87407ec955a17ca844c"
"working-tree-v11-phase4","157","logistics","2","Logistics: Crown Circuit","6","4","3","11","1","1","1","Normal","7","0.05","180.0","pressure_vs_guardians","3","1","3","Guardian","0;0;0;2","0;23;5;18","disabled","focus_loss","true","1","2","elimination","lab_elimination","106.5519","2131","0","0","433","542","21","25","0","c0ea46800e96ebf1ed6345af63ba9a695430152b08e0cc37ff1c3105b893a3a2","e7ef8b8bc1b322ded604531ba217c9a7b785d0da5b3edfd5b277758a00eff4c3"
"working-tree-v11-phase4","158","classic","2","Logistics: Crown Circuit","6","4","3","11","1","0","1","Normal","1000","0.05","180.0","pressure_vs_guardians","3","1","3","Guardian","0;0;0;2","0;23;5;18","disabled","timeout","false","-1","-1","none","duration_cap","180.0","3600","0","0","397","492","19","17","0","e2d8595b3bf059d8c997f5d50418df202533626b25e38ae7b5fee4f838113370","666d563423c443cb486910af736b1d5ea62f20eff107ef8c46d3b1bdad9ecce5"
"working-tree-v11-phase4","158","logistics","2","Logistics: Crown Circuit","6","4","3","11","1","1","1","Normal","1000","0.05","180.0","pressure_vs_guardians","3","1","3","Guardian","0;0;0;2","0;23;5;18","disabled","focus_loss","true","2","3","elimination","lab_elimination","159.90515","3198","0","0","842","1065","31","36","0","e2d8595b3bf059d8c997f5d50418df202533626b25e38ae7b5fee4f838113370","5d31733003a54fadc99fb60c4b7ece7aefa401a1d11b9f07cdea354cee6ccca8"
"working-tree-v11-phase4","159","classic","2","Logistics: Crown Circuit","6","4","3","11","1","0","1","Normal","0","0.05","180.0","pressure_vs_guardians","3","2","3","Classic","1;1;1;0","0;23;5;18","disabled","timeout","false","-1","-1","none","duration_cap","180.0","3600","0","0","384","501","11","42","0","7b434e119a8d6072d92700903c98b80520244d94e77677befa20bbd314e8eab9","38e797da68448576973276a1b99ec8ccddbd1eaae64463c77900cf5284e0e677"
"working-tree-v11-phase4","159","logistics","2","Logistics: Crown Circuit","6","4","3","11","1","1","1","Normal","0","0.05","180.0","pressure_vs_guardians","3","2","3","Classic","1;1;1;0","0;23;5;18","disabled","timeout","false","-1","-1","none","duration_cap","180.0","3600","0","0","1296","1631","39","89","0","7b434e119a8d6072d92700903c98b80520244d94e77677befa20bbd314e8eab9","3f1ec8ab2c1585ee04e9db2b499607ad58be09604092c4efa434a202fd9f2dd2"
"working-tree-v11-phase4","160","classic","2","Logistics: Crown Circuit","6","4","3","11","1","0","1","Normal","7","0.05","180.0","pressure_vs_guardians","3","2","3","Classic","1;1;1;0","0;23;5;18","disabled","focus_loss","true","0","1","elimination","lab_elimination","98.251396","1965","0","0","832","860","40","25","0","c0ea46800e96ebf1ed6345af63ba9a695430152b08e0cc37ff1c3105b893a3a2","e7a97bffad4d1e92385e435d14433375eb74b9e084d5e9fe1a6edaee31f9078d"
"working-tree-v11-phase4","160","logistics","2","Logistics: Crown Circuit","6","4","3","11","1","1","1","Normal","7","0.05","180.0","pressure_vs_guardians","3","2","3","Classic","1;1;1;0","0;23;5;18","disabled","timeout","false","-1","-1","none","duration_cap","180.0","3600","0","0","1211","1632","34","135","0","c0ea46800e96ebf1ed6345af63ba9a695430152b08e0cc37ff1c3105b893a3a2","2ff36b83477b3bb20e9126d8ecaa2417d1b6bee8c6cabdf5b2fd793d6c5f38a3"
"working-tree-v11-phase4","161","classic","2","Logistics: Crown Circuit","6","4","3","11","1","0","1","Normal","1000","0.05","180.0","pressure_vs_guardians","3","2","3","Classic","1;1;1;0","0;23;5;18","disabled","timeout","false","-1","-1","none","duration_cap","180.0","3600","0","0","171","225","8","12","0","e2d8595b3bf059d8c997f5d50418df202533626b25e38ae7b5fee4f838113370","5bdfc53d9184a9fb024f62a50556d3db690518899169465eeae07aced00a9bf7"
"working-tree-v11-phase4","161","logistics","2","Logistics: Crown Circuit","6","4","3","11","1","1","1","Normal","1000","0.05","180.0","pressure_vs_guardians","3","2","3","Classic","1;1;1;0","0;23;5;18","disabled","timeout","false","-1","-1","none","duration_cap","180.0","3600","0","0","261","392","13","17","0","e2d8595b3bf059d8c997f5d50418df202533626b25e38ae7b5fee4f838113370","6c7f823daec6e03658ead2793e529f21da58fac43536fb697489caa675900ce0"
